OrderID,CustomerID,OrderDate,Category,Product,Region,PaymentMethod,Quantity,UnitPrice,DiscountPct,NetSales
ORD106152,CUST01162,2024-07-13,Fashion,Cotton T-Shirt,North,Credit Card,1,2115.3,10,1903.77
ORD104282,CUST00565,2023-10-07,Sports,Cricket Bat,Central,Credit Card,1,1853.88,20,1483.1
ORD108037,CUST00117,2024-03-19,Sports,Dumbbell Set,South,Credit Card,4,1102.71,30,3087.59
ORD100421,CUST00194,2023-11-19,Electronics,Wireless Earbuds,Central,Credit Card,1,2925.95,5,2779.65
ORD107914,CUST00033,2024-09-30,electronics,Power Bank,South,Debit Card,1,1541.56,0,1541.56
ORD108555,CUST01080,2024-11-17,Electronics,Bluetooth Speaker,South,Credit Card,1,2417.92,0,2417.92
ORD102805,CUST00165,2024-01-08,Home & Kitchen,Non-stick Pan,North,UPI,2,373.92,10,673.06
ORD105588,CUST00191,2024-06-27,Home & Kitchen,Cushion Cover,Central,UPI,1,1586.41,5,1507.09
ORD104896,CUST00718,2024-04-29,Electronics,Power Bank,West,UPI,1,4104.36,0,4104.36
ORD103687,CUST00599,2024-03-07,Home & Kitchen,LED Lamp,West,Net Banking,1,1875.28,0,1875.28
ORD107642,CUST00560,2024-08-02,Electronics,Wireless Earbuds,South,Credit Card,2,3141.45,0,6282.9
ORD104249,CUST00471,2024-03-25,Fashion,Sunglasses,North,Debit Card,2,1353.49,0,2706.98
ORD103080,CUST00816,2024-08-25,Sports,Cricket Bat,South,Net Banking,2,2002.51,0,4005.02
ORD108715,CUST00608,2023-06-08,Home & Kitchen,LED Lamp,West,Debit Card,2,990.8,0,1981.6
ORD102535,CUST01182,2024-08-03,Fashion,Leather Wallet,East,Credit Card,1,1745.28,30,1221.7
ORD104907,CUST00295,2024-07-24,Sports,Resistance Bands,West,Credit Card,1,1576.26,30,1103.38
ORD108478,CUST01134,2024-11-24,Sports,Resistance Bands,Central,UPI,2,260.21,0,520.42
ORD107998,CUST00855,2024-04-04,Electronics,Bluetooth Speaker,East,UPI,1,4182.23,20,3345.78
ORD101235,CUST00026,2023-10-26,Electronics,Laptop Sleeve,South,UPI,2,3229.63,0,6459.26
ORD104006,CUST00455,2024-11-29,Home & Kitchen,Water Bottle,Central,UPI,1,1160.78,5,1102.74
ORD105060,CUST00596,2023-12-17,Books,Kids Storybook,West,Credit Card,3,730.21,15,1862.04
ORD107613,CUST00812,2024-08-11,Electronics,Wireless Earbuds,North,Credit Card,1,1560.49,0,1560.49
ORD105676,CUST00308,2023-03-26,Electronics,Laptop Sleeve,North,Credit Card,1,1436.53,0,1436.53
ORD103671,CUST00063,2024-06-01,fashion,Leather Wallet,West,Credit Card,1,1115.84,0,1115.84
ORD106931,CUST00623,2023-05-24,home & kitchen,LED Lamp,West,Cash on Delivery,2,1562.9,0,3125.8
ORD108437,CUST00446,2024-04-04,Electronics,Laptop Sleeve,East,UPI,4,3598.58,10,12954.89
ORD100835,CUST00420,2024-09-05,Home & Kitchen,LED Lamp,Central,Net Banking,1,1232.58,10,1109.32
ORD104042,CUST01145,2024-11-19,Fashion,Denim Jacket,South,UPI,1,2497.98,0,2497.98
ORD102431,CUST00882,2023-09-01,Fashion,Leather Wallet,South,Debit Card,3,1244.07,30,2612.55
ORD101268,CUST00252,2024-04-25,Fashion,Denim Jacket,West,Cash on Delivery,2,1695.77,0,3391.54
ORD103929,CUST00680,2024-11-07,Electronics,Laptop Sleeve,South,Net Banking,1,2666.65,30,1866.66
ORD101617,CUST00375,2023-09-29,Books,Cookbook,South,UPI,2,316.08,30,442.51
ORD104188,CUST00592,2024-07-08,Beauty,Lip Balm Set,West,Credit Card,1,1159.12,0,1159.12
ORD100491,CUST01116,2023-12-22,Home & Kitchen,Cushion Cover,Central,UPI,1,351.87,10,316.68
ORD105778,CUST00161,2024-12-09,Home & Kitchen,LED Lamp,North,Net Banking,1,279.0,0,279.0
ORD101167,CUST00333,2024-04-04,Beauty,Lip Balm Set,West,Net Banking,1,938.04,20,750.43
ORD100830,CUST00128,2024-03-03,Fashion,Sunglasses,West,UPI,1,1290.58,0,1290.58
ORD108402,CUST00161,2024-11-14,Electronics,Power Bank,West,Debit Card,2,3325.52,0,6651.04
ORD100723,CUST00892,2024-10-17,Fashion,Cotton T-Shirt,Central,Net Banking,1,1831.69,0,1831.69
ORD100924,CUST00592,2024-08-31,Electronics,Smartwatch,West,UPI,1,1650.86,10,1485.77
ORD106307,CUST00541,2023-01-23,Electronics,Wireless Earbuds,East,UPI,1,1741.58,5,1654.5
ORD106367,CUST01182,2023-05-19,Fashion,Sunglasses,North,UPI,2,2250.63,5,4276.2
ORD106901,CUST00484,2024-10-30,Electronics,Bluetooth Speaker,North,Debit Card,1,1992.85,30,1395.0
ORD108134,CUST01065,2024-02-04,Fashion,Denim Jacket,North,Debit Card,1,881.27,0,881.27
ORD106709,CUST00264,2023-01-21,Fashion,Sunglasses,East,Debit Card,1,1174.18,5,1115.47
ORD108998,CUST00373,2024-08-08,Home & Kitchen,Non-stick Pan,Central,Debit Card,1,1781.64,10,1603.48
ORD106923,CUST00046,2024-10-09,Electronics,Bluetooth Speaker,West,,2,2400.45,0,4800.9
ORD104444,CUST00311,2024-11-15,Home & Kitchen,Non-stick Pan,East,Debit Card,1,1398.77,0,1398.77
ORD100015,CUST00824,2023-12-14,Electronics,Wireless Earbuds,East,Credit Card,1,845.89,0,845.89
ORD104579,CUST00270,2024-03-29,Electronics,Smartwatch,North,Credit Card,1,1729.85,0,1729.85
ORD105886,CUST01018,2024-08-30,Fashion,Sunglasses,West,UPI,1,1702.76,0,1702.76
ORD104705,CUST00872,2024-06-29,Sports,Dumbbell Set,North,UPI,1,1415.11,0,1415.11
ORD105031,CUST00021,2023-12-26,Fashion,Denim Jacket,West,UPI,1,596.12,10,536.51
ORD104321,CUST00245,2024-04-30,Home & Kitchen,Cushion Cover,North,Credit Card,1,1808.35,0,1808.35
ORD104721,CUST00361,2024-07-02,Fashion,Running Shoes,North,Net Banking,2,2240.63,0,4481.26
ORD103999,CUST00237,2024-08-11,Home & Kitchen,Water Bottle,South,Debit Card,1,1172.52,10,1055.27
ORD106408,CUST00945,2023-09-29,Home & Kitchen,Water Bottle,East,UPI,1,1870.5,0,1870.5
ORD106689,CUST00589,2024-04-29,Sports,Cricket Bat,East,Cash on Delivery,1,1565.84,0,1565.84
ORD102143,CUST00033,2024-04-19,Beauty,Face Serum,Central,Credit Card,1,800.81,5,760.77
ORD104056,CUST00575,2023-10-16,Home & Kitchen,Storage Organizer,Central,Cash on Delivery,2,608.42,5,1156.0
ORD100194,CUST00375,2023-12-30,Fashion,Cotton T-Shirt,Central,Debit Card,2,1268.13,20,2029.01
ORD105449,CUST01190,2024-06-22,Electronics,Power Bank,,Debit Card,1,3550.28,20,2840.22
ORD108845,CUST00927,2024-05-29,Fashion,Running Shoes,South,Credit Card,2,642.19,0,1284.38
ORD105790,CUST01189,2024-03-22,Fashion,Denim Jacket,North,UPI,2,411.83,15,700.11
ORD100374,CUST00274,2024-11-06,Electronics,Smartwatch,North,Cash on Delivery,3,2000.02,15,5100.05
ORD106094,CUST01094,2024-10-17,Sports,Yoga Mat,West,Cash on Delivery,1,1050.83,20,840.66
ORD104442,CUST00457,2024-04-29,Fashion,Denim Jacket,North,Net Banking,1,1564.95,10,1408.46
ORD106558,CUST01116,2023-05-25,Home & Kitchen,LED Lamp,North,Credit Card,1,1225.39,0,1225.39
ORD108641,CUST00005,2023-05-16,Beauty,Face Serum,East,UPI,1,359.46,0,359.46
ORD104164,CUST00549,2024-04-28,Sports,Cricket Bat,West,Credit Card,1,1673.77,0,1673.77
ORD103016,CUST00114,2023-05-08,Home & Kitchen,Non-stick Pan,Central,Debit Card,1,218.43,0,218.43
ORD104179,CUST00988,2023-11-07,Sports,Resistance Bands,West,UPI,1,1312.48,5,-1246.86
ORD102953,CUST01176,2024-11-01,Books,Cookbook,North,Debit Card,1,177.06,5,168.21
ORD104856,CUST00807,2024-04-13,Fashion,Leather Wallet,Central,UPI,3,2353.32,5,6706.96
ORD103019,CUST00678,2024-10-19,Electronics,Bluetooth Speaker,East,UPI,1,4150.85,0,4150.85
ORD106698,CUST00081,2024-05-20,Beauty,Sunscreen SPF50,West,Credit Card,1,1382.65,0,1382.65
ORD105357,CUST00028,2024-07-09,Books,Self-Help Book,West,Credit Card,2,789.41,0,1578.82
ORD100305,CUST00447,2023-05-19,Electronics,Power Bank,Central,Credit Card,1,2698.02,15,2293.32
ORD106578,CUST00338,2024-07-13,Home & Kitchen,Water Bottle,West,Credit Card,1,869.87,0,869.87
ORD102466,CUST01054,2024-08-07,Sports,Cricket Bat,North,UPI,1,2029.42,10,1826.48
ORD103612,CUST01182,2023-06-27,Beauty,Sunscreen SPF50,Central,Debit Card,1,553.23,5,525.57
ORD105026,CUST01084,2024-08-10,Fashion,Running Shoes,West,UPI,2,1394.3,30,1952.02
ORD106421,CUST00017,2024-12-30,Beauty,Lip Balm Set,North,UPI,2,1121.67,0,2243.34
ORD106281,CUST00137,2024-07-29,Home & Kitchen,Storage Organizer,North,UPI,1,1288.43,0,1288.43
ORD108166,CUST00972,2024-03-23,Fashion,Sunglasses,West,UPI,1,767.28,0,767.28
ORD104594,CUST00384,2023-09-25,Home & Kitchen,Non-stick Pan,West,Credit Card,1,465.08,0,465.08
ORD102473,CUST00230,2023-07-22,Electronics,Bluetooth Speaker,North,UPI,1,4476.43,10,4028.79
ORD104556,CUST00289,2023-07-28,Fashion,Cotton T-Shirt,West,Debit Card,1,1141.25,10,1027.12
ORD100488,CUST00591,2023-07-28,Fashion,Running Shoes,South,Net Banking,2,2421.75,30,3390.45
ORD101172,CUST00758,2024-05-18,Sports,Cycling Gloves,North,UPI,2,2818.0,10,5072.4
ORD106417,CUST00483,2024-11-09,Fashion,Sunglasses,,Credit Card,1,350.58,0,350.58
ORD104968,CUST00600,2023-12-26,Home & Kitchen,Storage Organizer,Central,UPI,1,1450.37,20,1160.3
ORD107133,CUST00731,2024-10-04,Beauty,Lip Balm Set,North,Cash on Delivery,1,445.26,0,445.26
ORD108577,CUST00433,2024-08-26,Books,Fiction Novel,South,Credit Card,2,557.75,15,948.18
ORD103302,CUST00128,2024-02-02,Electronics,Power Bank,Central,Debit Card,2,1649.19,0,3298.38
ORD108205,CUST00902,2023-10-15,Sports,Resistance Bands,East,Debit Card,1,1076.41,5,1022.59
ORD101994,CUST00449,2024-01-01,Fashion,Cotton T-Shirt,East,UPI,1,399.24,0,399.24
ORD104769,CUST00019,2024-11-03,Beauty,Hair Dryer,North,Credit Card,1,1410.27,0,1410.27
ORD104185,CUST00329,2023-08-10,Fashion,Cotton T-Shirt,West,UPI,1,1697.33,0,1697.33
ORD101777,CUST00709,2024-11-29,Fashion,Running Shoes,Central,Debit Card,1,806.12,20,644.9
ORD100890,CUST00133,2024-05-23,Books,Self-Help Book,Central,Cash on Delivery,2,381.01,0,762.02
ORD107328,CUST00114,2023-09-13,Home & Kitchen,Cushion Cover,West,Debit Card,1,1266.53,10,1139.88
ORD102575,CUST00863,2023-04-09,books,Cookbook,North,UPI,1,493.13,10,443.82
ORD108268,CUST00904,2024-10-18,Fashion,Cotton T-Shirt,South,Credit Card,1,332.55,10,299.3
ORD104378,CUST00270,2024-03-23,Sports,Cricket Bat,Central,Net Banking,1,1615.19,0,1615.19
ORD107892,CUST00049,2023-11-07,Home & Kitchen,Non-stick Pan,West,Credit Card,1,291.59,0,291.59
ORD100515,CUST00225,2024-09-05,Fashion,Denim Jacket,Central,Credit Card,1,465.91,10,419.32
ORD108695,CUST00074,2024-10-29,Fashion,Denim Jacket,,UPI,1,915.7,5,869.92
ORD104836,CUST00619,2023-07-17,Home & Kitchen,Storage Organizer,West,UPI,1,491.98,0,491.98
ORD102070,CUST00671,2024-10-30,Electronics,Laptop Sleeve,North,Credit Card,1,4315.62,10,3884.06
ORD106724,CUST00192,2024-05-22,Electronics,Laptop Sleeve,West,Debit Card,1,1426.24,5,1354.93
ORD105291,CUST00997,2024-02-27,Fashion,Cotton T-Shirt,East,UPI,3,1383.15,0,4149.45
ORD105093,CUST00560,2024-06-02,Beauty,Lip Balm Set,Central,Net Banking,1,1352.06,0,1352.06
ORD100582,CUST00039,2023-08-26,Sports,Resistance Bands,West,Debit Card,3,803.85,5,2290.97
ORD101601,CUST00128,2024-02-08,Home & Kitchen,Non-stick Pan,Central,UPI,3,638.58,0,1915.74
ORD103707,CUST00104,2024-11-09,Beauty,Hair Dryer,West,Credit Card,1,503.43,0,503.43
ORD107685,CUST00536,2023-04-18,Beauty,Face Serum,North,UPI,1,870.41,0,870.41
ORD101762,CUST00377,2023-05-17,Beauty,Sunscreen SPF50,South,UPI,1,827.56,0,827.56
ORD101928,CUST00380,2024-02-19,Books,Business Biography,Central,Cash on Delivery,1,498.07,0,-498.07
ORD103498,CUST00005,2023-12-12,Electronics,Wireless Earbuds,South,UPI,2,1893.67,20,3029.87
ORD103038,CUST00288,2024-01-03,Home & Kitchen,Water Bottle,South,Credit Card,1,1677.22,5,1593.36
ORD107887,CUST00541,2023-11-27,Beauty,Hair Dryer,South,Cash on Delivery,2,1039.74,0,2079.48
ORD105382,CUST00592,2024-06-18,Fashion,Leather Wallet,West,Credit Card,2,1328.05,5,2523.29
ORD105827,CUST00071,2024-08-03,Sports,Resistance Bands,West,Credit Card,1,2556.0,5,2428.2
ORD103623,CUST00884,2024-05-21,Fashion,Cotton T-Shirt,North,UPI,2,2361.89,0,4723.78
ORD108242,CUST01070,2023-11-17,Home & Kitchen,LED Lamp,North,Debit Card,3,1654.51,15,4219.0
ORD102346,CUST00794,2024-02-28,Home & Kitchen,Storage Organizer,Central,Net Banking,1,1013.62,15,861.58
ORD107886,CUST00586,2024-11-23,Beauty,Lip Balm Set,South,Cash on Delivery,1,999.51,10,899.56
ORD106473,CUST00028,2024-09-15,Books,Business Biography,Central,Debit Card,1,281.3,15,239.1
ORD108095,CUST00248,2023-07-09,Electronics,Power Bank,South,Cash on Delivery,1,2861.58,15,2432.34
ORD108938,CUST00565,2023-03-07,Sports,Resistance Bands,Central,Net Banking,1,1525.21,10,1372.69
ORD107919,CUST00409,2024-01-28,Fashion,Sunglasses,West,Credit Card,1,487.2,5,462.84
ORD108510,CUST00793,2024-06-14,Home & Kitchen,LED Lamp,South,Net Banking,1,1415.75,15,1203.39
ORD104975,CUST00596,2024-01-09,Books,Fiction Novel,South,Debit Card,2,659.52,0,1319.04
ORD104782,CUST00221,2024-06-07,Fashion,Cotton T-Shirt,Central,Debit Card,1,2239.0,10,2015.1
ORD107637,CUST00446,2024-04-21,Sports,Dumbbell Set,Central,Debit Card,1,1583.59,5,1504.41
ORD100378,CUST00806,2023-11-20,Books,Kids Storybook,Central,Credit Card,1,771.3,15,655.6
ORD104904,CUST00471,2024-08-29,Beauty,Sunscreen SPF50,South,UPI,2,814.06,0,1628.12
ORD100335,CUST00571,2023-11-13,electronics,Smartwatch,West,UPI,1,4415.95,10,3974.36
ORD100652,CUST00841,2024-06-16,Electronics,Power Bank,East,Credit Card,1,3744.41,0,3744.41
ORD100770,CUST00865,2024-12-09,Sports,Cricket Bat,West,Debit Card,1,1360.48,0,1360.48
ORD103637,CUST00976,2024-05-17,Fashion,Cotton T-Shirt,South,Net Banking,1,522.09,10,469.88
ORD108116,CUST01005,2024-06-26,Beauty,Face Serum,Central,Credit Card,1,1479.82,0,1479.82
ORD100232,CUST00513,2024-12-01,Fashion,Cotton T-Shirt,Central,UPI,1,1734.92,10,1561.43
ORD103009,CUST00315,2023-11-09,Home & Kitchen,Non-stick Pan,South,UPI,1,1686.34,15,1433.39
ORD103782,CUST00779,2024-01-14,Beauty,Lip Balm Set,West,Net Banking,1,616.07,0,616.07
ORD105183,CUST00165,2024-02-07,Electronics,Laptop Sleeve,Central,Debit Card,1,1838.45,15,1562.68
ORD102374,CUST00375,2023-04-26,Beauty,Hair Dryer,North,UPI,2,451.96,0,903.92
ORD103261,CUST00147,2023-11-18,Books,Cookbook,East,Cash on Delivery,2,702.75,0,1405.5
ORD108120,CUST00387,2024-12-11,Electronics,Smartwatch,West,UPI,1,3227.5,0,3227.5
ORD104032,CUST00471,2024-05-03,Electronics,Laptop Sleeve,South,Debit Card,1,4117.26,0,4117.26
ORD102091,CUST00685,2024-01-01,Sports,Yoga Mat,East,Debit Card,1,2528.52,0,2528.52
ORD101985,CUST00179,2024-11-14,Home & Kitchen,Water Bottle,West,UPI,2,1219.18,0,2438.36
ORD100112,CUST01159,2024-03-16,Fashion,Sunglasses,North,Debit Card,1,717.59,0,717.59
ORD105128,CUST00373,2024-07-07,Electronics,Power Bank,Central,Net Banking,2,3209.96,0,6419.92
ORD107648,CUST00671,2024-11-10,Fashion,Leather Wallet,West,UPI,1,668.98,15,568.63
ORD101996,CUST00380,2024-02-24,Fashion,Running Shoes,South,Credit Card,1,632.49,5,600.87
ORD106588,CUST00543,2024-10-07,Electronics,Bluetooth Speaker,Central,UPI,1,1154.2,15,981.07
ORD108195,CUST00161,2024-10-02,Home & Kitchen,Water Bottle,North,Credit Card,1,1770.57,15,1504.98
ORD108385,CUST00511,2024-09-24,Books,Self-Help Book,South,Debit Card,1,354.61,10,319.15
ORD105889,CUST00083,2024-02-03,Sports,Resistance Bands,West,Debit Card,2,2569.39,5,4881.84
ORD106565,CUST00827,2023-12-23,Electronics,Wireless Earbuds,South,UPI,1,1732.2,0,1732.2
ORD103335,CUST00863,2023-06-14,Beauty,Perfume,Central,Cash on Delivery,1,367.53,0,367.53
ORD104886,CUST00161,2024-12-05,Fashion,Running Shoes,East,Credit Card,1,1708.67,15,1452.37
ORD108267,CUST00589,2024-05-03,Fashion,Sunglasses,North,Credit Card,1,2131.47,5,2024.9
ORD106208,CUST00470,2024-11-17,Home & Kitchen,Cushion Cover,Central,Debit Card,1,1467.18,5,1393.82
ORD103787,CUST00256,2024-07-29,Sports,Cricket Bat,West,Credit Card,1,2471.87,5,2348.28
ORD104295,CUST00114,2023-06-19,Home & Kitchen,Cushion Cover,Central,,2,491.09,5,933.07
ORD104076,CUST00793,2024-07-26,Fashion,Sunglasses,West,Net Banking,2,1332.85,5,2532.41
ORD107068,CUST00221,2024-06-01,Home & Kitchen,LED Lamp,North,Credit Card,1,1856.1,0,1856.1
ORD108160,CUST00292,2024-08-18,Fashion,Cotton T-Shirt,West,UPI,1,1695.22,0,1695.22
ORD106787,CUST00587,2023-06-26,Books,Kids Storybook,Central,Debit Card,1,559.75,5,531.76
ORD100325,CUST00863,2023-05-12,Electronics,Wireless Earbuds,North,Credit Card,1,1098.15,0,1098.15
ORD105214,CUST00626,2024-05-09,Electronics,Laptop Sleeve,East,Net Banking,1,2469.27,5,2345.81
ORD102209,CUST00656,2023-10-05,beauty,Face Serum,West,Credit Card,1,438.3,30,306.81
ORD103923,CUST00343,2023-06-03,Electronics,Wireless Earbuds,North,Debit Card,1,1948.25,10,1753.42
ORD106833,CUST00297,2024-06-15,Fashion,Running Shoes,Central,Credit Card,2,1533.14,0,3066.28
ORD105233,CUST00998,2024-09-07,Electronics,Bluetooth Speaker,West,Debit Card,1,2872.49,0,2872.49
ORD105840,CUST00375,2023-10-15,Electronics,Power Bank,Central,UPI,1,2832.43,0,2832.43
ORD102125,CUST00269,2024-06-10,Electronics,Power Bank,Central,Debit Card,2,1628.61,0,3257.22
ORD105429,CUST01120,2024-07-29,Electronics,Power Bank,North,Credit Card,1,826.46,10,743.81
ORD107864,CUST00034,2024-04-09,Electronics,Smartwatch,North,Debit Card,1,2958.12,0,2958.12
ORD100717,CUST00677,2023-10-15,Fashion,Cotton T-Shirt,Central,UPI,1,1831.27,0,1831.27
ORD107716,CUST00404,2024-08-27,Home & Kitchen,Storage Organizer,North,Debit Card,1,1605.37,0,1605.37
ORD103197,CUST00706,2024-03-10,Beauty,Lip Balm Set,West,Debit Card,1,882.08,10,793.87
ORD108436,CUST00396,2024-05-10,Home & Kitchen,Water Bottle,West,UPI,1,373.98,30,261.79
ORD100179,CUST00580,2023-08-23,Home & Kitchen,Water Bottle,West,Debit Card,2,201.18,10,362.12
ORD104361,CUST01134,2024-10-23,Beauty,Lip Balm Set,North,Credit Card,1,330.14,0,330.14
ORD103315,CUST00688,2024-08-02,Sports,Cycling Gloves,Central,Net Banking,1,2175.42,0,2175.42
ORD101863,CUST00455,2024-03-24,Beauty,Perfume,Central,UPI,1,1062.93,20,850.34
ORD101354,CUST00815,2024-06-23,Books,Self-Help Book,North,Net Banking,1,316.17,10,284.55
ORD105789,CUST00884,2024-09-23,Beauty,Lip Balm Set,Central,UPI,2,1297.42,10,2335.36
ORD106859,CUST00211,2024-10-03,Home & Kitchen,Storage Organizer,East,UPI,2,307.41,5,584.08
ORD101999,CUST00002,2024-07-11,Books,Self-Help Book,East,Credit Card,1,702.73,0,702.73
ORD105890,CUST01047,2024-12-02,Fashion,Running Shoes,West,UPI,1,2324.73,10,2092.26
ORD102584,CUST01116,2023-08-29,Beauty,Face Serum,South,Cash on Delivery,1,355.8,10,320.22
ORD106433,CUST00276,2024-09-08,Electronics,Wireless Earbuds,North,Cash on Delivery,1,3407.8,5,3237.41
ORD105174,CUST01097,2024-09-13,Electronics,Smartwatch,North,Net Banking,1,3964.4,0,3964.4
ORD100052,CUST00983,2024-10-04,Electronics,Laptop Sleeve,East,UPI,2,3841.13,15,6529.92
ORD105883,CUST00788,2024-06-05,Electronics,Smartwatch,Central,Credit Card,1,2148.76,0,2148.76
ORD104289,CUST00404,2024-09-07,Books,Self-Help Book,West,Net Banking,1,245.8,15,208.93
ORD103159,CUST00259,2023-10-30,Sports,Cycling Gloves,West,Credit Card,1,2826.48,0,2826.48
ORD104484,CUST01138,2024-05-04,Sports,Resistance Bands,West,Credit Card,2,518.62,0,1037.24
ORD104818,CUST00128,2024-04-26,Fashion,Running Shoes,East,Debit Card,2,1818.87,0,3637.74
ORD106804,CUST00983,2024-08-19,Electronics,Wireless Earbuds,South,Net Banking,2,3267.36,0,6534.72
ORD100158,CUST00396,2024-01-05,Home & Kitchen,Storage Organizer,North,Debit Card,1,1044.71,0,1044.71
ORD105231,CUST00195,2024-06-05,Sports,Resistance Bands,North,UPI,1,1878.64,10,1690.78
ORD102688,CUST00299,2024-03-19,Fashion,Denim Jacket,Central,Debit Card,2,2004.36,0,4008.72
ORD105372,CUST00270,2024-07-20,Electronics,Bluetooth Speaker,North,Debit Card,2,4339.17,0,8678.34
ORD107443,CUST00557,2024-06-01,Sports,Cycling Gloves,Central,Debit Card,1,1336.13,10,1202.52
ORD103115,CUST01177,2023-12-28,Sports,Cricket Bat,East,Cash on Delivery,3,2024.61,15,5162.76
ORD104024,CUST00346,2024-03-11,Home & Kitchen,Non-stick Pan,East,UPI,1,419.84,15,356.86
ORD105559,CUST01146,2024-02-19,Sports,Cycling Gloves,North,Cash on Delivery,1,1562.73,0,1562.73
ORD102778,CUST00505,2024-10-16,Electronics,Power Bank,North,UPI,3,3618.85,5,10313.72
ORD104122,CUST00071,2024-07-29,Electronics,Laptop Sleeve,West,Credit Card,2,1681.45,0,3362.9
ORD100556,CUST00916,2023-09-24,Fashion,Running Shoes,West,Debit Card,1,2179.8,20,1743.84
ORD107357,CUST00584,2024-07-26,Books,Business Biography,Central,Debit Card,1,697.74,0,697.74
ORD102516,CUST00333,2024-03-04,Beauty,Lip Balm Set,Central,Debit Card,1,657.75,10,591.98
ORD106212,CUST00477,2024-02-05,Electronics,Bluetooth Speaker,South,UPI,1,1342.93,30,940.05
ORD102094,CUST01128,2023-07-02,Sports,Yoga Mat,North,UPI,1,2537.64,0,2537.64
ORD106431,CUST01028,2024-05-10,Fashion,Sunglasses,West,Debit Card,1,721.57,5,685.49
ORD100805,CUST00276,2024-08-22,Home & Kitchen,Cushion Cover,North,UPI,2,1017.69,0,2035.38
ORD108512,CUST00734,2024-05-28,Beauty,Perfume,South,Cash on Delivery,1,460.63,0,460.63
ORD106178,CUST00606,2023-11-11,Beauty,Lip Balm Set,South,Cash on Delivery,2,297.4,15,505.58
ORD101818,CUST00418,2024-11-28,Beauty,Face Serum,North,UPI,1,742.79,0,742.79
ORD105651,CUST00018,2023-05-13,Electronics,Laptop Sleeve,East,Debit Card,1,2464.45,10,2218.0
ORD100276,CUST00128,2024-03-31,Fashion,Running Shoes,Central,UPI,1,1772.28,0,1772.28
ORD101329,CUST00375,2023-09-05,Home & Kitchen,Storage Organizer,West,Cash on Delivery,3,1665.3,0,4995.9
ORD102715,CUST00159,2024-06-24,Beauty,Sunscreen SPF50,South,Credit Card,1,806.84,0,806.84
ORD101802,CUST00731,2024-06-03,Beauty,Perfume,South,Debit Card,1,773.52,0,773.52
ORD106980,CUST00857,2023-11-25,Home & Kitchen,Water Bottle,North,UPI,1,926.82,0,926.82
ORD108982,CUST00560,2024-05-15,Home & Kitchen,LED Lamp,West,UPI,3,586.52,0,1759.56
ORD105673,CUST00074,2024-09-03,Home & Kitchen,Cushion Cover,Central,Debit Card,2,1528.72,5,2904.57
ORD100384,CUST00242,2024-06-04,Books,Kids Storybook,North,Net Banking,1,484.07,15,411.46
ORD104114,CUST00381,2024-12-05,Fashion,Denim Jacket,South,Debit Card,1,1706.88,0,1706.88
ORD107643,CUST00916,2024-03-30,Fashion,Denim Jacket,Central,Credit Card,1,2166.49,0,2166.49
ORD102950,CUST01171,2023-06-09,Home & Kitchen,LED Lamp,Central,Net Banking,1,1483.5,0,1483.5
ORD102537,CUST00158,2024-07-30,Electronics,Laptop Sleeve,North,UPI,1,1454.22,5,1381.51
ORD106739,CUST00128,2024-03-23,Home & Kitchen,Water Bottle,North,Debit Card,1,1443.88,0,1443.88
ORD106319,CUST00034,2023-04-24,Sports,Cricket Bat,East,Net Banking,1,367.1,0,367.1
ORD107195,CUST00630,2024-06-02,Electronics,Laptop Sleeve,Central,Debit Card,1,1049.61,15,892.17
ORD106770,CUST00329,2024-04-23,Electronics,Bluetooth Speaker,West,Net Banking,3,1093.65,5,3116.9
ORD108549,CUST00975,2024-02-07,Fashion,Cotton T-Shirt,East,Debit Card,2,1298.84,0,2597.68
ORD106168,CUST00853,2023-09-26,Fashion,Sunglasses,Central,Cash on Delivery,1,2204.42,0,2204.42
ORD107202,CUST00755,2024-05-08,Fashion,Leather Wallet,Central,Credit Card,4,1568.98,10,5648.33
ORD105760,CUST00754,2024-07-24,Sports,Dumbbell Set,East,Net Banking,4,992.7,20,3176.64
ORD106956,CUST00775,2023-05-29,Sports,Resistance Bands,South,Debit Card,1,967.85,5,919.46
ORD102199,CUST00580,2023-05-09,Sports,Cycling Gloves,Central,Debit Card,1,1339.2,0,1339.2
ORD106346,CUST00005,2023-11-28,Beauty,Hair Dryer,Central,Credit Card,2,1402.08,5,2663.95
ORD101830,CUST00114,2023-02-03,Electronics,Smartwatch,North,Credit Card,1,2489.43,0,2489.43
ORD106394,CUST00066,2024-01-22,Home & Kitchen,Water Bottle,South,Credit Card,1,1551.3,0,1551.3
ORD100063,CUST00035,2024-07-24,Books,Fiction Novel,Central,Net Banking,1,607.51,0,607.51
ORD107954,CUST00368,2023-10-29,Sports,Cycling Gloves,Central,UPI,1,2047.45,0,2047.45
ORD106938,CUST00395,2024-03-30,Fashion,Running Shoes,South,Debit Card,2,689.65,0,1379.3
ORD102547,CUST00733,2024-07-08,Fashion,Denim Jacket,East,Debit Card,1,2442.59,20,1954.07
ORD107360,CUST00115,2024-05-27,Home & Kitchen,LED Lamp,South,UPI,1,1766.88,10,1590.19
ORD101857,CUST00121,2024-07-23,Fashion,Denim Jacket,South,Debit Card,2,369.52,0,739.04
ORD106441,CUST00237,2024-05-27,Beauty,Perfume,Central,UPI,1,1416.05,0,1416.05
ORD106826,CUST01108,2024-04-02,Sports,Yoga Mat,West,Credit Card,1,1685.22,0,1685.22
ORD106419,CUST00128,2024-04-13,fashion,Leather Wallet,Central,Credit Card,1,2422.42,10,2180.18
ORD100615,CUST00650,2024-01-24,Fashion,Running Shoes,Central,Credit Card,1,929.77,5,883.28
ORD103656,CUST00828,2023-05-17,Home & Kitchen,Storage Organizer,North,Credit Card,1,1108.57,0,1108.57
ORD100940,CUST00459,2024-01-11,Beauty,Perfume,South,Net Banking,3,999.63,0,2998.89
ORD108950,CUST00071,2024-09-02,Electronics,Bluetooth Speaker,Central,Credit Card,1,2408.32,0,2408.32
ORD104160,CUST00252,2024-05-28,Fashion,Running Shoes,South,Debit Card,1,713.51,5,677.83
ORD101545,CUST00161,2024-10-03,Home & Kitchen,LED Lamp,Central,UPI,1,713.81,30,499.67
ORD105366,CUST01079,2024-11-13,Sports,Cricket Bat,South,Debit Card,1,778.58,15,661.79
ORD104619,CUST00002,2024-08-13,Beauty,Lip Balm Set,West,Credit Card,1,776.35,0,776.35
ORD108931,CUST00456,2023-11-01,Home & Kitchen,Cushion Cover,Central,Credit Card,1,445.61,0,445.61
ORD100479,CUST00795,2024-12-21,Beauty,Sunscreen SPF50,South,Credit Card,2,623.46,15,1059.88
ORD102705,CUST00650,2024-05-02,Fashion,Cotton T-Shirt,Central,UPI,2,2468.69,15,4196.77
ORD104573,CUST00731,2023-02-22,Sports,Yoga Mat,East,Credit Card,2,1691.97,0,3383.94
ORD100733,CUST00002,2024-04-07,Home & Kitchen,Storage Organizer,East,Credit Card,4,1007.27,0,4029.08
ORD108599,CUST00647,2023-09-22,Home & Kitchen,Storage Organizer,South,Net Banking,2,266.75,20,426.8
ORD108024,CUST00388,2024-11-30,Electronics,Smartwatch,East,Debit Card,1,2139.89,0,2139.89
ORD105200,CUST00248,2024-02-08,Fashion,Cotton T-Shirt,East,Debit Card,1,1880.34,10,1692.31
ORD106527,CUST00444,2024-04-10,Sports,Resistance Bands,Central,Debit Card,1,1736.56,0,1736.56
ORD103178,CUST01100,2024-11-09,Electronics,Power Bank,Central,Credit Card,1,3653.11,5,3470.45
ORD103616,CUST01084,2023-05-08,Electronics,Wireless Earbuds,Central,Credit Card,2,2192.08,15,3726.54
ORD104807,CUST00914,2024-07-19,Beauty,Perfume,West,Debit Card,1,772.04,20,617.63
ORD104027,CUST00152,2024-11-28,Home & Kitchen,Storage Organizer,West,Net Banking,1,831.24,0,831.24
ORD106397,CUST00255,2024-10-04,Sports,Cycling Gloves,West,UPI,1,1139.28,10,1025.35
ORD102224,CUST00199,2024-10-20,Electronics,Power Bank,North,Debit Card,2,2275.64,0,4551.28
ORD107394,CUST01163,2024-06-02,Fashion,Cotton T-Shirt,South,Debit Card,2,2034.51,5,3865.57
ORD100345,CUST00561,2024-08-08,Beauty,Perfume,South,Credit Card,1,790.94,20,632.75
ORD104100,CUST00983,2024-07-27,Beauty,Face Serum,East,Net Banking,1,1401.34,10,1261.21
ORD100147,CUST00151,2024-09-01,beauty,Hair Dryer,West,UPI,1,400.25,15,340.21
ORD104468,CUST00228,2024-07-24,Electronics,Wireless Earbuds,West,Cash on Delivery,3,2948.17,15,7517.83
ORD106681,CUST00128,2024-03-31,Books,Business Biography,North,UPI,1,290.26,0,290.26
ORD107452,CUST00432,2024-10-17,Sports,Cricket Bat,South,Credit Card,1,2854.89,0,2854.89
ORD100608,CUST00418,2024-10-23,Sports,Dumbbell Set,North,Credit Card,1,2069.38,0,2069.38
ORD107804,CUST01158,2023-11-06,Home & Kitchen,Non-stick Pan,East,UPI,1,593.97,0,593.97
ORD104610,CUST01046,2024-04-05,Electronics,Laptop Sleeve,South,UPI,1,821.93,0,821.93
ORD101871,CUST00880,2024-03-10,Beauty,Perfume,West,Debit Card,2,452.91,30,634.07
ORD107961,CUST01064,2023-06-03,Books,Business Biography,North,Debit Card,1,232.91,0,232.91
ORD102784,CUST00569,2023-12-12,Electronics,Wireless Earbuds,West,Credit Card,1,2227.94,5,2116.54
ORD103427,CUST00624,2024-12-22,Fashion,Sunglasses,East,UPI,1,2386.1,5,2266.79
ORD106026,CUST00525,2023-06-09,Fashion,Denim Jacket,South,Credit Card,2,1378.81,5,2619.74
ORD104942,CUST00779,2023-12-01,fashion,Denim Jacket,East,UPI,1,2495.33,0,2495.33
ORD100149,CUST00805,2024-03-11,Books,Kids Storybook,South,Credit Card,1,360.93,0,360.93
ORD104808,CUST01080,2024-05-03,Home & Kitchen,Cushion Cover,North,Debit Card,1,684.07,10,615.66
ORD104316,CUST01007,2024-11-08,Fashion,Sunglasses,East,Cash on Delivery,3,2447.76,15,6241.79
ORD101375,CUST00342,2024-09-16,Home & Kitchen,Storage Organizer,West,Debit Card,3,1239.32,0,3717.96
ORD104571,CUST00678,2024-10-28,Beauty,Face Serum,West,Credit Card,4,1001.58,0,4006.32
ORD107595,CUST00161,2024-11-27,Books,Cookbook,West,UPI,1,737.17,0,737.17
ORD102756,CUST00671,2024-12-13,Beauty,Face Serum,South,Debit Card,1,1156.95,0,1156.95
ORD101384,CUST01068,2023-03-30,Home & Kitchen,Non-stick Pan,Central,Debit Card,1,719.89,5,683.9
ORD107678,CUST01084,2024-02-08,Electronics,Smartwatch,West,Debit Card,2,3419.02,0,6838.04
ORD101338,CUST00571,2023-11-28,Home & Kitchen,Storage Organizer,West,UPI,1,886.41,0,886.41
ORD102142,CUST00834,2024-06-21,Fashion,Running Shoes,South,Net Banking,1,2422.42,5,2301.3
ORD105311,CUST00865,2024-09-18,Books,Fiction Novel,Central,Net Banking,2,238.32,5,452.81
ORD103192,CUST00125,2023-04-26,Fashion,Leather Wallet,North,Cash on Delivery,1,515.88,30,361.12
ORD106992,CUST01061,2023-12-06,Fashion,Denim Jacket,West,Debit Card,1,1244.17,5,1181.96
ORD105267,CUST01146,2023-04-06,Electronics,Laptop Sleeve,West,Cash on Delivery,1,1356.88,0,1356.88
ORD105296,CUST00210,2024-10-30,Beauty,Hair Dryer,South,UPI,1,1162.57,0,1162.57
ORD104402,CUST01146,2024-10-27,Electronics,Smartwatch,Central,Credit Card,2,2606.98,0,5213.96
ORD107097,CUST00639,2023-08-27,Books,Business Biography,Central,Net Banking,1,456.45,15,387.98
ORD108912,CUST00005,2023-10-10,Home & Kitchen,LED Lamp,Central,UPI,1,1313.59,0,1313.59
ORD105014,CUST00731,2023-08-14,Electronics,Bluetooth Speaker,North,Credit Card,2,1025.43,0,2050.86
ORD103814,CUST00831,2024-05-02,Home & Kitchen,Non-stick Pan,East,UPI,1,494.94,0,494.94
ORD103017,CUST00962,2024-08-21,Beauty,Lip Balm Set,East,UPI,1,1122.77,5,1066.63
ORD105011,CUST00745,2024-01-16,Beauty,Perfume,South,Net Banking,2,803.78,0,1607.56
ORD107045,CUST00706,2024-09-08,Electronics,Laptop Sleeve,West,Credit Card,1,2272.83,10,2045.55
ORD101485,CUST00245,2024-04-27,Fashion,Cotton T-Shirt,Central,Credit Card,2,1428.55,20,2285.68
ORD105283,CUST00121,2024-07-14,Electronics,Bluetooth Speaker,South,Cash on Delivery,2,1143.79,0,2287.58
ORD105675,CUST00749,2024-06-04,Books,Cookbook,West,UPI,2,730.48,0,1460.96
ORD100948,CUST00918,2024-03-12,Fashion,Leather Wallet,North,Net Banking,1,1356.52,15,1153.04
ORD108019,CUST00128,2024-03-10,Electronics,Wireless Earbuds,Central,Debit Card,1,3037.08,20,2429.66
ORD107098,CUST00267,2024-12-03,Books,Self-Help Book,South,Net Banking,1,506.63,15,430.64
ORD104679,CUST00018,2023-06-19,Fashion,Leather Wallet,,Credit Card,1,1651.6,10,1486.44
ORD106965,CUST00024,2024-01-21,Electronics,Bluetooth Speaker,Central,UPI,2,1472.37,15,2503.03
ORD104658,CUST00255,2024-10-24,Electronics,Smartwatch,South,Credit Card,1,2591.19,0,2591.19
ORD108776,CUST01077,2024-09-18,Beauty,Face Serum,South,Credit Card,1,1343.97,15,1142.37
ORD105368,CUST00962,2024-10-09,Books,Fiction Novel,Central,Debit Card,2,571.66,10,1028.99
ORD108326,CUST01055,2024-11-16,Home & Kitchen,Non-stick Pan,West,Cash on Delivery,2,1039.51,5,1975.07
ORD105715,CUST00814,2023-09-05,Sports,Yoga Mat,North,Credit Card,1,2783.38,10,2505.04
ORD105728,CUST00731,2023-04-01,Fashion,Denim Jacket,West,UPI,1,2142.59,0,2142.59
ORD107734,CUST00013,2024-07-29,electronics,Smartwatch,South,,1,1950.72,0,1950.72
ORD108439,CUST00129,2024-04-10,Electronics,Laptop Sleeve,East,UPI,1,1600.97,0,1600.97
ORD108063,CUST00449,2024-11-24,Electronics,Bluetooth Speaker,North,Net Banking,1,2903.06,0,2903.06
ORD105727,CUST00718,2024-05-10,Electronics,Wireless Earbuds,Central,UPI,1,3876.87,0,3876.87
ORD108591,CUST00586,2024-11-09,fashion,Running Shoes,Central,Debit Card,1,1867.35,5,1773.98
ORD103734,CUST00882,2023-10-08,Electronics,Laptop Sleeve,East,UPI,1,1654.0,0,1654.0
ORD100934,CUST01015,2024-04-13,Fashion,Sunglasses,Central,Credit Card,1,916.48,10,824.83
ORD105411,CUST00184,2024-01-25,Fashion,Sunglasses,North,Net Banking,1,740.81,15,629.69
ORD104086,CUST00494,2024-09-11,Sports,Cycling Gloves,South,Credit Card,1,1508.1,20,1206.48
ORD101782,CUST00582,2024-12-19,Fashion,Sunglasses,Central,UPI,1,955.42,5,907.65
ORD103225,CUST01070,2023-12-26,Electronics,Wireless Earbuds,East,Debit Card,1,1236.18,0,1236.18
ORD107429,CUST00463,2024-10-17,Books,Kids Storybook,East,UPI,1,305.22,20,244.18
ORD104247,CUST00793,2024-09-06,Electronics,Power Bank,East,UPI,1,4296.67,10,3867.0
ORD103397,CUST00731,2023-02-28,Sports,Resistance Bands,South,Credit Card,2,570.47,15,969.8
ORD103165,CUST00828,2023-07-18,Electronics,Power Bank,West,Cash on Delivery,3,2220.19,30,4662.4
ORD107027,CUST00255,2024-10-08,Electronics,Smartwatch,North,Credit Card,1,3300.18,20,2640.14
ORD102352,CUST00889,2024-10-20,Electronics,Wireless Earbuds,Central,Cash on Delivery,1,1444.42,10,1299.98
ORD103286,CUST00462,2023-11-05,Electronics,Power Bank,West,Debit Card,1,2616.63,0,2616.63
ORD103730,CUST00161,2024-10-20,Beauty,Hair Dryer,North,Net Banking,1,252.64,0,252.64
ORD103150,CUST00191,2024-06-13,Electronics,Power Bank,Central,Credit Card,1,1140.5,0,1140.5
ORD101910,CUST01116,2024-02-10,Home & Kitchen,Water Bottle,Central,Debit Card,1,872.72,15,741.81
ORD108795,CUST00130,2024-06-14,Sports,Dumbbell Set,West,UPI,1,473.93,0,473.93
ORD106836,CUST00404,2024-09-02,Beauty,Sunscreen SPF50,South,UPI,2,733.19,5,1393.06
ORD101872,CUST00117,2024-06-26,Fashion,Cotton T-Shirt,Central,Debit Card,1,2238.22,30,1566.75
ORD105867,CUST01073,2024-04-01,Home & Kitchen,Water Bottle,East,Credit Card,2,1325.7,0,2651.4
ORD108705,CUST00044,2024-12-23,Electronics,Power Bank,North,Cash on Delivery,2,2720.46,10,4896.83
ORD100054,CUST00647,2024-02-17,Electronics,Bluetooth Speaker,South,UPI,1,2733.53,0,2733.53
ORD100922,CUST00005,2023-05-30,Home & Kitchen,Storage Organizer,West,UPI,1,1314.83,0,1314.83
ORD101497,CUST00839,2024-11-23,Home & Kitchen,Non-stick Pan,North,Cash on Delivery,1,1439.11,15,1223.24
ORD108557,CUST00002,2024-07-06,Sports,Resistance Bands,Central,Credit Card,1,2844.81,15,2418.09
ORD102341,CUST01073,2024-09-24,Beauty,Perfume,North,UPI,1,1253.53,20,1002.82
ORD103723,CUST00567,2024-12-08,Books,Business Biography,North,Debit Card,1,342.82,15,291.4
ORD106020,CUST00119,2023-07-24,Electronics,Power Bank,West,Credit Card,2,2761.08,0,5522.16
ORD101141,CUST00634,2024-05-27,Electronics,Bluetooth Speaker,South,UPI,2,1486.74,0,2973.48
ORD107064,CUST00317,2024-11-21,Books,Cookbook,Central,Cash on Delivery,1,587.81,10,529.03
ORD104510,CUST00308,2023-07-20,Fashion,Cotton T-Shirt,East,Credit Card,2,2213.59,0,4427.18
ORD104239,CUST00749,2024-04-10,electronics,Wireless Earbuds,West,Cash on Delivery,1,2847.96,10,2563.16
ORD102557,CUST00120,2024-11-15,Beauty,Lip Balm Set,West,UPI,1,604.2,15,513.57
ORD105578,CUST00076,2023-07-01,Fashion,Running Shoes,North,Credit Card,2,1083.84,5,2059.3
ORD104036,CUST01039,2024-10-09,Electronics,Bluetooth Speaker,East,UPI,1,2719.55,0,2719.55
ORD108015,CUST00274,2024-11-09,Home & Kitchen,LED Lamp,South,Cash on Delivery,2,344.82,0,689.64
ORD105766,CUST00521,2024-02-04,Books,Cookbook,South,Credit Card,1,308.32,0,308.32
ORD104566,CUST00931,2024-02-01,Fashion,Leather Wallet,North,Net Banking,1,2480.86,15,2108.73
ORD105376,CUST00193,2024-07-19,Books,Kids Storybook,East,UPI,1,677.14,0,677.14
ORD108905,CUST00119,2023-09-09,Electronics,Power Bank,West,UPI,3,2861.48,20,6867.55
ORD106929,CUST00951,2024-08-30,Fashion,Sunglasses,East,Net Banking,1,505.35,20,404.28
ORD107043,CUST00580,2024-02-02,Fashion,Cotton T-Shirt,East,Credit Card,2,1070.42,0,2140.84
ORD101284,CUST00864,2024-02-03,Fashion,Sunglasses,North,Credit Card,1,1678.91,20,1343.13
ORD104268,CUST00308,2023-02-08,Electronics,Laptop Sleeve,South,UPI,1,1975.86,0,1975.86
ORD102568,CUST00479,2023-06-25,Fashion,Cotton T-Shirt,Central,UPI,3,2141.58,0,6424.74
ORD105689,CUST00077,2023-09-27,Beauty,Lip Balm Set,West,Debit Card,1,777.48,0,777.48
ORD100905,CUST00615,2024-06-30,Electronics,Smartwatch,Central,UPI,2,3766.47,10,6779.65
ORD104649,CUST00030,2023-10-21,Electronics,Bluetooth Speaker,East,Credit Card,1,861.12,0,861.12
ORD100875,CUST00772,2023-06-25,Electronics,Bluetooth Speaker,East,UPI,1,4197.56,15,3567.93
ORD105344,CUST00237,2024-06-01,Sports,Yoga Mat,East,Credit Card,1,867.71,10,780.94
ORD104684,CUST00128,2024-04-05,Sports,Cycling Gloves,East,UPI,2,1660.94,20,2657.5
ORD104581,CUST00954,2024-12-29,Electronics,Laptop Sleeve,East,Credit Card,1,3883.39,0,3883.39
ORD102333,CUST00147,2023-11-02,Fashion,Sunglasses,South,UPI,1,308.85,0,308.85
ORD108158,CUST00375,2023-07-05,Beauty,Perfume,East,UPI,1,1291.14,0,1291.14
ORD105142,CUST00403,2024-03-18,Fashion,Leather Wallet,East,Debit Card,1,1683.63,10,1515.27
ORD102663,CUST00039,2024-09-05,Home & Kitchen,Non-stick Pan,South,Net Banking,1,1415.97,0,1415.97
ORD103753,CUST00566,2023-07-28,Fashion,Cotton T-Shirt,East,Debit Card,1,885.84,0,885.84
ORD100663,CUST00256,2024-07-27,Electronics,Wireless Earbuds,West,Credit Card,1,3281.0,0,3281.0
ORD104656,CUST00182,2024-12-03,Books,Kids Storybook,Central,UPI,2,660.48,15,1122.82
ORD101421,CUST00268,2023-10-10,Electronics,Wireless Earbuds,East,Net Banking,1,1759.72,0,1759.72
ORD107136,CUST00346,2024-01-21,Beauty,Sunscreen SPF50,South,UPI,2,477.14,15,811.14
ORD105089,CUST00336,2023-10-30,Electronics,Laptop Sleeve,Central,,1,2110.95,10,1899.85
ORD106275,CUST00270,2024-07-27,Home & Kitchen,Storage Organizer,East,Cash on Delivery,1,459.72,5,436.73
ORD105355,CUST00128,2024-09-28,Electronics,Smartwatch,Central,Credit Card,2,4499.29,5,8548.65
ORD106415,CUST00191,2024-08-03,Electronics,Wireless Earbuds,South,Debit Card,1,2740.86,0,2740.86
ORD102456,CUST00353,2024-07-24,Electronics,Laptop Sleeve,South,Credit Card,1,2891.74,15,2457.98
ORD100420,CUST00755,2024-09-17,Electronics,Power Bank,Central,Debit Card,1,2818.97,0,2818.97
ORD107677,CUST00939,2024-03-06,Electronics,Bluetooth Speaker,West,Net Banking,1,2121.58,0,2121.58
ORD100270,CUST00437,2024-02-15,Home & Kitchen,Water Bottle,Central,Credit Card,1,518.75,20,415.0
ORD102397,CUST01087,2024-01-19,Electronics,Smartwatch,Central,UPI,1,1743.72,0,1743.72
ORD107972,CUST01004,2024-10-07,Home & Kitchen,Cushion Cover,South,UPI,1,1996.95,0,1996.95
ORD107592,CUST01128,2023-09-16,Electronics,Laptop Sleeve,East,Net Banking,3,3412.71,0,10238.13
ORD106011,CUST00006,2024-12-05,Sports,Yoga Mat,Central,Credit Card,2,1335.6,0,2671.2
ORD104613,CUST00317,2024-09-28,Electronics,Wireless Earbuds,West,Cash on Delivery,3,3013.97,5,8589.81
ORD107193,CUST00521,2023-11-16,Electronics,Wireless Earbuds,Central,Credit Card,1,3544.47,0,3544.47
ORD102203,CUST00328,2023-10-06,Fashion,Sunglasses,West,Cash on Delivery,1,1853.99,10,1668.59
ORD101754,CUST00089,2024-08-09,Fashion,Denim Jacket,West,Credit Card,1,2219.35,0,2219.35
ORD108418,CUST00337,2023-10-26,Fashion,Denim Jacket,Central,Credit Card,3,1783.06,5,-5081.72
ORD108404,CUST01022,2024-04-06,Electronics,Wireless Earbuds,West,Debit Card,1,2578.64,10,2320.78
ORD102928,CUST00554,2024-06-18,Electronics,Smartwatch,East,Debit Card,1,4047.37,5,3845.0
ORD103604,CUST00245,2023-12-25,Fashion,Denim Jacket,West,Credit Card,2,1636.61,10,2945.9
ORD101874,CUST00076,2024-01-08,Fashion,Denim Jacket,East,Debit Card,1,2197.36,0,2197.36
ORD100796,CUST00347,2023-11-11,Home & Kitchen,Cushion Cover,East,Debit Card,1,585.66,10,527.09
ORD108411,CUST01170,2024-05-29,Books,Cookbook,East,Cash on Delivery,2,676.05,0,1352.1
ORD102699,CUST01119,2024-08-28,Sports,Yoga Mat,Central,Credit Card,1,864.36,0,864.36
ORD101312,CUST00931,2024-06-10,Electronics,Laptop Sleeve,South,Debit Card,1,2499.92,20,1999.94
ORD101965,CUST00002,2024-11-29,Home & Kitchen,Storage Organizer,West,,1,1548.96,0,1548.96
ORD105599,CUST00630,2024-08-15,Fashion,Leather Wallet,West,Net Banking,1,933.93,0,933.93
ORD101757,CUST01140,2024-01-06,Home & Kitchen,Non-stick Pan,East,UPI,1,571.79,10,514.61
ORD101970,CUST00161,2024-10-18,Fashion,Running Shoes,South,Credit Card,1,2300.37,0,2300.37
ORD105430,CUST00849,2024-07-16,Electronics,Power Bank,South,Net Banking,1,1816.42,0,1816.42
ORD101448,CUST00985,2024-11-18,Books,Kids Storybook,North,Credit Card,1,271.28,0,271.28
ORD102302,CUST01055,2024-11-16,Electronics,Laptop Sleeve,East,UPI,1,2825.31,15,2401.51
ORD100036,CUST00349,2023-09-24,Fashion,Cotton T-Shirt,West,UPI,2,522.77,5,993.26
ORD104196,CUST00658,2024-09-20,Electronics,Smartwatch,North,UPI,1,1149.7,0,1149.7
ORD102474,CUST01067,2024-03-11,Electronics,Bluetooth Speaker,West,Cash on Delivery,2,1118.82,5,2125.76
ORD103892,CUST00587,2024-03-03,Electronics,Power Bank,North,UPI,1,1726.73,15,1467.72
ORD101473,CUST00235,2024-04-06,Fashion,Leather Wallet,West,Debit Card,2,945.89,0,1891.78
ORD102658,CUST01065,2023-11-28,Home & Kitchen,Cushion Cover,North,Credit Card,1,274.99,0,274.99
ORD103917,CUST00904,2024-05-27,Beauty,Sunscreen SPF50,East,Credit Card,1,689.3,0,689.3
ORD103435,CUST01055,2024-11-16,Home & Kitchen,Cushion Cover,South,Credit Card,1,230.81,0,230.81
ORD107402,CUST01100,2023-02-08,Sports,Resistance Bands,South,Credit Card,1,1582.17,5,1503.06
ORD103997,CUST00333,2024-09-17,Beauty,Perfume,South,Credit Card,1,505.69,0,505.69
ORD106183,CUST00195,2024-09-04,Electronics,Power Bank,Central,UPI,1,1187.87,5,1128.48
ORD100154,CUST01116,2024-03-03,Home & Kitchen,Storage Organizer,Central,Debit Card,1,1995.73,0,1995.73
ORD103654,CUST00128,2024-06-17,Electronics,Bluetooth Speaker,South,Credit Card,1,3726.88,0,3726.88
ORD107477,CUST00120,2024-12-16,Home & Kitchen,Water Bottle,North,UPI,1,299.85,0,299.85
ORD108677,CUST00471,2024-09-16,Fashion,Leather Wallet,East,Debit Card,1,683.79,5,649.6
ORD102413,CUST00626,2024-07-23,Electronics,Smartwatch,Central,Credit Card,1,3783.71,0,3783.71
ORD106447,CUST00551,2024-07-27,Electronics,Power Bank,Central,UPI,1,2639.73,0,2639.73
ORD100275,CUST00640,2024-07-12,Home & Kitchen,Storage Organizer,Central,Debit Card,1,912.8,0,912.8
ORD101083,CUST00963,2024-02-21,Fashion,Denim Jacket,East,Debit Card,2,1031.01,0,2062.02
ORD106387,CUST01074,2023-09-08,Home & Kitchen,Storage Organizer,West,UPI,3,882.91,0,2648.73
ORD101966,CUST00634,2024-11-30,Electronics,Smartwatch,West,UPI,3,3661.96,0,10985.88
ORD105196,CUST00580,2023-04-13,Beauty,Perfume,,UPI,2,1057.28,0,2114.56
ORD102417,CUST00144,2024-10-30,Books,Cookbook,Central,UPI,1,224.89,0,224.89
ORD106637,CUST00217,2024-07-16,Home & Kitchen,Non-stick Pan,West,Debit Card,1,1415.54,10,1273.99
ORD105140,CUST00737,2024-01-04,Electronics,Bluetooth Speaker,South,UPI,1,3563.53,0,3563.53
ORD108344,CUST00348,2024-09-18,Books,Fiction Novel,North,Cash on Delivery,1,288.47,0,288.47
ORD106869,CUST00566,2023-12-28,Sports,Dumbbell Set,East,UPI,1,2876.08,0,2876.08
ORD101583,CUST00716,2024-06-06,Books,Fiction Novel,East,Net Banking,1,693.99,0,693.99
ORD107103,CUST00115,2023-04-12,Fashion,Sunglasses,South,Debit Card,3,941.3,0,2823.9
ORD100896,CUST00121,2024-10-16,Electronics,Bluetooth Speaker,North,Debit Card,2,1885.57,10,3394.03
ORD100162,CUST00816,2024-08-01,Sports,Cricket Bat,South,UPI,3,2007.34,15,5118.72
ORD106021,CUST00967,2024-08-10,Beauty,Sunscreen SPF50,South,Debit Card,2,806.31,0,1612.62
ORD106581,CUST00877,2023-04-19,Sports,Cycling Gloves,Central,Net Banking,1,2355.87,5,2238.08
ORD106372,CUST00646,2024-11-01,fashion,Denim Jacket,East,Debit Card,1,2309.04,10,2078.14
ORD101110,CUST00039,2023-09-12,Beauty,Face Serum,North,UPI,1,1078.95,0,1078.95
ORD101677,CUST01136,2023-08-22,Home & Kitchen,Non-stick Pan,Central,UPI,1,204.6,0,204.6
ORD100576,CUST00928,2024-10-18,Electronics,Bluetooth Speaker,North,UPI,1,4049.53,20,3239.62
ORD101596,CUST00939,2023-05-18,Electronics,Power Bank,East,Debit Card,2,3759.6,15,6391.32
ORD101968,CUST01176,2023-09-27,Home & Kitchen,Cushion Cover,West,Credit Card,1,323.94,20,259.15
ORD108979,CUST00424,2023-07-30,Fashion,Running Shoes,South,UPI,1,2170.92,10,1953.83
ORD102531,CUST00012,2024-05-16,Home & Kitchen,Storage Organizer,West,Debit Card,2,1221.09,0,2442.18
ORD106513,CUST00979,2024-07-03,Electronics,Power Bank,North,UPI,1,1500.71,0,1500.71
ORD108369,CUST00509,2023-09-18,Beauty,Face Serum,South,Debit Card,3,209.98,0,629.94
ORD102738,CUST00245,2024-02-05,Electronics,Power Bank,East,Net Banking,1,1953.0,0,1953.0
ORD106379,CUST00500,2023-11-23,Electronics,Wireless Earbuds,West,UPI,1,2298.06,10,2068.25
ORD101772,CUST00040,2024-11-19,Electronics,Laptop Sleeve,South,Credit Card,1,1604.6,0,1604.6
ORD101648,CUST00668,2024-01-11,Electronics,Smartwatch,East,Credit Card,1,2336.23,20,1868.98
ORD101010,CUST01178,2024-10-06,Fashion,Leather Wallet,East,UPI,1,962.1,10,865.89
ORD104639,CUST00656,2023-09-28,Home & Kitchen,Non-stick Pan,North,Credit Card,1,1545.34,5,1468.07
ORD104340,CUST00677,2023-10-20,Home & Kitchen,Cushion Cover,East,UPI,1,1062.7,0,1062.7
ORD102305,CUST00114,2024-12-07,Beauty,Hair Dryer,North,Credit Card,2,216.0,0,432.0
ORD100842,CUST00361,2024-07-09,Electronics,Power Bank,South,UPI,1,3409.84,5,3239.35
ORD100500,CUST00731,2023-03-26,Fashion,Running Shoes,North,UPI,1,1024.97,15,-871.22
ORD104627,CUST00051,2024-02-06,Sports,Cycling Gloves,South,UPI,1,1096.1,0,1096.1
ORD104463,CUST00469,2023-10-28,Sports,Cricket Bat,West,Credit Card,1,357.97,0,357.97
ORD101977,CUST00478,2024-08-04,Fashion,Running Shoes,East,UPI,1,1703.71,5,1618.52
ORD101832,CUST00587,2024-12-01,Home & Kitchen,Cushion Cover,West,Debit Card,1,1769.8,0,1769.8
ORD103705,CUST00927,2024-06-27,Electronics,Laptop Sleeve,Central,UPI,1,4146.8,0,4146.8
ORD104961,CUST00128,2024-06-21,Home & Kitchen,Storage Organizer,East,Credit Card,1,1863.86,10,1677.47
ORD102867,CUST00738,2023-04-21,Home & Kitchen,Cushion Cover,South,Credit Card,1,1569.8,5,1491.31
ORD103725,CUST00109,2024-12-21,Fashion,Denim Jacket,South,,1,547.21,0,547.21
ORD104985,CUST00199,2024-11-08,Fashion,Running Shoes,South,Net Banking,1,1536.0,5,1459.2
ORD101263,CUST00580,2023-04-01,Electronics,Power Bank,West,Debit Card,1,4259.17,0,4259.17
ORD100011,CUST00308,2023-10-09,Books,Business Biography,South,UPI,2,301.3,0,602.6
ORD105340,CUST00731,2023-05-22,beauty,Sunscreen SPF50,,UPI,1,476.93,0,476.93
ORD100075,CUST00686,2023-11-10,Electronics,Power Bank,Central,UPI,3,1014.02,20,2433.65
ORD101587,CUST00855,2024-02-15,Beauty,Lip Balm Set,North,Credit Card,2,495.74,5,941.91
ORD100413,CUST00991,2023-12-17,Beauty,Lip Balm Set,South,UPI,1,427.94,0,427.94
ORD106255,CUST00612,2023-10-07,Electronics,Wireless Earbuds,South,Credit Card,2,1348.94,0,2697.88
ORD104156,CUST00916,2023-09-22,Sports,Cycling Gloves,North,UPI,1,1520.41,5,1444.39
ORD106485,CUST00816,2024-01-20,Home & Kitchen,Storage Organizer,South,Debit Card,2,1120.86,0,2241.72
ORD103213,CUST00178,2023-12-25,Books,Fiction Novel,South,Credit Card,1,735.38,0,735.38
ORD102625,CUST00999,2024-07-16,Fashion,Denim Jacket,South,Credit Card,2,1811.2,10,3260.16
ORD108520,CUST00083,2024-07-22,Beauty,Perfume,East,Cash on Delivery,1,965.49,10,868.94
ORD103511,CUST00804,2023-08-31,Beauty,Face Serum,South,UPI,1,1030.64,0,1030.64
ORD104290,CUST00067,2024-08-08,Electronics,Laptop Sleeve,Central,UPI,2,2248.1,20,3596.96
ORD105736,CUST01048,2023-02-11,Electronics,Power Bank,North,Debit Card,1,4368.62,5,4150.19
ORD101113,CUST00167,2023-10-08,Sports,Resistance Bands,West,Credit Card,1,968.1,0,968.1
ORD103567,CUST00730,2023-06-25,Fashion,Leather Wallet,South,Credit Card,1,2133.98,0,2133.98
ORD106111,CUST00396,2024-09-01,Electronics,Smartwatch,West,Credit Card,2,3060.85,5,5815.62
ORD103470,CUST00962,2024-09-04,Fashion,Leather Wallet,North,Net Banking,1,448.31,5,425.89
ORD108045,CUST00308,2023-08-17,Home & Kitchen,Cushion Cover,West,UPI,1,1037.66,15,882.01
ORD100056,CUST01109,2024-01-20,Sports,Cycling Gloves,Central,Credit Card,2,1853.96,5,3522.52
ORD107746,CUST00904,2024-07-24,Electronics,Smartwatch,East,Debit Card,1,3030.24,0,3030.24
ORD101753,CUST01146,2023-06-17,Home & Kitchen,Non-stick Pan,North,UPI,2,1532.93,10,2759.27
ORD108723,CUST01071,2024-07-12,Electronics,Bluetooth Speaker,West,UPI,1,3047.69,5,2895.31
ORD104083,CUST00378,2024-06-22,Fashion,Running Shoes,North,Debit Card,1,1719.06,15,1461.2
ORD106350,CUST00312,2024-04-03,Books,Self-Help Book,South,UPI,1,370.29,10,333.26
ORD104870,CUST00821,2024-11-08,Fashion,Leather Wallet,North,UPI,1,1313.57,5,1247.89
ORD101334,CUST00199,2024-10-27,Sports,Cycling Gloves,Central,UPI,1,2130.26,0,2130.26
ORD108337,CUST01055,2024-12-18,Home & Kitchen,Water Bottle,Central,Credit Card,1,1124.96,0,1124.96
ORD102816,CUST01196,2023-09-09,Fashion,Leather Wallet,East,Debit Card,1,1950.55,10,1755.5
ORD107788,CUST00646,2023-11-07,Home & Kitchen,Non-stick Pan,East,UPI,2,637.77,0,1275.54
ORD102161,CUST01096,2024-01-24,Electronics,Wireless Earbuds,Central,Debit Card,1,3731.27,5,3544.71
ORD105524,CUST01086,2024-10-22,Beauty,Hair Dryer,South,UPI,1,799.17,0,799.17
ORD105218,CUST00939,2024-05-17,Electronics,Smartwatch,East,Credit Card,1,1451.83,5,1379.24
ORD100748,CUST01067,2023-09-17,Sports,Resistance Bands,West,UPI,2,2104.03,10,3787.25
ORD106734,CUST00234,2024-11-15,Fashion,Denim Jacket,North,Debit Card,3,2338.04,15,5962.0
ORD102292,CUST00385,2024-04-15,Home & Kitchen,Water Bottle,West,Credit Card,1,1223.84,5,1162.65
ORD103587,CUST00471,2024-12-26,Books,Fiction Novel,South,Cash on Delivery,1,639.06,0,639.06
ORD105154,CUST01155,2023-04-28,Beauty,Lip Balm Set,West,Debit Card,2,345.74,15,587.76
ORD105723,CUST00995,2024-09-27,Home & Kitchen,Non-stick Pan,East,Debit Card,1,1722.76,0,1722.76
ORD103357,CUST00783,2023-07-02,Fashion,Sunglasses,East,UPI,2,2437.87,15,4144.38
ORD101628,CUST00121,2024-08-05,electronics,Bluetooth Speaker,North,Credit Card,1,4368.95,0,4368.95
ORD104731,CUST00471,2024-05-04,Fashion,Leather Wallet,North,Credit Card,1,472.61,5,448.98
ORD106912,CUST00178,2024-05-09,Beauty,Lip Balm Set,East,Net Banking,3,580.66,30,1219.39
ORD101634,CUST00627,2024-01-01,Books,Fiction Novel,North,Credit Card,2,589.83,10,1061.69
ORD104690,CUST01015,2023-08-16,Sports,Yoga Mat,South,UPI,2,2786.42,0,5572.84
ORD105623,CUST00745,2023-08-10,Beauty,Face Serum,South,UPI,1,963.93,0,963.93
ORD103738,CUST00016,2023-04-15,Home & Kitchen,LED Lamp,West,Debit Card,1,1997.29,5,1897.43
ORD106009,CUST00231,2023-08-24,fashion,Cotton T-Shirt,,Credit Card,1,2007.25,0,2007.25
ORD105306,CUST00114,2023-05-01,Sports,Cycling Gloves,North,UPI,1,2577.0,5,2448.15
ORD107492,CUST00945,2023-02-19,Electronics,Smartwatch,East,UPI,2,1167.28,0,2334.56
ORD106514,CUST00731,2023-04-15,Home & Kitchen,LED Lamp,South,Cash on Delivery,1,1435.93,0,1435.93
ORD103186,CUST01127,2023-06-12,Beauty,Hair Dryer,North,Credit Card,1,955.73,10,860.16
ORD100738,CUST00125,2023-10-19,Fashion,Cotton T-Shirt,North,Credit Card,2,2306.12,0,4612.24
ORD101429,CUST00292,2024-09-05,Home & Kitchen,Cushion Cover,Central,UPI,1,215.96,0,215.96
ORD100102,CUST00128,2024-08-30,Fashion,Denim Jacket,West,Cash on Delivery,1,2075.56,0,2075.56
ORD100563,CUST00401,2024-10-29,Fashion,Cotton T-Shirt,North,UPI,1,2207.73,0,2207.73
ORD101494,CUST00530,2024-04-09,Electronics,Wireless Earbuds,West,UPI,1,3605.73,0,3605.73
ORD108465,CUST01108,2024-05-09,Electronics,Power Bank,North,Debit Card,1,1552.5,0,1552.5
ORD102423,CUST00650,2023-10-17,Beauty,Perfume,West,Debit Card,1,1261.31,30,882.92
ORD102845,CUST00455,2024-01-11,Sports,Dumbbell Set,Central,UPI,2,1145.3,0,2290.6
ORD108419,CUST00109,2023-11-23,Electronics,Laptop Sleeve,East,UPI,1,3676.69,15,3125.19
ORD106318,CUST01120,2024-03-03,Electronics,Laptop Sleeve,North,UPI,1,3202.98,0,3202.98
ORD103920,CUST00128,2024-05-24,Sports,Cycling Gloves,South,Debit Card,1,541.51,0,541.51
ORD101543,CUST00588,2023-09-09,Electronics,Smartwatch,East,Debit Card,1,4066.92,10,3660.23
ORD101544,CUST00038,2024-12-05,Electronics,Smartwatch,West,UPI,1,3727.29,0,3727.29
ORD106630,CUST00563,2024-03-10,Home & Kitchen,Storage Organizer,North,UPI,1,376.09,0,376.09
ORD105693,CUST00613,2024-01-16,Electronics,Power Bank,North,Cash on Delivery,1,3382.23,5,3213.12
ORD101680,CUST00580,2023-05-22,Sports,Dumbbell Set,West,Debit Card,1,863.57,0,863.57
ORD101526,CUST01119,2024-05-21,Electronics,Bluetooth Speaker,East,Cash on Delivery,1,1665.24,0,1665.24
ORD103953,CUST00160,2024-04-05,Electronics,Laptop Sleeve,East,Credit Card,1,3007.86,0,3007.86
ORD101442,CUST01096,2024-04-26,Electronics,Smartwatch,East,Debit Card,1,2108.46,5,2003.04
ORD102920,CUST00917,2024-07-15,Fashion,Running Shoes,North,UPI,2,653.58,10,1176.44
ORD108478,CUST01134,2024-11-24,Sports,Resistance Bands,Central,UPI,2,260.21,0,520.42
ORD106534,CUST00646,2023-08-25,Home & Kitchen,LED Lamp,Central,Cash on Delivery,1,220.09,5,209.09
ORD100695,CUST00657,2024-01-05,fashion,Running Shoes,West,UPI,1,612.06,0,612.06
ORD102208,CUST00426,2024-04-17,Sports,Dumbbell Set,East,UPI,1,1855.55,0,1855.55
ORD102172,CUST00666,2024-05-01,Home & Kitchen,LED Lamp,Central,UPI,2,397.92,10,716.26
ORD101343,CUST01008,2024-05-20,Home & Kitchen,Cushion Cover,South,Net Banking,1,712.94,0,712.94
ORD102124,CUST00034,2023-05-08,Electronics,Power Bank,East,Credit Card,1,3933.78,5,3737.09
ORD107294,CUST01063,2024-10-23,Home & Kitchen,Cushion Cover,North,Net Banking,2,805.38,5,1530.22
ORD102628,CUST00962,2024-08-24,Beauty,Hair Dryer,West,Debit Card,2,1440.92,10,2593.66
ORD101242,CUST00671,2024-11-05,Electronics,Laptop Sleeve,West,Debit Card,1,4484.63,30,3139.24
ORD101414,CUST00081,2024-04-28,Home & Kitchen,Storage Organizer,North,Credit Card,2,1102.22,0,2204.44
ORD106494,CUST00758,2024-03-13,Home & Kitchen,LED Lamp,East,Credit Card,4,1437.94,5,5464.17
ORD107823,CUST01065,2024-12-12,Books,Self-Help Book,West,Credit Card,1,577.25,10,519.52
ORD104214,CUST00589,2024-01-30,Home & Kitchen,LED Lamp,North,Credit Card,2,1592.56,10,2866.61
ORD101056,CUST00640,2024-09-25,Beauty,Lip Balm Set,South,Cash on Delivery,1,456.65,5,433.82
ORD102101,CUST00050,2024-02-20,Home & Kitchen,Cushion Cover,South,Credit Card,2,869.38,5,1651.82
ORD101665,CUST00967,2024-08-01,Home & Kitchen,Water Bottle,West,UPI,1,1493.36,20,1194.69
ORD101126,CUST00412,2023-10-26,Fashion,Sunglasses,Central,UPI,1,2488.59,10,2239.73
ORD107112,CUST00058,2024-02-27,Fashion,Leather Wallet,North,UPI,1,2367.28,15,2012.19
ORD101450,CUST00016,2023-09-18,Electronics,Laptop Sleeve,West,Debit Card,1,4090.09,0,4090.09
ORD105550,CUST00906,2024-07-17,Fashion,Leather Wallet,South,Net Banking,3,1814.85,0,5444.55
ORD102586,CUST00230,2023-10-31,Home & Kitchen,Cushion Cover,South,Net Banking,3,281.54,0,844.62
ORD103564,CUST00485,2024-08-06,Sports,Yoga Mat,North,,1,2163.24,0,2163.24
ORD104003,CUST00337,2023-11-16,Books,Business Biography,East,Credit Card,1,756.4,5,718.58
ORD103610,CUST00128,2024-02-27,Home & Kitchen,LED Lamp,,,1,1642.03,15,1395.73
ORD107185,CUST00909,2024-03-28,Sports,Cycling Gloves,North,UPI,1,1557.87,15,1324.19
ORD104702,CUST00678,2024-10-12,Beauty,Hair Dryer,Central,UPI,2,1439.85,10,2591.73
ORD102680,CUST00596,2024-11-16,Beauty,Perfume,North,UPI,1,259.66,10,233.69
ORD105206,CUST00929,2024-04-12,Beauty,Sunscreen SPF50,North,UPI,1,1355.6,0,1355.6
ORD103845,CUST00657,2024-05-30,Fashion,Running Shoes,North,UPI,2,2140.46,5,4066.87
ORD100761,CUST00471,2024-03-26,Beauty,Sunscreen SPF50,West,UPI,2,1029.09,20,1646.54
ORD107617,CUST00128,2024-04-15,Electronics,Power Bank,South,Credit Card,1,2394.09,15,2034.98
ORD100314,CUST00128,2024-02-10,Sports,Cycling Gloves,North,Cash on Delivery,2,367.53,0,735.06
ORD106148,CUST01009,2024-11-14,Home & Kitchen,Cushion Cover,Central,Debit Card,1,1049.76,0,1049.76
ORD102004,CUST00099,2023-03-17,Sports,Cycling Gloves,East,Cash on Delivery,1,2661.45,0,2661.45
ORD102708,CUST00449,2023-10-15,Sports,Yoga Mat,South,Credit Card,2,719.1,0,1438.2
ORD106716,CUST00573,2024-05-06,Beauty,Hair Dryer,Central,Debit Card,1,419.21,0,419.21
ORD107567,CUST00318,2023-10-16,Home & Kitchen,LED Lamp,Central,Credit Card,1,1543.9,10,1389.51
ORD103333,CUST01191,2023-12-08,Electronics,Power Bank,North,Debit Card,1,3091.2,0,3091.2
ORD101707,CUST00614,2024-12-09,Home & Kitchen,LED Lamp,North,Debit Card,1,1830.55,5,1739.02
ORD105627,CUST00326,2024-10-03,Electronics,Smartwatch,West,UPI,1,3586.05,5,3406.75
ORD106490,CUST00396,2023-11-14,Fashion,Cotton T-Shirt,East,UPI,1,358.51,0,358.51
ORD104637,CUST00076,2024-02-21,Sports,Cycling Gloves,Central,UPI,1,761.2,0,761.2
ORD107920,CUST00128,2024-02-04,Books,Self-Help Book,Central,UPI,1,355.83,15,302.46
ORD101740,CUST00795,2024-11-29,Fashion,Denim Jacket,East,Debit Card,1,2062.67,5,1959.54
ORD101039,CUST00916,2023-09-16,Beauty,Perfume,South,Debit Card,1,330.06,15,280.55
ORD104875,CUST00938,2024-04-13,Fashion,Sunglasses,Central,Debit Card,1,2323.78,0,2323.78
ORD101136,CUST00471,2024-06-24,Home & Kitchen,Storage Organizer,West,Debit Card,1,423.09,0,423.09
ORD106613,CUST00962,2024-10-01,Beauty,Hair Dryer,Central,Debit Card,1,246.94,0,246.94
ORD106810,CUST01066,2024-08-20,Electronics,Bluetooth Speaker,North,Net Banking,1,2053.13,0,2053.13
ORD104948,CUST00571,2023-08-27,Books,Business Biography,West,Credit Card,2,574.26,0,1148.52
ORD102777,CUST00672,2024-01-12,Beauty,Sunscreen SPF50,North,UPI,1,1158.54,0,1158.54
ORD104578,CUST01140,2024-01-02,Beauty,Face Serum,Central,Credit Card,1,654.46,0,654.46
ORD102746,CUST00128,2024-03-08,Electronics,Bluetooth Speaker,East,Debit Card,1,1661.14,0,1661.14
ORD103292,CUST00067,2024-07-21,Beauty,Face Serum,East,Net Banking,2,1465.42,30,2051.59
ORD107411,CUST01107,2023-07-28,Electronics,Power Bank,North,Credit Card,2,2512.55,10,4522.59
ORD106589,CUST00425,2023-05-20,Electronics,Laptop Sleeve,North,Credit Card,1,3487.95,10,3139.16
ORD101858,CUST00958,2023-09-13,Sports,Yoga Mat,West,UPI,1,465.93,5,442.63
ORD105326,CUST00923,2023-01-06,fashion,Leather Wallet,North,Debit Card,1,978.23,0,978.23
ORD108688,CUST00155,2024-10-11,Fashion,Leather Wallet,North,Credit Card,1,2490.13,15,2116.61
ORD107536,CUST00470,2024-10-22,Sports,Cricket Bat,South,Credit Card,1,1286.63,20,1029.3
ORD100221,CUST00251,2024-09-05,Electronics,Power Bank,South,UPI,1,2465.22,15,2095.44
ORD105318,CUST00607,2023-07-06,Sports,Resistance Bands,Central,UPI,1,2072.85,0,2072.85
ORD101538,CUST00491,2024-02-21,Fashion,Sunglasses,Central,Credit Card,2,1341.82,0,2683.64
ORD100863,CUST01153,2024-03-26,Electronics,Bluetooth Speaker,North,Credit Card,1,2348.02,5,2230.62
ORD104696,CUST00339,2024-12-10,Electronics,Wireless Earbuds,North,Debit Card,1,1120.22,0,1120.22
ORD105531,CUST00939,2023-12-20,Fashion,Running Shoes,East,UPI,1,778.36,5,739.44
ORD107376,CUST00731,2023-07-08,Electronics,Laptop Sleeve,South,Debit Card,4,1676.84,20,5365.89
ORD101324,CUST01107,2023-09-11,Electronics,Bluetooth Speaker,West,Credit Card,3,4490.44,10,12124.19
ORD105159,CUST00580,2023-06-09,Home & Kitchen,Storage Organizer,West,Credit Card,2,1133.56,0,2267.12
ORD101015,CUST01015,2023-08-31,Sports,Dumbbell Set,Central,Credit Card,2,2942.53,0,5885.06
ORD106848,CUST00765,2024-04-26,Sports,Yoga Mat,West,Debit Card,1,643.98,0,643.98
ORD105660,CUST00837,2024-12-18,books,Cookbook,West,Cash on Delivery,1,635.5,0,635.5
ORD102873,CUST00614,2023-08-27,Fashion,Cotton T-Shirt,South,Credit Card,1,432.02,5,410.42
ORD103273,CUST00279,2024-03-31,Electronics,Bluetooth Speaker,East,,3,1666.51,0,4999.53
ORD108622,CUST00656,2024-10-31,Fashion,Cotton T-Shirt,South,Debit Card,2,1409.91,5,2678.83
ORD104373,CUST00412,2024-03-06,Fashion,Running Shoes,South,UPI,1,893.21,5,848.55
ORD102181,CUST00931,2024-06-02,Electronics,Smartwatch,East,UPI,1,1056.96,0,1056.96
ORD106096,CUST00937,2023-12-03,Electronics,Bluetooth Speaker,East,Debit Card,2,4077.97,5,7748.14
ORD108127,CUST00831,2024-04-30,Electronics,Bluetooth Speaker,,Debit Card,1,1188.83,0,1188.83
ORD106935,CUST00005,2024-01-18,Beauty,Lip Balm Set,South,UPI,1,624.64,10,562.18
ORD103194,CUST01173,2023-10-24,Electronics,Laptop Sleeve,West,UPI,1,2154.43,20,1723.54
ORD105025,CUST00962,2024-09-06,Fashion,Leather Wallet,North,Credit Card,1,327.36,5,310.99
ORD106621,CUST00413,2024-06-15,Books,Self-Help Book,West,Cash on Delivery,1,313.91,10,282.52
ORD106699,CUST00804,2023-08-07,Books,Self-Help Book,North,Credit Card,2,732.35,0,1464.7
ORD100539,CUST00181,2024-08-19,Fashion,Cotton T-Shirt,Central,UPI,2,1981.35,5,3764.56
ORD106663,CUST00913,2024-01-01,Beauty,Lip Balm Set,East,Cash on Delivery,1,875.86,15,744.48
ORD102323,CUST00333,2024-02-10,Home & Kitchen,Storage Organizer,South,Credit Card,1,1674.67,0,1674.67
ORD102587,CUST00109,2024-05-11,Beauty,Hair Dryer,East,Credit Card,1,383.19,10,344.87
ORD107342,CUST00733,2024-06-05,Beauty,Sunscreen SPF50,West,UPI,3,644.68,0,1934.04
ORD108871,CUST01140,2024-07-21,Electronics,Bluetooth Speaker,East,Cash on Delivery,3,1545.86,0,4637.58
ORD102270,CUST00731,2023-04-08,Sports,Cricket Bat,East,Debit Card,1,268.75,15,228.44
ORD103605,CUST00525,2024-06-11,Electronics,Bluetooth Speaker,North,Credit Card,1,4481.44,0,4481.44
ORD106571,CUST00410,2023-10-29,Fashion,Denim Jacket,East,Net Banking,1,2386.85,5,2267.51
ORD107862,CUST00828,2024-10-19,Electronics,Bluetooth Speaker,,Cash on Delivery,1,4336.8,0,4336.8
ORD104628,CUST00046,2024-05-18,Sports,Yoga Mat,,Credit Card,2,1912.65,0,3825.3
ORD102911,CUST00972,2024-02-18,electronics,Wireless Earbuds,Central,Credit Card,1,4227.38,10,3804.64
ORD102448,CUST00588,2023-10-01,Beauty,Perfume,West,Credit Card,1,1421.37,10,1279.23
ORD100094,CUST00429,2024-11-17,Sports,Cycling Gloves,West,Credit Card,2,2248.56,0,4497.12
ORD105487,CUST00460,2024-08-05,Fashion,Leather Wallet,North,Net Banking,1,1381.41,20,1105.13
ORD108956,CUST00965,2024-10-30,Fashion,Denim Jacket,Central,Debit Card,2,861.7,20,1378.72
ORD108946,CUST00195,2024-08-23,Electronics,Laptop Sleeve,East,Net Banking,1,4000.06,0,4000.06
ORD101440,CUST00388,2024-12-04,Fashion,Leather Wallet,East,UPI,1,1179.69,15,1002.74
ORD103844,CUST00315,2023-08-16,Beauty,Sunscreen SPF50,East,UPI,1,1495.65,20,1196.52
ORD106284,CUST01007,2024-09-11,Home & Kitchen,Cushion Cover,South,UPI,1,567.62,0,567.62
ORD105828,CUST00343,2023-10-18,Sports,Resistance Bands,West,Cash on Delivery,1,1944.98,0,-1944.98
ORD105343,CUST00585,2023-10-25,beauty,Hair Dryer,Central,Credit Card,2,1033.23,0,2066.46
ORD106823,CUST00338,2024-08-09,Books,Business Biography,West,UPI,1,413.88,0,413.88
ORD104688,CUST00128,2024-09-27,Electronics,Bluetooth Speaker,South,Net Banking,2,1420.29,0,2840.58
ORD107341,CUST00757,2023-07-31,Sports,Dumbbell Set,Central,Net Banking,1,2312.14,5,2196.53
ORD103952,CUST00455,2024-02-12,Home & Kitchen,Non-stick Pan,West,Credit Card,1,795.66,0,795.66
ORD102948,CUST00161,2024-11-17,Home & Kitchen,Storage Organizer,West,Debit Card,1,1930.76,0,1930.76
ORD102113,CUST00694,2024-05-06,Electronics,Wireless Earbuds,West,Credit Card,2,1379.69,5,2621.41
ORD104230,CUST00256,2024-07-26,Sports,Dumbbell Set,North,UPI,3,2320.45,5,6613.28
ORD107397,CUST00940,2023-08-19,Sports,Yoga Mat,Central,UPI,1,722.3,20,577.84
ORD102134,CUST01000,2024-11-07,Electronics,Power Bank,East,Debit Card,2,2421.44,5,4600.74
ORD103543,CUST01077,2024-11-19,Home & Kitchen,Non-stick Pan,South,UPI,2,1756.9,0,3513.8
ORD102842,CUST00561,2024-12-07,Fashion,Cotton T-Shirt,Central,Net Banking,2,1743.96,10,3139.13
ORD107725,CUST00521,2023-10-17,Home & Kitchen,Water Bottle,South,Credit Card,1,1321.36,0,1321.36
ORD107032,CUST00328,2023-09-08,Electronics,Wireless Earbuds,East,Cash on Delivery,1,1669.64,0,1669.64
ORD107533,CUST00755,2024-08-28,Home & Kitchen,Storage Organizer,East,UPI,1,1340.47,0,1340.47
ORD103747,CUST00580,2023-09-27,Electronics,Laptop Sleeve,West,Credit Card,1,1959.18,5,1861.22
ORD106184,CUST00131,2023-04-02,Electronics,Wireless Earbuds,East,Cash on Delivery,2,2900.61,10,5221.1
ORD102140,CUST00165,2024-10-03,Home & Kitchen,Storage Organizer,West,UPI,2,1398.97,5,2658.04
ORD103363,CUST00937,2024-04-05,Beauty,Perfume,East,UPI,1,1465.84,20,1172.67
ORD102725,CUST00210,2024-03-10,Sports,Dumbbell Set,Central,Net Banking,1,1770.38,0,1770.38
ORD107938,CUST00594,2023-06-17,Home & Kitchen,Cushion Cover,North,Cash on Delivery,2,1149.66,5,2184.35
ORD107936,CUST00945,2023-02-16,Fashion,Denim Jacket,Central,Cash on Delivery,1,989.94,0,989.94
ORD103834,CUST01082,2024-02-13,Electronics,Power Bank,South,Credit Card,1,2196.92,0,2196.92
ORD107973,CUST00845,2023-09-29,Fashion,Leather Wallet,North,UPI,1,385.3,15,327.5
ORD101900,CUST00731,2024-01-12,Electronics,Wireless Earbuds,North,Debit Card,1,2894.91,5,2750.16
ORD102698,CUST00300,2024-10-06,Sports,Dumbbell Set,East,Credit Card,2,2191.02,5,4162.94
ORD107366,CUST00788,2023-09-13,Home & Kitchen,Storage Organizer,North,Cash on Delivery,1,816.14,10,734.53
ORD102393,CUST00373,2024-08-05,Fashion,Running Shoes,South,Debit Card,1,2110.28,0,2110.28
ORD101841,CUST00462,2023-11-08,Electronics,Bluetooth Speaker,North,Credit Card,1,1350.88,0,1350.88
ORD102350,CUST00223,2023-12-16,Home & Kitchen,Storage Organizer,Central,Debit Card,2,623.48,0,1246.96
ORD106967,CUST00247,2024-06-10,Fashion,Running Shoes,Central,UPI,1,2094.38,20,1675.5
ORD101218,CUST00968,2024-04-25,Home & Kitchen,Non-stick Pan,East,Credit Card,2,1884.44,0,-3768.88
ORD102025,CUST00156,2023-06-07,Electronics,Power Bank,South,Credit Card,1,2915.33,0,2915.33
ORD100965,CUST00152,2024-11-28,Home & Kitchen,Storage Organizer,Central,Debit Card,1,1281.85,10,1153.66
ORD100458,CUST00845,2024-07-24,Electronics,Power Bank,South,UPI,1,2996.23,0,2996.23
ORD103037,CUST00678,2024-10-10,Fashion,Cotton T-Shirt,South,Credit Card,1,1337.52,0,1337.52
ORD108716,CUST00337,2024-12-25,Electronics,Bluetooth Speaker,South,Credit Card,1,4211.15,0,4211.15
ORD107039,CUST00221,2023-07-13,Electronics,Laptop Sleeve,East,UPI,2,2524.2,0,5048.4
ORD100227,CUST00937,2024-04-15,Home & Kitchen,Cushion Cover,East,Debit Card,4,1348.22,10,4853.59
ORD103950,CUST01155,2023-02-10,Beauty,Lip Balm Set,South,Cash on Delivery,1,1397.2,5,1327.34
ORD108693,CUST00091,2023-11-16,Books,Fiction Novel,West,Debit Card,1,447.45,10,402.7
ORD105408,CUST00248,2023-10-29,Books,Fiction Novel,East,Net Banking,1,579.7,0,579.7
ORD103040,CUST00970,2024-04-27,Electronics,Smartwatch,West,Credit Card,1,2341.42,5,2224.35
ORD108880,CUST01055,2024-11-24,Sports,Dumbbell Set,Central,UPI,1,1156.12,0,1156.12
ORD104182,CUST00225,2024-09-30,Sports,Yoga Mat,Central,Debit Card,1,1845.21,5,1752.95
ORD104592,CUST00765,2024-05-02,Electronics,Power Bank,West,UPI,1,4065.53,0,4065.53
ORD105480,CUST00981,2023-10-24,Electronics,Wireless Earbuds,South,Debit Card,1,4479.63,0,4479.63
ORD102902,CUST00895,2023-11-24,Electronics,Bluetooth Speaker,West,UPI,1,2039.55,0,2039.55
ORD103311,CUST01182,2023-08-22,Sports,Cricket Bat,West,UPI,1,2524.04,0,2524.04
ORD103553,CUST00861,2024-09-24,Sports,Resistance Bands,North,UPI,1,851.58,0,851.58
ORD100971,CUST00644,2024-06-03,Sports,Cricket Bat,West,UPI,1,822.99,20,658.39
ORD108129,CUST00390,2023-09-17,Home & Kitchen,Non-stick Pan,North,UPI,2,1582.4,0,3164.8
ORD100245,CUST00713,2024-05-12,Electronics,Power Bank,East,Credit Card,1,2838.89,0,2838.89
ORD108130,CUST00150,2023-09-18,Fashion,Denim Jacket,East,UPI,2,2166.8,0,4333.6
ORD101673,CUST00180,2024-04-29,Sports,Resistance Bands,East,Cash on Delivery,1,1774.75,0,1774.75
ORD104504,CUST00639,2023-06-16,Fashion,Sunglasses,East,Net Banking,1,484.25,20,387.4
ORD100100,CUST00731,2023-07-19,Fashion,Leather Wallet,North,UPI,1,1690.75,5,1606.21
ORD101791,CUST01115,2024-11-29,Electronics,Wireless Earbuds,West,UPI,1,4322.78,0,4322.78
ORD108123,CUST00589,2024-10-09,Beauty,Hair Dryer,North,Debit Card,3,437.36,30,918.46
ORD106014,CUST00278,2024-03-03,Books,Self-Help Book,West,Cash on Delivery,1,592.98,10,533.68
ORD106864,CUST00560,2024-06-19,Electronics,Laptop Sleeve,Central,UPI,1,3992.37,15,3393.51
ORD101463,CUST00815,2024-06-18,Electronics,Bluetooth Speaker,Central,UPI,3,4249.98,0,12749.94
ORD103663,CUST00210,2024-02-25,fashion,Denim Jacket,West,UPI,1,2189.0,0,2189.0
ORD104309,CUST00945,2023-03-14,Electronics,Smartwatch,North,UPI,1,1863.61,20,1490.89
ORD108859,CUST00509,2023-08-05,Fashion,Sunglasses,West,Credit Card,1,1507.57,0,1507.57
ORD105017,CUST00338,2024-11-10,Electronics,Wireless Earbuds,North,Cash on Delivery,1,1769.26,20,1415.41
ORD107137,CUST00962,2024-08-24,Home & Kitchen,Cushion Cover,West,UPI,1,648.58,0,648.58
ORD108342,CUST00493,2024-04-05,Sports,Cricket Bat,West,Cash on Delivery,2,2097.53,5,-3985.31
ORD106034,CUST00642,2024-11-03,Fashion,Running Shoes,North,Net Banking,1,2292.52,20,1834.02
ORD102043,CUST00386,2023-10-19,Electronics,Smartwatch,West,UPI,1,3334.01,0,3334.01
ORD101797,CUST00749,2024-01-06,Fashion,Sunglasses,Central,UPI,2,851.46,0,1702.92
ORD101228,CUST00795,2024-12-02,Home & Kitchen,Water Bottle,West,UPI,1,1977.17,10,1779.45
ORD106314,CUST00731,2024-01-02,Fashion,Denim Jacket,Central,UPI,2,761.63,20,1218.61
ORD100631,CUST00927,2024-06-16,Beauty,Lip Balm Set,East,UPI,2,906.47,0,1812.94
ORD105403,CUST00970,2023-06-16,Home & Kitchen,LED Lamp,West,Debit Card,2,1397.09,15,2375.05
ORD105797,CUST01115,2024-10-17,Fashion,Leather Wallet,North,Cash on Delivery,1,2073.24,20,1658.59
ORD108814,CUST00322,2024-09-26,Electronics,Power Bank,Central,Credit Card,2,3801.19,0,7602.38
ORD102268,CUST00407,2023-07-08,Home & Kitchen,Cushion Cover,Central,Credit Card,1,1847.59,15,1570.45
ORD100412,CUST00199,2024-09-19,Home & Kitchen,Non-stick Pan,East,Credit Card,1,1273.42,0,1273.42
ORD103966,CUST01004,2024-09-28,Electronics,Bluetooth Speaker,West,UPI,1,1018.67,0,1018.67
ORD105874,CUST00828,2023-05-01,Electronics,Laptop Sleeve,South,Credit Card,1,2475.9,0,2475.9
ORD101169,CUST00795,2024-11-26,Home & Kitchen,Non-stick Pan,East,UPI,1,390.4,15,331.84
ORD104205,CUST00962,2024-10-04,Beauty,Face Serum,Central,Debit Card,1,767.38,0,767.38
ORD105404,CUST00434,2024-07-23,Electronics,Smartwatch,East,Credit Card,2,1467.74,0,2935.48
ORD105046,CUST00995,2024-09-23,Electronics,Laptop Sleeve,West,Credit Card,2,1907.14,5,3623.57
ORD103355,CUST00191,2024-06-06,Electronics,Bluetooth Speaker,North,,1,3494.6,10,3145.14
ORD100684,CUST00333,2024-08-12,Fashion,Sunglasses,East,Debit Card,1,601.36,20,481.09
ORD103324,CUST01171,2023-07-12,Beauty,Hair Dryer,West,Credit Card,1,899.95,30,629.96
ORD103750,CUST00276,2024-08-24,Electronics,Smartwatch,South,Credit Card,1,3552.08,0,3552.08
ORD106781,CUST00002,2024-03-15,Electronics,Laptop Sleeve,Central,Cash on Delivery,1,1778.53,0,1778.53
ORD108742,CUST00407,2023-08-18,Beauty,Sunscreen SPF50,Central,Cash on Delivery,1,909.1,0,909.1
ORD103381,CUST00385,2024-01-02,Home & Kitchen,Storage Organizer,North,Net Banking,2,1447.56,0,2895.12
ORD102955,CUST00257,2024-06-29,Electronics,Laptop Sleeve,Central,UPI,1,2079.75,0,2079.75
ORD104364,CUST00308,2023-09-11,Fashion,Cotton T-Shirt,Central,UPI,3,337.24,0,1011.72
ORD100415,CUST00922,2023-12-06,Sports,Resistance Bands,West,UPI,1,2100.29,20,1680.23
ORD106330,CUST00668,2024-02-24,Sports,Cycling Gloves,,Credit Card,1,2580.42,15,2193.36
ORD100121,CUST00048,2024-08-16,Electronics,Wireless Earbuds,East,Debit Card,1,1593.3,0,1593.3
ORD100062,CUST00644,2024-09-01,Books,Cookbook,Central,Credit Card,1,741.46,20,593.17
ORD103577,CUST01160,2024-04-21,Books,Business Biography,South,Net Banking,2,583.59,20,933.74
ORD106846,CUST00530,2024-02-05,Books,Self-Help Book,South,Debit Card,1,151.4,0,151.4
ORD103788,CUST00564,2024-08-04,Fashion,Sunglasses,West,UPI,2,1080.79,5,2053.5
ORD103267,CUST00111,2023-02-21,Electronics,Power Bank,North,Credit Card,1,3083.2,0,3083.2
ORD107128,CUST00380,2024-04-27,Home & Kitchen,LED Lamp,Central,UPI,1,1989.43,5,1889.96
ORD100242,CUST01050,2024-12-14,Home & Kitchen,Non-stick Pan,South,UPI,1,776.05,0,776.05
ORD106225,CUST00114,2024-07-11,Home & Kitchen,Storage Organizer,South,Credit Card,1,1783.1,5,1693.94
ORD101192,CUST00581,2024-11-06,Fashion,Denim Jacket,North,,1,501.38,5,476.31
ORD104853,CUST01115,2024-10-02,electronics,Bluetooth Speaker,Central,Net Banking,1,2471.32,0,2471.32
ORD105807,CUST00060,2024-02-08,Fashion,Cotton T-Shirt,North,Debit Card,1,1298.17,0,1298.17
ORD101646,CUST00012,2024-01-17,Electronics,Laptop Sleeve,West,Credit Card,1,3650.6,20,2920.48
ORD105495,CUST00221,2023-10-01,Home & Kitchen,Storage Organizer,Central,Debit Card,1,1582.74,0,1582.74
ORD107373,CUST00904,2024-05-31,Electronics,Power Bank,South,UPI,3,834.68,0,2504.04
ORD108244,CUST00970,2023-09-13,Home & Kitchen,Water Bottle,South,UPI,2,618.03,15,1050.65
ORD106896,CUST00200,2024-10-12,Fashion,Denim Jacket,East,,1,994.67,0,994.67
ORD100855,CUST00480,2024-06-10,Electronics,Bluetooth Speaker,,UPI,1,3469.83,15,2949.36
ORD105774,CUST00151,2024-08-05,Books,Cookbook,Central,Credit Card,1,449.34,10,404.41
ORD104101,CUST00279,2024-03-23,Books,Kids Storybook,East,Debit Card,2,697.19,15,1185.22
ORD100667,CUST00585,2024-01-10,Electronics,Wireless Earbuds,Central,Credit Card,1,2543.01,0,2543.01
ORD108960,CUST00455,2024-03-28,Home & Kitchen,Storage Organizer,East,Cash on Delivery,1,405.13,15,344.36
ORD105348,CUST00109,2024-01-30,Sports,Dumbbell Set,East,UPI,1,482.98,0,482.98
ORD100901,CUST01080,2024-06-10,Beauty,Perfume,Central,Net Banking,1,256.01,0,256.01
ORD100213,CUST00210,2024-09-06,Sports,Cricket Bat,East,Debit Card,1,2853.58,10,2568.22
ORD106080,CUST00525,2023-08-08,Beauty,Hair Dryer,Central,Debit Card,1,778.71,0,778.71
ORD101642,CUST00006,2024-12-04,Fashion,Cotton T-Shirt,West,UPI,1,1882.43,10,1694.19
ORD104716,CUST00114,2023-07-22,Beauty,Perfume,West,UPI,1,593.1,20,474.48
ORD108668,CUST00297,2023-09-09,Beauty,Hair Dryer,North,UPI,1,800.35,10,720.32
ORD103057,CUST01189,2023-11-30,electronics,Smartwatch,West,UPI,1,804.26,20,643.41
ORD105934,CUST00917,2024-07-10,Sports,Dumbbell Set,South,UPI,1,2638.37,0,2638.37
ORD101144,CUST00793,2024-06-08,Home & Kitchen,LED Lamp,North,Credit Card,1,281.84,0,281.84
ORD105654,CUST01012,2024-08-04,Electronics,Smartwatch,North,UPI,1,2097.65,10,1887.89
ORD108477,CUST00560,2024-08-06,Electronics,Smartwatch,South,UPI,1,3289.25,10,2960.32
ORD106416,CUST00360,2024-10-31,electronics,Laptop Sleeve,South,Cash on Delivery,1,3572.27,0,3572.27
ORD100903,CUST00288,2024-03-08,Electronics,Smartwatch,East,UPI,1,1768.01,0,1768.01
ORD100540,CUST01057,2024-04-15,Beauty,Hair Dryer,North,UPI,1,700.66,5,665.63
ORD102066,CUST00008,2024-10-21,Electronics,Wireless Earbuds,Central,Credit Card,1,4105.42,0,4105.42
ORD101901,CUST00821,2024-08-29,Home & Kitchen,Water Bottle,Central,Credit Card,1,1167.22,0,1167.22
ORD107984,CUST00794,2024-03-02,Electronics,Laptop Sleeve,Central,UPI,1,1407.79,5,1337.4
ORD103534,CUST00769,2024-05-03,Home & Kitchen,Cushion Cover,North,Credit Card,2,432.12,0,864.24
ORD102368,CUST00018,2024-02-27,Books,Self-Help Book,Central,UPI,1,571.27,10,514.14
ORD107504,CUST00731,2023-09-03,Electronics,Smartwatch,West,Debit Card,1,940.0,0,940.0
ORD100804,CUST00541,2023-04-15,Home & Kitchen,Non-stick Pan,Central,Credit Card,2,1113.75,0,2227.5
ORD108861,CUST00796,2024-02-01,Books,Cookbook,East,Debit Card,2,276.27,15,469.66
ORD102926,CUST00671,2024-11-29,Fashion,Denim Jacket,South,Credit Card,1,2332.27,15,1982.43
ORD108972,CUST00963,2024-01-30,Fashion,Running Shoes,East,Credit Card,2,1263.04,0,2526.08
ORD107230,CUST00046,2024-06-21,Home & Kitchen,LED Lamp,East,UPI,2,1316.44,0,2632.88
ORD108367,CUST01136,2023-09-01,Sports,Yoga Mat,Central,Debit Card,1,2825.53,0,2825.53
ORD105270,CUST00337,2024-01-18,Sports,Cricket Bat,West,Debit Card,1,2081.58,0,2081.58
ORD102174,CUST00962,2024-09-13,Home & Kitchen,Water Bottle,West,Debit Card,2,724.12,10,1303.42
ORD101991,CUST00945,2023-05-08,Fashion,Denim Jacket,Central,Credit Card,1,1875.5,15,1594.18
ORD104112,CUST01080,2024-04-08,Electronics,Laptop Sleeve,South,Net Banking,1,2952.4,15,2509.54
ORD102504,CUST00046,2024-07-18,Books,Cookbook,East,Net Banking,3,504.14,0,1512.42
ORD106772,CUST00911,2024-12-23,Beauty,Sunscreen SPF50,South,UPI,1,606.46,0,606.46
ORD101391,CUST01155,2023-11-04,Beauty,Sunscreen SPF50,South,UPI,3,1097.63,0,3292.89
ORD106705,CUST01074,2023-08-04,Fashion,Sunglasses,East,Credit Card,1,2255.93,0,2255.93
ORD101685,CUST00962,2024-09-11,Sports,Yoga Mat,East,Debit Card,2,1602.43,5,3044.62
ORD105801,CUST00766,2024-07-26,Sports,Yoga Mat,South,Debit Card,1,2753.63,15,2340.59
ORD100670,CUST00429,2024-10-06,Electronics,Power Bank,South,Debit Card,1,2288.42,0,2288.42
ORD100623,CUST00505,2024-10-11,Fashion,Sunglasses,Central,Debit Card,1,2497.59,0,2497.59
ORD100275,CUST00640,2024-07-12,Home & Kitchen,Storage Organizer,Central,Debit Card,1,912.8,0,912.8
ORD101572,CUST01158,2024-06-21,Fashion,Sunglasses,North,UPI,1,942.33,10,848.1
ORD104546,CUST00081,2024-07-28,Fashion,Sunglasses,West,Debit Card,1,893.3,0,893.3
ORD104251,CUST00962,2024-08-25,Fashion,Cotton T-Shirt,Central,UPI,4,1536.37,5,5838.21
ORD100522,CUST00195,2024-09-16,Fashion,Running Shoes,West,Credit Card,2,1144.84,10,2060.71
ORD106690,CUST00550,2024-03-20,Electronics,Power Bank,South,UPI,1,1527.38,5,1451.01
ORD103479,CUST00962,2024-09-18,Sports,Resistance Bands,Central,Cash on Delivery,1,1973.92,15,1677.83
ORD105813,CUST01144,2024-03-18,Home & Kitchen,Non-stick Pan,North,Credit Card,1,1835.81,5,1744.02
ORD102383,CUST00614,2023-05-13,Fashion,Cotton T-Shirt,Central,Credit Card,2,2290.49,10,4122.88
ORD108213,CUST00652,2024-07-28,Electronics,Bluetooth Speaker,North,Net Banking,1,4455.91,10,4010.32
ORD106033,CUST00471,2024-05-30,Fashion,Leather Wallet,West,Debit Card,2,573.54,0,1147.08
ORD100892,CUST01191,2024-01-31,Home & Kitchen,Non-stick Pan,North,UPI,1,1830.78,0,1830.78
ORD100541,CUST00172,2024-09-29,Electronics,Smartwatch,East,UPI,1,4497.07,0,4497.07
ORD104338,CUST01163,2024-08-28,Fashion,Cotton T-Shirt,North,Credit Card,2,338.05,15,574.69
ORD105295,CUST00138,2024-01-25,Home & Kitchen,Water Bottle,North,Debit Card,1,1863.2,0,1863.2
ORD102722,CUST00541,2023-03-24,Fashion,Sunglasses,North,Net Banking,1,831.66,0,831.66
ORD104202,CUST00959,2023-04-04,Sports,Yoga Mat,West,Debit Card,1,1222.69,5,1161.56
ORD108307,CUST00128,2024-04-14,Electronics,Bluetooth Speaker,East,Net Banking,1,4147.72,10,3732.95
ORD101355,CUST00928,2024-12-12,Beauty,Face Serum,South,Credit Card,1,488.59,5,464.16
ORD105950,CUST01180,2024-03-12,Electronics,Laptop Sleeve,East,UPI,3,1752.55,0,5257.65
ORD103854,CUST00971,2024-11-03,Home & Kitchen,Cushion Cover,East,Credit Card,1,1564.1,0,1564.1
ORD106500,CUST00580,2023-11-24,electronics,Bluetooth Speaker,West,Debit Card,1,2469.02,10,2222.12
ORD105083,CUST00066,2023-12-23,Sports,Cycling Gloves,Central,Debit Card,1,1759.51,0,1759.51
ORD100210,CUST00322,2024-06-02,Beauty,Sunscreen SPF50,South,Credit Card,2,749.27,10,1348.69
ORD100511,CUST01074,2023-09-02,Electronics,Smartwatch,South,Net Banking,1,3687.74,0,3687.74
ORD106401,CUST00375,2023-07-08,Beauty,Hair Dryer,West,Debit Card,1,1120.86,0,1120.86
ORD104455,CUST00566,2023-07-26,Sports,Resistance Bands,West,Net Banking,1,2612.25,0,2612.25
ORD104558,CUST00988,2023-09-03,Fashion,Running Shoes,South,Credit Card,2,2278.21,5,4328.6
ORD101095,CUST01080,2024-06-06,Home & Kitchen,LED Lamp,West,Debit Card,1,1013.65,0,1013.65
ORD100885,CUST00215,2024-11-08,Electronics,Bluetooth Speaker,Central,Credit Card,1,3734.14,5,3547.43
ORD100678,CUST00868,2024-05-21,Books,Fiction Novel,South,UPI,1,229.23,5,217.77
ORD101224,CUST01008,2024-05-22,Books,Self-Help Book,Central,UPI,1,310.77,10,279.69
ORD107350,CUST00900,2024-03-12,Fashion,Denim Jacket,West,UPI,1,1859.98,5,1766.98
ORD108483,CUST01059,2024-10-11,Fashion,Denim Jacket,North,Credit Card,2,1840.88,0,3681.76
ORD104496,CUST00580,2023-06-09,Fashion,Sunglasses,East,Debit Card,1,587.83,0,587.83
ORD106560,CUST00857,2023-10-05,Fashion,Denim Jacket,South,Net Banking,2,1667.07,10,3000.73
ORD104127,CUST00560,2024-05-24,Sports,Resistance Bands,Central,Cash on Delivery,1,2554.24,0,2554.24
ORD100459,CUST00904,2024-05-25,Home & Kitchen,Non-stick Pan,South,UPI,1,545.01,0,545.01
ORD108986,CUST00002,2024-08-20,Electronics,Wireless Earbuds,North,Credit Card,1,4215.18,0,4215.18
ORD104291,CUST00804,2023-05-25,Electronics,Power Bank,Central,Cash on Delivery,1,4199.74,10,3779.77
ORD103830,CUST00221,2023-06-03,Home & Kitchen,Storage Organizer,West,UPI,1,1225.21,0,1225.21
ORD108887,CUST01074,2023-07-16,Electronics,Bluetooth Speaker,West,Debit Card,1,3776.28,0,3776.28
ORD101371,CUST00892,2024-08-09,Fashion,Sunglasses,South,UPI,1,385.65,15,327.8
ORD105388,CUST00030,2023-12-06,Home & Kitchen,LED Lamp,South,Net Banking,1,1187.02,5,1127.67
ORD100732,CUST00489,2024-07-22,Books,Kids Storybook,Central,Credit Card,2,356.05,15,605.28
ORD103991,CUST00640,2024-07-12,Fashion,Denim Jacket,North,UPI,1,1221.73,0,1221.73
ORD107990,CUST00602,2024-10-24,Fashion,Leather Wallet,Central,UPI,2,1633.25,0,3266.5
ORD105516,CUST01015,2023-06-17,Fashion,Denim Jacket,North,Debit Card,1,1853.44,10,1668.1
ORD104488,CUST00908,2024-05-22,Fashion,Running Shoes,West,Cash on Delivery,1,2314.15,5,2198.44
ORD106884,CUST01057,2024-02-28,Fashion,Cotton T-Shirt,North,Credit Card,1,1231.63,30,862.14
ORD101320,CUST00108,2024-09-02,Books,Cookbook,Central,UPI,1,304.25,15,258.61
ORD105374,CUST00015,2024-09-25,Fashion,Leather Wallet,South,,1,2329.53,30,1630.67
ORD108026,CUST00647,2024-02-04,Fashion,Running Shoes,Central,Net Banking,1,824.08,15,700.47
ORD103541,CUST00078,2024-09-17,Home & Kitchen,LED Lamp,South,Cash on Delivery,2,233.14,15,396.34
ORD103475,CUST00595,2024-03-31,Fashion,Running Shoes,North,Debit Card,1,561.04,0,561.04
ORD107820,CUST00191,2024-07-05,Sports,Resistance Bands,North,Credit Card,1,2237.97,0,2237.97
ORD103419,CUST00646,2023-10-04,Fashion,Sunglasses,West,UPI,1,1246.19,0,1246.19
ORD101297,CUST00625,2024-05-02,Sports,Cricket Bat,East,UPI,1,2305.61,20,1844.49
ORD106585,CUST00152,2024-12-08,Electronics,Laptop Sleeve,East,Credit Card,1,3646.7,0,3646.7
ORD102281,CUST00489,2024-01-16,Home & Kitchen,Cushion Cover,Central,Debit Card,2,515.41,0,1030.82
ORD108754,CUST00846,2024-03-16,Fashion,Leather Wallet,North,Credit Card,2,2301.56,0,4603.12
ORD101111,CUST01189,2024-01-18,Fashion,Running Shoes,South,Net Banking,1,1657.14,0,1657.14
ORD107410,CUST00161,2024-10-04,Fashion,Leather Wallet,North,Credit Card,1,857.23,0,857.23
ORD101675,CUST00525,2023-07-20,Fashion,Sunglasses,West,UPI,2,1291.37,5,2453.6
ORD101195,CUST00308,2023-08-05,Electronics,Bluetooth Speaker,Central,,1,961.17,30,672.82
ORD102657,CUST00002,2024-07-01,Fashion,Denim Jacket,West,Debit Card,2,1634.14,0,3268.28
ORD102434,CUST00221,2023-07-06,Electronics,Wireless Earbuds,Central,Debit Card,2,1078.17,10,1940.71
ORD105615,CUST00221,2023-09-17,Fashion,Cotton T-Shirt,Central,Cash on Delivery,1,2318.5,0,2318.5
ORD108426,CUST00962,2024-10-31,Fashion,Running Shoes,South,Credit Card,1,517.19,15,439.61
ORD101260,CUST00970,2023-05-22,Electronics,Bluetooth Speaker,North,Cash on Delivery,2,4392.72,20,7028.35
ORD101781,CUST00801,2024-11-13,Fashion,Sunglasses,South,Debit Card,1,314.3,0,314.3
ORD107696,CUST00889,2024-07-22,Electronics,Smartwatch,South,Debit Card,1,2233.16,0,2233.16
ORD104115,CUST00056,2024-04-25,Electronics,Wireless Earbuds,South,UPI,1,2763.83,15,2349.26
ORD101407,CUST00672,2024-02-22,Fashion,Cotton T-Shirt,Central,Debit Card,3,2446.97,0,7340.91
ORD106582,CUST00006,2024-12-21,Books,Fiction Novel,East,UPI,1,326.98,30,228.89
ORD105312,CUST00569,2023-09-23,Electronics,Power Bank,North,Credit Card,1,2583.42,5,2454.25
ORD107316,CUST00120,2024-11-18,Sports,Dumbbell Set,East,Credit Card,1,622.0,0,622.0
ORD106316,CUST00580,2023-03-23,Fashion,Running Shoes,Central,Net Banking,1,1296.54,0,1296.54
ORD108670,CUST00587,2023-07-21,Beauty,Hair Dryer,Central,UPI,1,1425.01,5,1353.76
ORD104564,CUST00557,2024-09-01,Home & Kitchen,Non-stick Pan,South,Credit Card,1,1744.58,5,1657.35
ORD105542,CUST00034,2023-04-23,Fashion,Leather Wallet,,Debit Card,2,885.96,0,1771.92
ORD103508,CUST00200,2024-10-22,Fashion,Denim Jacket,East,Credit Card,1,1496.69,5,1421.86
ORD102306,CUST00161,2024-10-14,Sports,Cycling Gloves,West,,1,1596.47,10,1436.82
ORD102267,CUST00590,2024-11-03,Beauty,Lip Balm Set,West,UPI,1,251.77,15,214.0
ORD101086,CUST01040,2024-06-23,Electronics,Wireless Earbuds,Central,Credit Card,1,2252.07,20,1801.66
ORD101686,CUST00221,2023-08-01,Electronics,Laptop Sleeve,South,Net Banking,1,2263.78,15,1924.21
ORD108687,CUST01155,2023-05-22,Electronics,Laptop Sleeve,East,Debit Card,1,1334.42,0,1334.42
ORD103692,CUST00745,2023-07-24,Home & Kitchen,LED Lamp,West,Debit Card,1,214.56,10,193.1
ORD100181,CUST00702,2024-10-10,Beauty,Perfume,South,UPI,1,781.89,10,703.7
ORD107116,CUST00646,2023-10-07,Electronics,Wireless Earbuds,Central,Credit Card,1,3628.98,0,3628.98
ORD106395,CUST00210,2024-03-22,Sports,Yoga Mat,East,Cash on Delivery,2,1252.77,10,2254.99
ORD100208,CUST00028,2024-11-04,Electronics,Smartwatch,,Credit Card,2,1422.35,5,2702.46
ORD108079,CUST00740,2024-08-21,Sports,Dumbbell Set,South,Credit Card,1,2625.62,10,2363.06
ORD103203,CUST00121,2024-07-08,Electronics,Laptop Sleeve,South,Debit Card,2,1214.5,15,2064.65
ORD108034,CUST00729,2024-11-17,Sports,Cycling Gloves,South,UPI,1,1978.3,0,1978.3
ORD106353,CUST00363,2024-01-28,Sports,Cricket Bat,East,Cash on Delivery,1,270.63,0,270.63
ORD105788,CUST00418,2024-11-12,Books,Cookbook,West,Cash on Delivery,2,429.06,0,858.12
ORD101708,CUST00587,2023-10-27,Beauty,Face Serum,South,UPI,1,428.7,0,428.7
ORD105510,CUST00031,2024-03-19,Books,Cookbook,West,Credit Card,2,758.44,5,1441.04
ORD102287,CUST00380,2024-05-15,Electronics,Laptop Sleeve,West,Credit Card,1,904.4,10,813.96
ORD102169,CUST00970,2023-11-06,Electronics,Laptop Sleeve,Central,Cash on Delivery,1,1181.91,0,1181.91
ORD103659,CUST00128,2024-11-12,Books,Kids Storybook,,Debit Card,1,618.79,10,556.91
ORD102830,CUST00699,2024-04-07,Home & Kitchen,Storage Organizer,West,UPI,1,593.61,5,563.93
ORD102554,CUST00288,2024-07-05,Electronics,Laptop Sleeve,South,UPI,1,3509.16,10,3158.24
ORD100484,CUST00417,2024-11-08,Home & Kitchen,Cushion Cover,East,Net Banking,4,1411.6,15,4799.44
ORD106710,CUST00150,2023-07-25,Fashion,Cotton T-Shirt,South,UPI,3,304.57,0,913.71
ORD107090,CUST00695,2023-01-30,Books,Business Biography,North,Credit Card,1,745.31,0,745.31
ORD106115,CUST00749,2023-09-08,Fashion,Cotton T-Shirt,North,Cash on Delivery,1,2196.43,0,2196.43
ORD100287,CUST00001,2024-08-13,Electronics,Power Bank,North,UPI,1,2650.22,0,2650.22
ORD107147,CUST00034,2023-04-10,Electronics,Power Bank,North,Net Banking,2,2118.4,10,3813.12
ORD105535,CUST00300,2024-10-21,Sports,Cricket Bat,East,Credit Card,2,882.72,15,1500.62
ORD102035,CUST00686,2023-11-02,Electronics,Smartwatch,North,Cash on Delivery,1,3339.07,0,3339.07
ORD108515,CUST00510,2024-05-22,Home & Kitchen,Non-stick Pan,North,UPI,1,933.75,10,840.38
ORD105655,CUST00337,2023-12-06,Fashion,Running Shoes,West,Cash on Delivery,1,2374.71,0,2374.71
ORD107513,CUST00412,2023-10-16,Fashion,Cotton T-Shirt,,UPI,1,2020.07,20,1616.06
ORD102735,CUST00825,2023-10-01,home & kitchen,Cushion Cover,East,Debit Card,3,793.19,5,2260.59
ORD100047,CUST00580,2023-09-12,Fashion,Running Shoes,East,Net Banking,1,1424.81,5,1353.57
ORD103039,CUST00384,2023-09-04,Electronics,Wireless Earbuds,West,Credit Card,4,2041.14,30,5715.19
ORD107391,CUST01082,2024-02-24,Electronics,Bluetooth Speaker,South,Credit Card,2,3535.51,0,7071.02
ORD102644,CUST00797,2023-07-28,Fashion,Denim Jacket,North,UPI,1,2264.05,0,2264.05
ORD101739,CUST00718,2024-08-09,Home & Kitchen,Non-stick Pan,North,Credit Card,1,231.07,15,196.41
ORD106915,CUST00640,2024-07-13,Electronics,Laptop Sleeve,South,Credit Card,1,2920.39,5,2774.37
ORD105300,CUST00546,2024-01-30,Fashion,Running Shoes,West,Credit Card,1,1694.35,10,1524.92
ORD107767,CUST00116,2024-06-07,Fashion,Cotton T-Shirt,West,Debit Card,1,1950.54,10,1755.49
ORD104070,CUST00471,2024-03-24,Sports,Cricket Bat,South,Debit Card,1,1657.35,0,1657.35
ORD100247,CUST01116,2023-08-24,Electronics,Power Bank,East,Credit Card,1,1938.75,15,1647.94
ORD103449,CUST01136,2024-01-06,Electronics,Wireless Earbuds,North,Debit Card,4,4404.37,30,12332.24
ORD108823,CUST00199,2024-09-11,Sports,Cycling Gloves,North,Credit Card,1,1386.71,0,1386.71
ORD108083,CUST00962,2024-08-29,Beauty,Sunscreen SPF50,West,Debit Card,1,1045.54,15,888.71
ORD101568,CUST00877,2023-07-23,Fashion,Running Shoes,Central,Debit Card,1,1041.14,0,1041.14
ORD106999,CUST00683,2023-07-19,Electronics,Smartwatch,East,Net Banking,1,1517.91,0,1517.91
ORD103496,CUST00338,2024-01-01,Beauty,Hair Dryer,North,Debit Card,1,1229.45,0,1229.45
ORD103021,CUST00749,2023-10-01,Beauty,Face Serum,South,Credit Card,2,917.84,0,1835.68
ORD107332,CUST00801,2024-11-14,Electronics,Smartwatch,South,Cash on Delivery,2,2244.38,0,4488.76
ORD107646,CUST01112,2024-08-12,Fashion,Leather Wallet,East,UPI,2,2279.54,0,4559.08
ORD107146,CUST00816,2023-12-25,Electronics,Smartwatch,West,Cash on Delivery,4,4400.08,15,14960.27
ORD102193,CUST00248,2024-09-06,Fashion,Leather Wallet,Central,Debit Card,2,611.03,5,1160.96
ORD102555,CUST00578,2024-08-10,Electronics,Smartwatch,East,Credit Card,2,2279.82,5,4331.66
ORD105966,CUST00541,2024-03-23,Electronics,Smartwatch,East,UPI,2,3549.59,0,7099.18
ORD106997,CUST01049,2024-02-04,Electronics,Bluetooth Speaker,North,UPI,1,2694.52,20,2155.62
ORD107902,CUST00944,2024-10-01,Home & Kitchen,Water Bottle,East,Credit Card,2,260.95,0,521.9
ORD103572,CUST00165,2023-08-23,Home & Kitchen,LED Lamp,Central,Net Banking,2,1260.93,0,2521.86
ORD105120,CUST01055,2024-11-27,Fashion,Cotton T-Shirt,West,Debit Card,1,347.75,15,295.59
ORD107992,CUST00244,2024-07-31,Electronics,Bluetooth Speaker,South,UPI,1,1541.03,20,1232.82
ORD100718,CUST00580,2024-01-05,Home & Kitchen,Non-stick Pan,North,Credit Card,1,916.56,0,916.56
ORD108704,CUST00164,2024-08-27,Books,Fiction Novel,Central,Net Banking,1,742.04,0,742.04
ORD102021,CUST00404,2024-08-17,Electronics,Laptop Sleeve,North,Cash on Delivery,3,4090.55,10,11044.49
ORD102788,CUST00440,2024-05-08,Fashion,Denim Jacket,South,Debit Card,1,1549.41,15,1317.0
ORD102794,CUST00063,2024-08-02,Beauty,Hair Dryer,Central,Credit Card,1,179.43,0,179.43
ORD107077,CUST00002,2024-03-30,Home & Kitchen,Water Bottle,East,UPI,3,696.26,0,2088.78
ORD104113,CUST01062,2024-01-17,Sports,Resistance Bands,West,UPI,1,2849.83,5,2707.34
ORD100295,CUST00795,2024-11-29,Books,Cookbook,North,Cash on Delivery,1,764.74,15,-650.03
ORD101193,CUST00970,2024-06-25,Beauty,Face Serum,West,Credit Card,3,1071.7,10,2893.59
ORD101748,CUST00731,2023-09-09,Sports,Yoga Mat,East,Net Banking,1,669.92,5,636.42
ORD101869,CUST00929,2024-04-17,Electronics,Smartwatch,North,Credit Card,1,3758.36,0,3758.36
ORD106559,CUST00165,2024-11-16,Books,Business Biography,West,Credit Card,1,218.67,10,196.8
ORD108454,CUST00656,2023-09-05,Electronics,Laptop Sleeve,North,Credit Card,1,4213.07,20,3370.46
ORD105922,CUST00004,2023-05-24,Fashion,Leather Wallet,East,Debit Card,2,2079.63,0,4159.26
ORD108429,CUST00078,2023-12-08,Fashion,Running Shoes,West,Debit Card,1,1146.61,0,1146.61
ORD108362,CUST00375,2023-03-19,Fashion,Leather Wallet,South,Credit Card,1,1686.3,15,1433.36
ORD102277,CUST00293,2024-04-21,Electronics,Wireless Earbuds,North,Cash on Delivery,1,4361.81,0,4361.81
ORD103029,CUST00312,2024-05-10,Fashion,Sunglasses,West,Credit Card,2,1727.59,15,2936.9
ORD105767,CUST00186,2024-12-02,Beauty,Perfume,East,UPI,1,1287.87,20,1030.3
ORD106529,CUST00700,2024-06-06,Sports,Cycling Gloves,East,Debit Card,2,2988.24,0,5976.48
ORD108984,CUST00291,2023-09-25,Sports,Dumbbell Set,South,UPI,1,1244.26,5,1182.05
ORD102908,CUST01069,2024-01-14,Electronics,Smartwatch,East,Debit Card,1,3593.04,20,-2874.43
ORD102991,CUST00958,2024-03-24,Fashion,Sunglasses,West,UPI,1,688.31,0,688.31
ORD103908,CUST00721,2024-06-05,Beauty,Sunscreen SPF50,Central,Credit Card,2,1351.46,20,2162.34
ORD103624,CUST00904,2024-10-10,Beauty,Hair Dryer,West,Cash on Delivery,1,299.94,5,284.94
ORD100685,CUST00128,2024-03-08,Electronics,Power Bank,South,UPI,2,1881.85,10,3387.33
ORD103155,CUST01071,2024-04-24,Fashion,Cotton T-Shirt,South,Credit Card,1,663.05,0,663.05
ORD101344,CUST00484,2024-03-07,Books,Self-Help Book,Central,Credit Card,1,457.2,15,388.62
ORD101637,CUST00685,2023-06-19,Home & Kitchen,Non-stick Pan,North,Credit Card,2,1648.21,0,3296.42
ORD103858,CUST01140,2024-05-20,Home & Kitchen,Cushion Cover,East,Debit Card,1,979.48,30,685.64
ORD104352,CUST00580,2023-05-21,Fashion,Denim Jacket,West,Credit Card,2,1343.55,10,2418.39
ORD106562,CUST00100,2023-09-08,Sports,Resistance Bands,Central,Credit Card,2,2147.64,0,4295.28
ORD106888,CUST00525,2023-04-19,Home & Kitchen,Water Bottle,East,UPI,1,879.87,0,879.87
ORD103708,CUST00002,2024-03-22,Home & Kitchen,Non-stick Pan,West,Debit Card,1,1637.49,0,1637.49
ORD104462,CUST00646,2024-01-16,Electronics,Bluetooth Speaker,Central,Cash on Delivery,1,4299.98,0,4299.98
ORD108425,CUST00888,2024-08-17,Electronics,Power Bank,South,,2,3128.04,0,6256.08
ORD100244,CUST00902,2024-08-11,Fashion,Running Shoes,West,Debit Card,1,1662.18,0,1662.18
ORD102977,CUST00978,2024-11-28,Sports,Dumbbell Set,East,Net Banking,1,2997.99,5,2848.09
ORD108352,CUST00861,2024-12-08,Books,Business Biography,Central,Credit Card,1,786.03,5,746.73
ORD102258,CUST00031,2024-02-13,Home & Kitchen,LED Lamp,Central,Net Banking,1,1731.13,10,1558.02
ORD108150,CUST00855,2024-11-13,Electronics,Wireless Earbuds,Central,Debit Card,2,1992.48,0,3984.96
ORD103331,CUST00906,2024-12-15,Fashion,Cotton T-Shirt,South,Net Banking,1,797.81,0,797.81
ORD100533,CUST00418,2024-10-26,Beauty,Hair Dryer,South,Net Banking,2,248.19,0,496.38
ORD104988,CUST00232,2023-08-23,Fashion,Sunglasses,North,Debit Card,1,2274.23,0,2274.23
ORD100673,CUST00210,2024-04-01,Fashion,Cotton T-Shirt,East,Net Banking,2,1407.85,0,2815.7
ORD105194,CUST00348,2023-06-12,Electronics,Laptop Sleeve,West,Credit Card,1,3290.97,10,2961.87
ORD100377,CUST01138,2023-03-11,Electronics,Smartwatch,South,Debit Card,2,4286.77,0,8573.54
ORD104607,CUST00016,2024-11-19,Books,Cookbook,Central,UPI,1,156.51,20,125.21
ORD100750,CUST00422,2024-05-06,Electronics,Power Bank,North,UPI,2,3656.52,0,7313.04
ORD102993,CUST00441,2024-08-21,Electronics,Wireless Earbuds,East,Cash on Delivery,1,3356.02,0,3356.02
ORD106667,CUST00375,2024-04-22,Fashion,Cotton T-Shirt,,Debit Card,1,2388.37,0,2388.37
ORD101906,CUST01001,2024-11-10,Home & Kitchen,Cushion Cover,,Cash on Delivery,1,543.74,10,489.37
ORD101435,CUST01089,2023-06-24,Electronics,Laptop Sleeve,West,UPI,1,1097.91,0,1097.91
ORD106544,CUST01110,2024-05-03,Electronics,Power Bank,West,Cash on Delivery,1,3780.44,0,3780.44
ORD105153,CUST00880,2023-12-22,Electronics,Smartwatch,Central,Debit Card,1,2370.06,0,2370.06
ORD100140,CUST01015,2024-06-16,Fashion,Sunglasses,South,Credit Card,1,1201.43,0,1201.43
ORD100641,CUST01005,2024-07-27,Sports,Yoga Mat,North,Net Banking,1,830.82,0,830.82
ORD106736,CUST00815,2024-07-05,Books,Cookbook,North,UPI,1,355.09,0,355.09
ORD102141,CUST00245,2024-03-27,Fashion,Leather Wallet,West,UPI,1,1232.09,0,1232.09
ORD105414,CUST00417,2024-12-17,Electronics,Smartwatch,South,UPI,1,2849.04,30,1994.33
ORD101057,CUST01091,2024-05-27,Electronics,Power Bank,South,Credit Card,1,2219.96,10,1997.96
ORD107150,CUST01199,2024-01-04,Home & Kitchen,Non-stick Pan,East,Debit Card,1,769.27,10,692.34
ORD104501,CUST01100,2023-01-23,Home & Kitchen,Non-stick Pan,Central,Credit Card,1,392.24,0,392.24
ORD105525,CUST00407,2023-09-14,Fashion,Running Shoes,,Cash on Delivery,1,1018.6,0,1018.6
ORD108263,CUST00234,2024-08-29,Beauty,Perfume,West,Cash on Delivery,1,316.94,0,316.94
ORD102773,CUST00128,2024-04-03,Home & Kitchen,Cushion Cover,West,Debit Card,1,515.3,0,515.3
ORD103742,CUST00731,2023-05-30,Electronics,Laptop Sleeve,North,Credit Card,2,3683.58,10,6630.44
ORD102078,CUST00195,2024-10-09,Electronics,Wireless Earbuds,West,Credit Card,1,4045.04,0,4045.04
ORD107049,CUST00962,2024-08-26,Sports,Dumbbell Set,North,Debit Card,1,1996.13,0,1996.13
ORD108629,CUST00109,2024-03-16,Sports,Dumbbell Set,Central,Debit Card,1,1982.33,5,1883.21
ORD103166,CUST00083,2023-10-30,Electronics,Laptop Sleeve,South,Credit Card,1,1124.99,5,1068.74
ORD108717,CUST00135,2024-09-24,Fashion,Sunglasses,East,UPI,2,2030.3,0,4060.6
ORD103219,CUST00621,2024-05-09,Home & Kitchen,Non-stick Pan,South,Credit Card,2,1718.94,0,3437.88
ORD103527,CUST00225,2024-11-08,Electronics,Bluetooth Speaker,East,Cash on Delivery,1,1617.14,15,1374.57
ORD108151,CUST00199,2024-09-27,Sports,Cricket Bat,South,Credit Card,2,2108.85,30,2952.39
ORD107252,CUST00315,2024-02-24,Electronics,Bluetooth Speaker,West,Debit Card,2,2913.74,0,5827.48
ORD102893,CUST00884,2024-05-05,Home & Kitchen,Storage Organizer,South,Credit Card,3,893.24,5,2545.73
ORD100460,CUST00410,2024-04-20,Fashion,Sunglasses,South,UPI,1,2072.03,0,2072.03
ORD106741,CUST00400,2024-05-07,Electronics,Power Bank,South,Credit Card,1,1349.06,10,1214.15
ORD101458,CUST00311,2024-08-30,books,Cookbook,East,Credit Card,1,181.61,10,-163.45
ORD106361,CUST00697,2023-09-09,Home & Kitchen,Storage Organizer,South,UPI,1,1388.45,5,1319.03
ORD107307,CUST00248,2023-11-01,Fashion,Running Shoes,Central,Cash on Delivery,1,1112.29,0,1112.29
ORD103492,CUST00760,2024-06-01,Home & Kitchen,Non-stick Pan,West,Debit Card,1,1698.36,30,1188.85
ORD105991,CUST00246,2024-10-04,Fashion,Leather Wallet,North,Credit Card,1,320.48,0,320.48
ORD102717,CUST01070,2023-11-29,Home & Kitchen,Water Bottle,West,Debit Card,1,202.61,0,202.61
ORD102651,CUST00818,2024-08-25,Electronics,Smartwatch,North,UPI,1,1102.73,15,937.32
ORD101280,CUST00228,2023-09-22,Fashion,Running Shoes,North,Debit Card,2,547.0,20,875.2
ORD105271,CUST00328,2024-08-22,Home & Kitchen,LED Lamp,North,Cash on Delivery,1,1360.11,0,1360.11
ORD105796,CUST00962,2024-12-14,Home & Kitchen,Storage Organizer,South,UPI,1,905.04,0,905.04
ORD100656,CUST00208,2024-02-13,Electronics,Power Bank,South,UPI,2,1406.55,0,2813.1
ORD106678,CUST00361,2024-06-30,Books,Cookbook,Central,Credit Card,1,320.4,0,320.4
ORD108356,CUST00219,2024-04-11,fashion,Leather Wallet,West,Cash on Delivery,1,2099.92,0,2099.92
ORD105848,CUST00538,2024-06-01,Books,Fiction Novel,West,Credit Card,2,608.94,30,852.52
ORD100852,CUST00814,2023-09-19,Electronics,Smartwatch,Central,Credit Card,1,3442.6,30,2409.82
ORD100445,CUST00286,2023-10-11,Electronics,Wireless Earbuds,West,UPI,1,1446.7,0,1446.7
ORD103168,CUST00887,2024-02-13,Home & Kitchen,Non-stick Pan,Central,Debit Card,1,1010.1,0,1010.1
ORD102577,CUST01140,2024-01-09,Home & Kitchen,Water Bottle,Central,UPI,1,973.73,20,778.98
ORD105114,CUST00150,2023-04-19,Home & Kitchen,Water Bottle,West,Debit Card,2,460.82,0,921.64
ORD108064,CUST00245,2023-12-30,Electronics,Bluetooth Speaker,South,Credit Card,1,901.09,5,856.04
ORD108697,CUST00205,2024-10-06,Electronics,Laptop Sleeve,East,Debit Card,1,2294.12,0,2294.12
ORD106552,CUST01074,2023-12-19,Beauty,Face Serum,South,UPI,1,242.68,0,242.68
ORD102762,CUST01089,2024-04-18,Fashion,Sunglasses,South,Credit Card,1,2456.41,0,2456.41
ORD101725,CUST00916,2024-03-29,Home & Kitchen,LED Lamp,East,Cash on Delivery,1,1433.73,0,1433.73
ORD102217,CUST00047,2024-11-11,Fashion,Leather Wallet,East,Credit Card,2,638.93,0,1277.86
ORD105436,CUST00677,2023-07-24,Electronics,Power Bank,North,Credit Card,1,4020.49,0,4020.49
ORD102177,CUST00422,2024-02-02,Fashion,Denim Jacket,North,UPI,1,1585.38,15,1347.57
ORD100900,CUST00970,2023-12-02,Beauty,Perfume,South,Credit Card,1,1294.76,5,1230.02
ORD102231,CUST00958,2023-08-20,Fashion,Cotton T-Shirt,North,UPI,1,1872.54,0,1872.54
ORD106764,CUST00958,2023-08-07,Home & Kitchen,Cushion Cover,South,Debit Card,1,1535.84,15,1305.46
ORD100951,CUST00608,2023-04-16,Electronics,Bluetooth Speaker,South,UPI,1,3836.32,30,2685.42
ORD107317,CUST00970,2023-08-22,Sports,Resistance Bands,North,Debit Card,4,2492.23,5,9470.47
ORD108142,CUST00288,2024-02-23,Fashion,Denim Jacket,South,Net Banking,2,1166.45,20,1866.32
ORD104833,CUST00551,2024-09-16,Books,Kids Storybook,West,Credit Card,1,714.41,5,678.69
ORD101706,CUST00600,2024-05-12,Sports,Resistance Bands,North,Credit Card,1,1594.41,15,1355.25
ORD104217,CUST00714,2024-06-08,Home & Kitchen,Storage Organizer,West,Net Banking,1,1308.11,0,1308.11
ORD106098,CUST00589,2024-03-10,Electronics,Bluetooth Speaker,East,Credit Card,2,3143.71,10,5658.68
ORD103712,CUST00916,2024-06-21,Electronics,Power Bank,South,Net Banking,2,1697.2,0,3394.4
ORD100797,CUST00005,2023-09-07,Home & Kitchen,Cushion Cover,North,UPI,1,1156.88,0,1156.88
ORD100799,CUST00904,2024-09-06,Fashion,Leather Wallet,South,UPI,1,1832.32,20,1465.86
ORD106382,CUST00130,2023-08-11,Fashion,Cotton T-Shirt,North,Credit Card,1,695.03,15,590.78
ORD103628,CUST00991,2023-06-12,books,Fiction Novel,South,Credit Card,1,174.52,0,174.52
ORD103772,CUST00417,2024-11-30,Sports,Cricket Bat,South,Debit Card,1,754.39,0,754.39
ORD104837,CUST01085,2023-11-16,Fashion,Running Shoes,South,Net Banking,1,2093.38,20,1674.7
ORD106204,CUST00128,2024-04-29,Electronics,Bluetooth Speaker,South,UPI,3,4336.06,5,12357.77
ORD105144,CUST00625,2024-07-08,Home & Kitchen,Cushion Cover,West,Credit Card,1,1443.85,5,1371.66
ORD101306,CUST00399,2023-06-02,Fashion,Leather Wallet,South,Net Banking,1,2270.86,10,2043.77
ORD102514,CUST00614,2023-12-09,Books,Business Biography,Central,Credit Card,1,295.7,0,295.7
ORD100183,CUST00041,2024-09-12,Electronics,Wireless Earbuds,West,Credit Card,2,2532.82,0,5065.64
ORD107807,CUST00221,2024-04-05,Sports,Yoga Mat,South,UPI,1,889.55,5,845.07
ORD104560,CUST00176,2024-11-28,Electronics,Laptop Sleeve,Central,UPI,2,4410.96,10,7939.73
ORD101930,CUST00564,2024-10-31,Sports,Dumbbell Set,East,Credit Card,2,1473.58,0,2947.16
ORD102744,CUST00138,2023-07-29,Fashion,Denim Jacket,East,Net Banking,2,2324.11,0,4648.22
ORD104528,CUST00970,2023-11-16,Fashion,Leather Wallet,South,Debit Card,1,771.91,20,617.53
ORD102551,CUST00048,2023-09-29,Electronics,Bluetooth Speaker,South,Credit Card,3,2595.19,0,7785.57
ORD102327,CUST00128,2024-08-07,Home & Kitchen,Non-stick Pan,North,Credit Card,1,566.99,5,538.64
ORD106050,CUST00967,2024-07-23,Electronics,Power Bank,East,Credit Card,2,1156.29,5,2196.95
ORD101335,CUST01183,2024-10-02,Home & Kitchen,Non-stick Pan,North,Credit Card,1,397.75,0,397.75
ORD103635,CUST00620,2024-10-17,Home & Kitchen,Water Bottle,Central,Credit Card,1,1555.37,0,1555.37
ORD104986,CUST00478,2024-05-13,Electronics,Power Bank,Central,Net Banking,1,4331.35,0,4331.35
ORD106771,CUST00028,2024-04-29,Fashion,Leather Wallet,East,UPI,1,1875.48,30,1312.84
ORD102495,CUST00161,2024-10-08,Home & Kitchen,Non-stick Pan,West,Net Banking,1,616.04,0,616.04
ORD103083,CUST01077,2024-12-01,Electronics,Power Bank,North,Credit Card,1,1172.45,10,1055.21
ORD101696,CUST00499,2023-12-12,Fashion,Running Shoes,Central,Cash on Delivery,1,991.17,5,941.61
ORD106247,CUST00196,2024-04-19,Fashion,Denim Jacket,North,Credit Card,4,1190.36,5,4523.37
ORD105330,CUST00104,2024-11-28,Electronics,Power Bank,Central,Credit Card,1,4254.54,0,4254.54
ORD102648,CUST00375,2023-02-05,Electronics,Bluetooth Speaker,East,Debit Card,1,4430.77,5,4209.23
ORD103143,CUST00994,2023-09-17,Beauty,Face Serum,North,,1,575.62,0,575.62
ORD103448,CUST00147,2023-12-05,Electronics,Bluetooth Speaker,Central,Credit Card,1,3139.86,0,3139.86
ORD106695,CUST00288,2024-01-04,Electronics,Laptop Sleeve,East,,1,3062.83,0,3062.83
ORD103085,CUST00977,2023-06-02,Home & Kitchen,Cushion Cover,East,Net Banking,1,738.78,0,738.78
ORD103077,CUST00724,2024-06-01,Electronics,Bluetooth Speaker,East,Credit Card,1,2506.89,0,2506.89
ORD101760,CUST00756,2024-10-22,Home & Kitchen,Non-stick Pan,East,Net Banking,4,815.91,0,3263.64
ORD108161,CUST00031,2024-02-21,home & kitchen,LED Lamp,Central,Cash on Delivery,4,1721.84,0,6887.36
ORD103870,CUST00818,2024-08-31,Electronics,Power Bank,East,UPI,2,3205.73,5,-6090.89
ORD103290,CUST00029,2024-07-29,Fashion,Leather Wallet,North,UPI,2,1712.76,10,3082.97
ORD101837,CUST00754,2023-11-12,Books,Kids Storybook,East,UPI,1,218.0,0,218.0
ORD101209,CUST00006,2024-12-01,Home & Kitchen,Non-stick Pan,Central,Debit Card,1,545.4,0,545.4
ORD108392,CUST00002,2024-03-26,Fashion,Denim Jacket,North,Net Banking,1,1836.76,10,1653.08
ORD101279,CUST00773,2024-07-27,Home & Kitchen,LED Lamp,Central,Net Banking,2,673.8,10,1212.84
ORD100039,CUST01077,2024-09-18,Books,Kids Storybook,North,Cash on Delivery,1,458.1,30,320.67
ORD100610,CUST00809,2024-11-22,Home & Kitchen,Storage Organizer,East,UPI,1,1018.91,10,917.02
ORD107464,CUST00319,2024-07-14,Fashion,Cotton T-Shirt,West,UPI,1,1965.44,20,1572.35
ORD108017,CUST00503,2023-06-21,Beauty,Lip Balm Set,East,UPI,1,476.68,0,476.68
ORD108655,CUST00114,2023-03-17,Fashion,Sunglasses,East,Debit Card,1,1288.72,10,1159.85
ORD101661,CUST01155,2023-09-09,Beauty,Face Serum,West,UPI,3,1160.17,0,3480.51
ORD104493,CUST00904,2024-05-27,Electronics,Power Bank,East,Credit Card,1,4464.98,10,4018.48
ORD104498,CUST00541,2023-01-27,Electronics,Bluetooth Speaker,Central,Net Banking,1,2447.79,0,2447.79
ORD105177,CUST00470,2024-10-25,Home & Kitchen,Cushion Cover,Central,Debit Card,1,1490.29,20,1192.23
ORD105393,CUST00581,2024-08-08,Fashion,Denim Jacket,West,UPI,2,1642.27,20,2627.63
ORD104231,CUST01131,2023-07-22,Beauty,Hair Dryer,East,UPI,1,439.72,10,395.75
ORD100551,CUST00381,2024-11-08,Electronics,Power Bank,South,Credit Card,1,2966.74,10,2670.07
ORD100906,CUST00793,2024-10-06,Electronics,Power Bank,South,Cash on Delivery,1,2332.94,0,2332.94
ORD107565,CUST00781,2024-08-10,Home & Kitchen,LED Lamp,Central,UPI,1,1005.62,0,1005.62
ORD108681,CUST00580,2023-03-30,Sports,Resistance Bands,West,UPI,1,350.82,5,333.28
ORD104586,CUST00006,2024-12-03,Home & Kitchen,Cushion Cover,South,UPI,1,273.81,5,260.12
ORD105054,CUST00034,2023-11-16,Sports,Yoga Mat,East,Debit Card,1,1269.97,0,1269.97
ORD100340,CUST00471,2024-03-22,Beauty,Sunscreen SPF50,South,UPI,1,410.38,5,389.86
ORD101229,CUST00141,2024-06-15,Books,Cookbook,North,UPI,1,626.4,10,563.76
ORD101163,CUST00308,2024-03-13,Electronics,Smartwatch,Central,Credit Card,1,4215.63,30,2950.94
ORD104319,CUST00734,2024-06-15,Electronics,Bluetooth Speaker,North,UPI,1,1527.76,0,1527.76
ORD101041,CUST00221,2023-05-20,fashion,Denim Jacket,East,Cash on Delivery,1,1471.17,20,1176.94
ORD100754,CUST00572,2024-10-30,Sports,Cricket Bat,,UPI,1,2276.21,10,2048.59
ORD100312,CUST00069,2023-03-04,Fashion,Sunglasses,North,UPI,2,2226.99,0,4453.98
ORD103780,CUST00104,2024-11-11,Electronics,Smartwatch,West,UPI,3,4057.97,0,12173.91
ORD100051,CUST00210,2024-02-24,Electronics,Bluetooth Speaker,East,UPI,4,1542.41,0,6169.64
ORD103406,CUST00970,2024-04-13,Fashion,Denim Jacket,East,UPI,1,523.75,30,366.62
ORD105215,CUST00128,2024-02-28,Books,Cookbook,West,Debit Card,1,456.7,5,433.86
ORD104044,CUST00398,2024-11-13,Beauty,Sunscreen SPF50,East,UPI,1,302.69,20,242.15
ORD104051,CUST00892,2024-07-30,Fashion,Sunglasses,East,Debit Card,1,695.14,0,695.14
ORD100038,CUST00111,2023-03-23,Books,Cookbook,Central,Debit Card,1,254.02,10,228.62
ORD102481,CUST00128,2024-03-16,Electronics,Bluetooth Speaker,North,Net Banking,2,870.89,10,1567.6
ORD104183,CUST00034,2023-12-10,Fashion,Sunglasses,East,Debit Card,1,499.48,0,499.48
ORD103223,CUST01122,2024-07-02,Fashion,Leather Wallet,North,Credit Card,1,830.64,0,830.64
ORD102896,CUST00308,2023-07-20,Electronics,Laptop Sleeve,Central,Credit Card,1,1045.86,0,1045.86
ORD104956,CUST00382,2024-05-17,Beauty,Hair Dryer,North,UPI,3,1292.56,15,3296.03
ORD108406,CUST00083,2024-11-16,Electronics,Laptop Sleeve,Central,Debit Card,2,1358.82,0,2717.64
ORD102351,CUST00338,2023-12-24,Fashion,Running Shoes,Central,Debit Card,1,1700.18,5,1615.17
ORD104994,CUST00013,2024-04-24,Beauty,Perfume,South,Credit Card,1,539.42,0,539.42
ORD105859,CUST00410,2024-01-13,Sports,Yoga Mat,South,Debit Card,1,444.16,0,444.16
ORD108913,CUST01192,2024-04-19,Home & Kitchen,Water Bottle,South,UPI,1,549.97,10,494.97
ORD105505,CUST00071,2024-08-19,Fashion,Leather Wallet,South,Credit Card,1,1324.19,0,1324.19
ORD103329,CUST00237,2024-06-11,Fashion,Sunglasses,West,UPI,1,541.11,0,541.11
ORD107171,CUST00904,2024-10-25,Home & Kitchen,Storage Organizer,West,Credit Card,1,1501.73,0,1501.73
ORD101511,CUST01086,2024-08-27,Beauty,Perfume,East,UPI,1,1043.99,0,1043.99
ORD108995,CUST00671,2024-10-31,Sports,Resistance Bands,North,Credit Card,1,2391.56,0,2391.56
ORD103939,CUST00145,2023-05-20,Beauty,Hair Dryer,North,Debit Card,1,1429.71,0,1429.71
ORD102846,CUST00817,2023-02-22,Sports,Cricket Bat,South,UPI,4,935.89,0,3743.56
ORD107095,CUST00152,2024-12-02,Fashion,Sunglasses,South,UPI,1,410.57,0,410.57
ORD104955,CUST01132,2023-11-17,Electronics,Wireless Earbuds,Central,UPI,3,827.61,0,2482.83
ORD101434,CUST00657,2023-12-05,Sports,Cricket Bat,East,UPI,1,386.36,5,367.04
ORD102801,CUST00894,2024-04-07,Beauty,Lip Balm Set,Central,Credit Card,2,1358.68,0,2717.36
ORD104799,CUST00503,2023-09-25,Home & Kitchen,Storage Organizer,South,UPI,1,1268.44,20,1014.75
ORD104544,CUST00074,2024-05-06,Fashion,Running Shoes,Central,UPI,2,1412.62,5,2683.98
ORD100639,CUST00699,2023-08-26,Books,Kids Storybook,East,Net Banking,2,621.19,0,1242.38
ORD106342,CUST00537,2024-09-14,Electronics,Bluetooth Speaker,Central,UPI,1,3639.1,0,3639.1
ORD103359,CUST00261,2024-05-07,Fashion,Sunglasses,South,Credit Card,1,2287.19,15,1944.11
ORD102235,CUST00247,2024-11-09,Electronics,Laptop Sleeve,East,,1,882.59,5,838.46
ORD106550,CUST00418,2024-11-15,Sports,Yoga Mat,North,Debit Card,2,2667.31,0,5334.62
ORD108056,CUST00056,2023-12-26,Home & Kitchen,Cushion Cover,South,Net Banking,2,1596.69,0,3193.38
ORD107532,CUST00365,2024-02-15,Home & Kitchen,Cushion Cover,West,Credit Card,1,1143.74,0,1143.74
ORD102785,CUST01151,2024-09-10,Sports,Cycling Gloves,South,UPI,1,1824.71,0,1824.71
ORD102127,CUST00221,2024-01-18,Home & Kitchen,Water Bottle,Central,Debit Card,2,847.26,0,1694.52
ORD102307,CUST00360,2024-10-07,Electronics,Laptop Sleeve,North,Debit Card,1,2168.53,0,2168.53
ORD103940,CUST00225,2024-09-05,Home & Kitchen,Water Bottle,South,Credit Card,1,536.26,0,536.26
ORD101436,CUST01179,2024-11-08,beauty,Face Serum,South,Credit Card,1,433.15,15,368.18
ORD108651,CUST00471,2024-03-26,Sports,Yoga Mat,South,Credit Card,2,1256.2,5,2386.78
ORD104194,CUST00242,2024-07-16,Electronics,Power Bank,East,Credit Card,1,3494.0,0,3494.0
ORD101302,CUST00749,2024-06-13,Fashion,Sunglasses,Central,Net Banking,1,984.74,15,837.03
ORD100936,CUST00785,2023-10-22,Fashion,Cotton T-Shirt,East,Credit Card,1,1441.56,5,1369.48
ORD105945,CUST00141,2023-11-03,Books,Cookbook,South,Cash on Delivery,2,626.71,0,1253.42
ORD104980,CUST00550,2024-10-11,books,Fiction Novel,Central,Credit Card,2,762.14,0,1524.28
ORD101390,CUST00192,2024-05-14,Beauty,Sunscreen SPF50,North,Debit Card,1,297.41,0,297.41
ORD104021,CUST00421,2023-03-21,Books,Cookbook,North,Debit Card,3,507.91,15,1295.17
ORD102288,CUST00018,2023-08-06,Sports,Resistance Bands,West,UPI,2,878.19,0,1756.38
ORD107909,CUST00916,2023-12-23,Beauty,Perfume,South,Cash on Delivery,1,682.91,10,614.62
ORD108675,CUST00002,2024-04-20,Beauty,Sunscreen SPF50,West,UPI,1,1426.13,0,1426.13
ORD101460,CUST00166,2023-12-09,Home & Kitchen,Non-stick Pan,West,Debit Card,2,1232.6,5,2341.94
ORD103710,CUST01000,2023-11-06,Electronics,Wireless Earbuds,East,Credit Card,4,3366.31,5,12791.98
ORD107912,CUST00524,2024-11-02,Home & Kitchen,LED Lamp,South,UPI,3,356.16,0,1068.48
ORD106198,CUST00571,2023-12-01,Books,Cookbook,Central,Debit Card,3,574.38,0,1723.14
ORD102883,CUST01193,2024-02-25,Books,Self-Help Book,North,Credit Card,1,172.98,0,172.98
ORD102662,CUST00186,2024-10-01,Sports,Resistance Bands,North,Debit Card,1,1632.48,0,1632.48
ORD105947,CUST00035,2024-11-29,Sports,Cycling Gloves,East,Debit Card,1,554.14,5,526.43
ORD100212,CUST00215,2024-12-14,Home & Kitchen,LED Lamp,West,Credit Card,3,211.48,20,507.55
ORD108802,CUST00007,2023-07-17,Electronics,Smartwatch,Central,UPI,2,3179.14,10,5722.45
ORD102069,CUST00569,2023-10-17,Electronics,Power Bank,South,Credit Card,1,2054.19,5,1951.48
ORD101157,CUST00077,2023-10-24,Electronics,Wireless Earbuds,South,Debit Card,2,2295.96,0,4591.92
ORD103866,CUST00128,2024-02-18,Electronics,Power Bank,North,Credit Card,1,3557.55,0,3557.55
ORD107170,CUST01174,2024-12-07,Fashion,Denim Jacket,West,UPI,1,701.51,0,701.51
ORD101944,CUST01176,2024-03-19,Books,Cookbook,East,Credit Card,1,588.85,5,559.41
ORD106875,CUST00503,2023-04-28,Beauty,Lip Balm Set,West,Cash on Delivery,1,356.56,0,356.56
ORD101997,CUST00806,2023-05-08,Fashion,Denim Jacket,West,Credit Card,2,870.64,5,1654.22
ORD103297,CUST00471,2024-05-30,Electronics,Smartwatch,West,Cash on Delivery,1,3516.75,0,3516.75
ORD102406,CUST00199,2024-09-12,Beauty,Sunscreen SPF50,North,UPI,2,588.47,20,941.55
ORD107161,CUST00060,2024-07-17,Fashion,Leather Wallet,Central,UPI,1,1157.45,0,1157.45
ORD102503,CUST00481,2024-12-24,Fashion,Cotton T-Shirt,Central,Debit Card,2,1795.54,20,2872.86
ORD103082,CUST00380,2024-02-07,Electronics,Smartwatch,East,UPI,1,3896.91,10,3507.22
ORD107489,CUST00467,2023-10-16,Sports,Cricket Bat,North,Credit Card,1,2081.68,10,1873.51
ORD105967,CUST00269,2023-05-15,Electronics,Wireless Earbuds,North,Debit Card,1,2527.51,0,2527.51
ORD107019,CUST00206,2023-11-25,Fashion,Leather Wallet,South,Credit Card,1,341.87,5,324.78
ORD105808,CUST00257,2023-05-17,Electronics,Bluetooth Speaker,North,Cash on Delivery,2,1742.41,15,2962.1
ORD105979,CUST00909,2024-01-04,Sports,Resistance Bands,South,Credit Card,1,2855.38,0,2855.38
ORD108570,CUST00265,2024-02-03,Beauty,Face Serum,East,Net Banking,2,528.77,0,1057.54
ORD104053,CUST00835,2024-09-25,Home & Kitchen,Cushion Cover,East,Credit Card,1,277.97,0,277.97
ORD108812,CUST00297,2023-06-02,Beauty,Lip Balm Set,North,Net Banking,1,1191.06,0,1191.06
ORD103977,CUST00083,2023-12-27,Fashion,Running Shoes,North,UPI,3,1351.05,0,4053.15
ORD102386,CUST00145,2023-10-17,Electronics,Bluetooth Speaker,East,UPI,1,2274.34,0,2274.34
ORD106722,CUST00028,2024-07-16,Electronics,Wireless Earbuds,South,UPI,1,2671.05,5,2537.5
ORD106623,CUST00882,2024-09-03,Electronics,Smartwatch,West,Credit Card,1,2973.97,20,2379.18
ORD102315,CUST00002,2024-08-16,Fashion,Running Shoes,South,UPI,2,897.95,0,1795.9
ORD105823,CUST00986,2024-07-13,Electronics,Power Bank,South,Debit Card,1,1708.23,15,1452.0
ORD107810,CUST00347,2023-12-27,Electronics,Wireless Earbuds,East,UPI,1,2950.21,15,2507.68
ORD107568,CUST00500,2024-05-22,Sports,Cycling Gloves,Central,Net Banking,1,1755.36,5,1667.59
ORD106664,CUST00438,2024-01-17,Fashion,Denim Jacket,South,UPI,1,771.58,0,771.58
ORD101666,CUST00245,2024-04-28,Electronics,Bluetooth Speaker,East,Net Banking,1,2976.01,0,2976.01
ORD105980,CUST00210,2024-02-20,Home & Kitchen,Non-stick Pan,North,UPI,1,887.9,0,887.9
ORD104081,CUST00051,2024-04-29,Books,Self-Help Book,North,Debit Card,1,586.25,10,527.62
ORD100996,CUST00306,2023-06-14,Electronics,Smartwatch,South,Cash on Delivery,4,1941.7,0,7766.8
ORD107241,CUST00210,2024-07-18,Home & Kitchen,Water Bottle,North,Debit Card,1,1465.68,0,1465.68
ORD104320,CUST00124,2024-10-12,Fashion,Running Shoes,Central,Debit Card,1,2060.54,5,1957.51
ORD103918,CUST01055,2024-11-28,Home & Kitchen,Cushion Cover,South,UPI,1,1293.54,10,1164.19
ORD104421,CUST00199,2024-09-20,Electronics,Laptop Sleeve,West,Cash on Delivery,2,1023.89,0,2047.78
ORD102441,CUST00044,2024-09-13,Electronics,Power Bank,Central,Debit Card,1,916.63,10,824.97
ORD100392,CUST00006,2024-12-11,Electronics,Wireless Earbuds,West,Credit Card,2,1025.35,0,2050.7
ORD108280,CUST00723,2024-11-21,Fashion,Denim Jacket,South,Credit Card,2,2012.27,0,4024.54
ORD102775,CUST01115,2024-08-26,Beauty,Sunscreen SPF50,East,Debit Card,2,910.46,20,1456.74
ORD106972,CUST00748,2023-07-15,Books,Fiction Novel,Central,Net Banking,1,501.41,10,451.27
ORD105111,CUST00423,2024-05-14,Fashion,Denim Jacket,North,Credit Card,1,402.45,10,362.2
ORD103816,CUST00335,2023-07-05,Beauty,Lip Balm Set,South,Net Banking,2,417.06,0,834.12
ORD101441,CUST00471,2024-03-31,Home & Kitchen,Non-stick Pan,Central,Debit Card,1,1348.6,0,1348.6
ORD101389,CUST00337,2023-12-04,Fashion,Denim Jacket,East,Credit Card,1,1538.56,15,1307.78
ORD104278,CUST00185,2024-11-19,Fashion,Cotton T-Shirt,Central,Cash on Delivery,2,2068.21,5,3929.6
ORD101104,CUST01157,2023-10-15,Beauty,Lip Balm Set,North,Credit Card,1,1094.4,15,930.24
ORD100387,CUST00646,2024-02-06,Electronics,Wireless Earbuds,South,Credit Card,1,3449.14,0,3449.14
ORD100701,CUST00030,2023-07-14,Home & Kitchen,Cushion Cover,East,Debit Card,2,1055.53,0,2111.06
ORD107142,CUST00112,2024-05-16,Sports,Yoga Mat,South,UPI,1,2407.65,15,2046.5
ORD108339,CUST00435,2024-09-25,Home & Kitchen,Non-stick Pan,Central,UPI,1,1180.44,15,1003.37
ORD108240,CUST00412,2024-08-12,electronics,Power Bank,South,Cash on Delivery,1,2632.36,20,2105.89
ORD106459,CUST00885,2023-10-04,Home & Kitchen,Storage Organizer,Central,Credit Card,2,848.58,10,1527.44
ORD103157,CUST00234,2024-04-10,Electronics,Laptop Sleeve,Central,Credit Card,1,3762.52,0,3762.52
ORD108889,CUST00137,2024-09-25,Beauty,Sunscreen SPF50,West,Debit Card,1,1002.41,20,801.93
ORD108820,CUST00976,2024-06-03,Beauty,Lip Balm Set,South,UPI,1,1360.02,15,1156.02
ORD107751,CUST01089,2024-05-05,Fashion,Sunglasses,North,Credit Card,4,1336.07,0,5344.28
ORD100671,CUST00375,2023-02-06,Sports,Cricket Bat,Central,UPI,1,2310.18,5,2194.67
ORD106506,CUST00270,2024-11-02,Sports,Cycling Gloves,East,Debit Card,1,1026.23,0,1026.23
ORD108282,CUST01041,2024-06-15,Sports,Cricket Bat,South,Debit Card,2,1690.6,10,3043.08
ORD106693,CUST00325,2024-07-26,Electronics,Power Bank,Central,Credit Card,3,2212.32,0,6636.96
ORD102215,CUST00030,2023-02-06,Electronics,Laptop Sleeve,West,Credit Card,1,1304.51,0,1304.51
ORD106737,CUST01155,2023-05-20,Fashion,Denim Jacket,West,Debit Card,1,2365.03,5,2246.78
ORD106449,CUST00005,2023-05-30,Fashion,Running Shoes,East,Debit Card,2,774.37,5,1471.3
ORD105539,CUST00545,2024-04-07,Beauty,Perfume,Central,Credit Card,1,485.02,10,436.52
ORD105610,CUST00046,2024-07-18,Fashion,Sunglasses,South,UPI,3,1425.43,0,4276.29
ORD107593,CUST00128,2024-10-10,Sports,Yoga Mat,East,Debit Card,1,1005.51,0,1005.51
ORD106240,CUST00128,2024-02-14,electronics,Wireless Earbuds,East,Debit Card,1,3284.72,20,2627.78
ORD102909,CUST01123,2024-10-05,Beauty,Face Serum,North,Debit Card,1,1485.53,10,1336.98
ORD105784,CUST00128,2024-06-04,Beauty,Lip Balm Set,North,Cash on Delivery,1,1094.33,5,1039.61
ORD101818,CUST00418,2024-11-28,Beauty,Face Serum,North,UPI,1,742.79,0,742.79
ORD103265,CUST01074,2024-03-07,Sports,Dumbbell Set,North,Credit Card,1,950.52,5,902.99
ORD108149,CUST01038,2023-07-28,Fashion,Denim Jacket,South,Debit Card,1,2445.82,15,2078.95
ORD101419,CUST00648,2024-04-05,Fashion,Denim Jacket,East,Cash on Delivery,1,2276.58,30,1593.61
ORD101003,CUST00581,2024-06-22,Home & Kitchen,Water Bottle,South,UPI,1,1697.4,5,1612.53
ORD101831,CUST00161,2024-10-13,Sports,Cricket Bat,East,Credit Card,2,2397.27,0,4794.54
ORD102927,CUST00308,2023-02-21,Fashion,Running Shoes,South,Cash on Delivery,1,2325.9,10,2093.31
ORD106140,CUST00731,2023-03-26,Electronics,Power Bank,West,Credit Card,1,3497.93,10,3148.14
ORD100561,CUST00165,2024-06-30,Sports,Cricket Bat,Central,UPI,1,358.78,5,340.84
ORD102969,CUST00581,2024-08-19,Electronics,Bluetooth Speaker,North,Debit Card,1,3234.83,0,3234.83
ORD100730,CUST00350,2024-01-11,Home & Kitchen,Water Bottle,West,Debit Card,1,1693.4,10,1524.06
ORD106881,CUST00793,2024-08-29,Sports,Cricket Bat,North,UPI,1,932.97,10,839.67
ORD104068,CUST00198,2023-04-26,Electronics,Laptop Sleeve,North,Credit Card,1,3467.83,10,3121.05
ORD108502,CUST00945,2024-02-25,Books,Business Biography,South,Debit Card,1,375.69,0,375.69
ORD107427,CUST00410,2024-01-25,Fashion,Sunglasses,South,Debit Card,2,2042.94,10,3677.29
ORD104951,CUST00300,2024-10-30,Beauty,Hair Dryer,North,UPI,2,574.58,10,1034.24
ORD102392,CUST00002,2024-07-20,Beauty,Perfume,Central,UPI,1,695.84,0,695.84
ORD107301,CUST00749,2023-12-24,Home & Kitchen,Water Bottle,Central,Cash on Delivery,1,797.31,30,558.12
ORD108424,CUST00017,2024-11-06,Sports,Cricket Bat,Central,UPI,3,2722.86,10,7351.72
ORD102599,CUST00134,2024-11-22,Fashion,Denim Jacket,,UPI,2,2124.36,0,-4248.72
ORD102360,CUST01073,2023-08-07,Books,Cookbook,East,Debit Card,1,248.7,5,236.26
ORD108388,CUST00557,2024-04-29,Sports,Cycling Gloves,West,Cash on Delivery,1,2528.85,0,2528.85
ORD100101,CUST00569,2023-09-26,Books,Self-Help Book,North,Credit Card,2,603.19,0,1206.38
ORD107792,CUST00120,2024-11-20,Beauty,Face Serum,North,Cash on Delivery,1,1171.73,30,820.21
ORD105988,CUST01147,2024-12-03,Fashion,Cotton T-Shirt,Central,Cash on Delivery,1,1214.68,0,1214.68
ORD105620,CUST00682,2024-11-14,Home & Kitchen,Storage Organizer,West,Debit Card,2,1291.86,0,2583.72
ORD101128,CUST00904,2024-06-14,Books,Cookbook,Central,Credit Card,2,433.63,15,737.17
ORD108646,CUST00244,2024-09-08,Books,Self-Help Book,West,Credit Card,1,767.61,0,767.61
ORD100083,CUST00177,2024-10-16,Electronics,Power Bank,North,Cash on Delivery,2,3868.75,0,7737.5
ORD108212,CUST00963,2023-12-06,Electronics,Smartwatch,Central,UPI,1,2072.86,0,2072.86
ORD106657,CUST00221,2024-02-07,Electronics,Wireless Earbuds,Central,Net Banking,1,906.38,10,815.74
ORD101602,CUST00117,2024-08-24,Fashion,Sunglasses,Central,Cash on Delivery,1,1277.48,5,1213.61
ORD101213,CUST00247,2024-07-23,Sports,Resistance Bands,North,UPI,2,2083.88,0,4167.76
ORD101925,CUST00128,2024-04-11,Fashion,Running Shoes,North,Debit Card,1,1854.25,5,1761.54
ORD105919,CUST00250,2023-12-05,Home & Kitchen,LED Lamp,North,Credit Card,2,861.89,0,1723.78
ORD102358,CUST00031,2023-12-26,Electronics,Bluetooth Speaker,South,Credit Card,1,4383.12,0,4383.12
ORD104908,CUST00338,2024-02-13,Fashion,Sunglasses,North,Credit Card,1,1046.54,0,1046.54
ORD103176,CUST00017,2024-10-28,Books,Kids Storybook,Central,UPI,1,677.8,5,643.91
ORD104064,CUST00682,2024-08-13,Home & Kitchen,Non-stick Pan,Central,UPI,2,1349.6,0,2699.2
ORD102572,CUST00646,2024-01-08,Electronics,Smartwatch,East,Debit Card,1,1500.65,0,1500.65
ORD106924,CUST00128,2024-03-05,Fashion,Running Shoes,South,Debit Card,1,647.59,10,582.83
ORD108607,CUST00087,2024-06-29,Electronics,Smartwatch,North,Debit Card,1,3702.94,10,3332.65
ORD106242,CUST00121,2024-08-22,Home & Kitchen,Non-stick Pan,Central,Credit Card,1,646.95,20,517.56
ORD104306,CUST00929,2024-03-25,Home & Kitchen,Non-stick Pan,North,Credit Card,2,470.02,0,940.04
ORD105634,CUST00120,2024-11-16,Sports,Cycling Gloves,North,,1,2275.87,0,2275.87
ORD105235,CUST00114,2024-09-28,Books,Kids Storybook,,Net Banking,2,502.42,0,1004.84
ORD100089,CUST00270,2024-05-24,Books,Kids Storybook,South,Cash on Delivery,1,516.65,10,464.98
ORD103812,CUST00221,2023-11-25,Fashion,Sunglasses,North,Debit Card,2,2252.66,15,3829.52
ORD105810,CUST00589,2024-05-20,Electronics,Bluetooth Speaker,South,UPI,2,2147.06,30,3005.88
ORD102701,CUST00480,2024-08-26,Beauty,Perfume,North,Debit Card,1,1054.39,5,1001.67
ORD105182,CUST00745,2024-08-17,Electronics,Power Bank,West,Debit Card,1,3826.3,0,3826.3
ORD103230,CUST00248,2024-05-27,Electronics,Power Bank,East,Debit Card,1,2997.86,10,2698.07
ORD103480,CUST00317,2024-09-29,Home & Kitchen,Cushion Cover,North,Credit Card,2,320.54,10,576.97
ORD108825,CUST00064,2024-04-12,Fashion,Leather Wallet,East,Debit Card,1,305.56,10,275.0
ORD108139,CUST00294,2023-12-31,Beauty,Face Serum,Central,Net Banking,1,301.58,10,271.42
ORD108067,CUST00493,2023-07-07,Fashion,Cotton T-Shirt,North,Credit Card,1,1015.81,0,1015.81
ORD107791,CUST00925,2023-11-21,Electronics,Power Bank,South,Debit Card,1,2696.61,0,2696.61
ORD104540,CUST01140,2024-02-03,Electronics,Bluetooth Speaker,West,UPI,1,3749.95,10,3374.96
ORD105552,CUST00157,2024-09-19,Home & Kitchen,Storage Organizer,South,UPI,1,1279.11,0,1279.11
ORD106220,CUST00081,2024-07-10,Fashion,Cotton T-Shirt,West,Credit Card,1,604.69,0,604.69
ORD106403,CUST01077,2024-10-01,Beauty,Lip Balm Set,South,Debit Card,2,223.43,10,402.17
ORD100780,CUST00692,2024-08-20,Electronics,Power Bank,West,Debit Card,2,3222.1,5,6121.99
ORD102661,CUST00564,2024-09-10,Fashion,Leather Wallet,South,Credit Card,2,1899.33,5,3608.73
ORD108232,CUST00892,2024-10-11,Beauty,Hair Dryer,South,Cash on Delivery,1,1088.74,0,1088.74
ORD107221,CUST00418,2024-11-14,Electronics,Power Bank,North,Credit Card,4,2470.81,0,9883.24
ORD107442,CUST00541,2023-05-21,Electronics,Laptop Sleeve,East,Credit Card,2,2053.17,5,3901.02
ORD107449,CUST00385,2023-12-30,Sports,Yoga Mat,South,Credit Card,1,2093.71,10,1884.34
ORD103729,CUST00294,2024-04-03,Electronics,Power Bank,East,UPI,1,2504.68,0,2504.68
ORD102116,CUST00128,2024-06-13,Home & Kitchen,Water Bottle,Central,Debit Card,1,1105.48,0,1105.48
ORD106017,CUST00791,2023-09-29,Electronics,Bluetooth Speaker,North,Net Banking,3,3421.4,20,8211.36
ORD108838,CUST00147,2023-12-04,Fashion,Sunglasses,North,Debit Card,1,1901.18,0,1901.18
ORD106241,CUST00497,2023-02-27,Sports,Cricket Bat,North,Debit Card,1,1791.2,15,1522.52
ORD104332,CUST00579,2023-03-19,Beauty,Face Serum,South,Debit Card,1,1080.12,5,1026.11
ORD106720,CUST00772,2023-05-27,electronics,Bluetooth Speaker,Central,Net Banking,1,997.6,5,947.72
ORD105822,CUST00804,2024-09-10,Sports,Cycling Gloves,West,UPI,1,2372.88,10,2135.59
ORD107833,CUST00361,2023-08-29,Fashion,Cotton T-Shirt,South,UPI,1,2413.27,0,2413.27
ORD100648,CUST00806,2024-05-14,Fashion,Sunglasses,South,UPI,1,684.14,30,478.9
ORD104549,CUST00877,2023-09-04,Beauty,Perfume,West,Debit Card,1,374.88,30,262.42
ORD106445,CUST00338,2024-04-09,Beauty,Lip Balm Set,East,UPI,2,1416.77,20,2266.83
ORD104224,CUST00918,2023-08-21,Sports,Cycling Gloves,North,UPI,1,1327.96,15,1128.77
ORD104211,CUST00253,2024-05-07,Fashion,Denim Jacket,North,Debit Card,2,1525.06,20,2440.1
ORD104120,CUST01148,2024-06-12,Fashion,Sunglasses,North,UPI,2,422.95,0,845.9
ORD104597,CUST00182,2024-11-22,Sports,Resistance Bands,South,UPI,2,2220.68,20,3553.09
ORD101034,CUST00739,2024-06-15,Home & Kitchen,Non-stick Pan,North,Credit Card,1,365.78,15,310.91
ORD108047,CUST00514,2024-04-29,Beauty,Hair Dryer,North,UPI,2,1403.47,10,2526.25
ORD102039,CUST00385,2024-07-23,Fashion,Sunglasses,North,UPI,1,307.4,5,292.03
ORD107323,CUST00647,2023-10-20,Beauty,Face Serum,North,Debit Card,1,873.85,15,742.77
ORD101285,CUST00192,2024-05-23,Sports,Yoga Mat,East,Debit Card,3,2821.7,20,6772.08
ORD108184,CUST01116,2023-03-16,Sports,Resistance Bands,Central,Debit Card,1,2619.33,0,2619.33
ORD108071,CUST01155,2024-05-21,Beauty,Face Serum,Central,UPI,1,634.0,0,634.0
ORD104763,CUST00005,2023-04-10,Electronics,Power Bank,Central,UPI,1,1264.85,0,1264.85
ORD107825,CUST00225,2024-09-20,Fashion,Sunglasses,South,Credit Card,1,601.22,0,601.22
ORD100008,CUST00361,2023-09-26,Beauty,Face Serum,West,Debit Card,1,737.93,10,664.14
ORD107599,CUST00333,2024-02-05,Home & Kitchen,LED Lamp,East,UPI,1,448.91,0,448.91
ORD103354,CUST00061,2024-04-09,Sports,Dumbbell Set,West,UPI,1,1227.8,0,1227.8
ORD105897,CUST00308,2023-02-22,Fashion,Sunglasses,North,UPI,2,1156.19,0,2312.38
ORD107299,CUST00128,2024-03-03,Sports,Yoga Mat,Central,UPI,2,914.01,5,1736.62
ORD106592,CUST00865,2024-10-04,Books,Fiction Novel,South,Debit Card,1,796.05,0,796.05
ORD102675,CUST00361,2023-12-10,Electronics,Wireless Earbuds,South,Debit Card,1,1594.73,0,1594.73
ORD103748,CUST00821,2023-10-21,Fashion,Leather Wallet,West,UPI,2,2153.08,30,3014.31
ORD103257,CUST01073,2023-08-12,Books,Kids Storybook,South,Credit Card,2,350.21,0,700.42
ORD104683,CUST00746,2024-10-14,Sports,Dumbbell Set,East,Credit Card,1,2020.27,10,1818.24
ORD106890,CUST00916,2023-11-12,Sports,Cricket Bat,East,Credit Card,1,1734.89,0,1734.89
ORD104104,CUST00300,2024-10-17,Fashion,Sunglasses,Central,UPI,1,1479.5,10,1331.55
ORD104603,CUST00175,2024-07-05,Electronics,Laptop Sleeve,North,Cash on Delivery,1,3630.68,30,2541.48
ORD100743,CUST00292,2024-08-22,Fashion,Cotton T-Shirt,South,UPI,1,674.31,0,674.31
ORD100831,CUST00247,2024-05-18,Beauty,Hair Dryer,West,Debit Card,1,1172.49,30,820.74
ORD108312,CUST00731,2023-07-29,Beauty,Lip Balm Set,West,Credit Card,1,1490.0,0,1490.0
ORD103236,CUST00375,2023-12-02,Books,Cookbook,East,UPI,4,411.28,0,1645.12
ORD100177,CUST01014,2023-09-02,Fashion,Sunglasses,East,Cash on Delivery,1,1568.55,0,1568.55
ORD102271,CUST00656,2024-01-28,Home & Kitchen,Non-stick Pan,South,Cash on Delivery,1,215.63,15,183.29
ORD102967,CUST00211,2024-10-05,Fashion,Denim Jacket,West,Debit Card,1,1386.74,0,1386.74
ORD101547,CUST00979,2024-07-02,Fashion,Running Shoes,South,UPI,1,985.11,0,985.11
ORD105584,CUST00599,2024-01-04,Sports,Yoga Mat,South,Debit Card,1,2855.15,0,2855.15
ORD108428,CUST00120,2024-11-20,Electronics,Power Bank,South,UPI,1,2914.76,0,2914.76
ORD103649,CUST01139,2023-04-11,Beauty,Lip Balm Set,West,UPI,1,1439.52,0,1439.52
ORD102424,CUST00245,2024-01-06,Sports,Cycling Gloves,North,Credit Card,1,1181.05,20,944.84
ORD106801,CUST00212,2023-06-27,Sports,Resistance Bands,South,UPI,1,1425.78,0,1425.78
ORD106619,CUST00638,2023-06-02,Fashion,Denim Jacket,South,Credit Card,1,1145.69,0,1145.69
ORD102301,CUST00191,2024-07-06,Electronics,Smartwatch,Central,Credit Card,2,4439.92,10,7991.86
ORD100672,CUST00404,2024-09-18,Electronics,Smartwatch,Central,Net Banking,1,2491.75,15,2117.99
ORD103739,CUST00475,2023-01-18,Home & Kitchen,Cushion Cover,North,Net Banking,1,649.84,0,649.84
ORD100402,CUST00839,2024-10-03,Beauty,Perfume,East,UPI,1,1308.58,0,1308.58
ORD100694,CUST00210,2024-03-08,Electronics,Wireless Earbuds,South,UPI,1,3511.08,15,2984.42
ORD107007,CUST00793,2024-10-28,Beauty,Hair Dryer,Central,Debit Card,1,177.02,20,141.62
ORD107251,CUST01146,2023-12-29,Beauty,Lip Balm Set,South,UPI,1,754.09,15,640.98
ORD105441,CUST00889,2024-09-13,Home & Kitchen,Storage Organizer,South,Debit Card,1,325.26,5,309.0
ORD108224,CUST00248,2023-08-12,electronics,Smartwatch,West,Cash on Delivery,1,2817.01,30,1971.91
ORD101521,CUST00984,2024-04-22,Fashion,Cotton T-Shirt,Central,UPI,1,2410.23,0,2410.23
ORD101241,CUST00064,2023-11-07,Electronics,Bluetooth Speaker,Central,Debit Card,1,1677.19,0,1677.19
ORD106022,CUST00568,2023-11-16,Sports,Cycling Gloves,South,Net Banking,1,2055.58,5,1952.8
ORD103457,CUST00634,2024-05-22,Books,Self-Help Book,North,Credit Card,1,266.16,0,266.16
ORD107670,CUST00128,2024-04-07,Home & Kitchen,Cushion Cover,West,Cash on Delivery,1,706.89,5,671.55
ORD100917,CUST00135,2024-09-30,Fashion,Sunglasses,Central,Cash on Delivery,1,777.71,0,777.71
ORD106113,CUST00809,2024-11-29,Fashion,Denim Jacket,Central,Credit Card,1,1366.06,20,1092.85
ORD104298,CUST00068,2024-04-23,Fashion,Running Shoes,South,Cash on Delivery,1,2333.56,0,2333.56
ORD101905,CUST00457,2024-08-11,Fashion,Leather Wallet,West,UPI,2,1184.11,15,2012.99
ORD102408,CUST01116,2023-04-24,Home & Kitchen,Water Bottle,East,Debit Card,1,846.07,0,846.07
ORD104477,CUST00241,2023-07-12,Electronics,Smartwatch,East,UPI,1,2349.71,5,2232.22
ORD106406,CUST00358,2024-01-27,Electronics,Laptop Sleeve,West,UPI,2,1288.86,15,2191.06
ORD101107,CUST01178,2024-11-23,Fashion,Running Shoes,South,Debit Card,1,2250.49,0,2250.49
ORD100351,CUST00731,2023-07-07,Fashion,Running Shoes,Central,Credit Card,1,920.22,20,736.18
ORD103027,CUST00928,2024-11-22,Books,Self-Help Book,West,UPI,1,303.59,0,303.59
ORD107058,CUST00787,2023-02-21,Home & Kitchen,Cushion Cover,Central,Cash on Delivery,1,1471.65,0,1471.65
ORD107817,CUST00927,2024-06-21,Electronics,Laptop Sleeve,East,Net Banking,1,3817.19,20,3053.75
ORD107211,CUST00785,2023-11-27,Fashion,Running Shoes,Central,Credit Card,1,1041.71,15,885.45
ORD102747,CUST00617,2023-07-05,Fashion,Leather Wallet,West,Credit Card,1,318.25,5,302.34
ORD108357,CUST00466,2024-07-06,Books,Cookbook,North,Credit Card,1,622.12,0,622.12
ORD105325,CUST00758,2024-03-26,Electronics,Smartwatch,West,Debit Card,1,3777.87,0,3777.87
ORD105726,CUST00194,2023-11-24,Electronics,Wireless Earbuds,East,Debit Card,1,2155.79,5,2048.0
ORD100333,CUST00896,2024-06-01,Electronics,Wireless Earbuds,West,UPI,1,3569.85,0,3569.85
ORD100456,CUST00612,2023-11-22,Electronics,Power Bank,West,Credit Card,1,1898.51,20,1518.81
ORD104475,CUST00315,2023-09-30,Beauty,Hair Dryer,North,Credit Card,1,703.69,0,703.69
ORD101683,CUST00214,2024-11-29,electronics,Power Bank,North,Debit Card,1,1544.38,0,1544.38
ORD106743,CUST00375,2023-06-17,Sports,Cricket Bat,Central,Credit Card,1,2938.97,0,2938.97
ORD101995,CUST00733,2024-07-17,Beauty,Sunscreen SPF50,Central,Cash on Delivery,2,1238.84,10,2229.91
ORD106084,CUST00108,2024-09-23,Sports,Dumbbell Set,North,UPI,1,435.16,5,413.4
ORD102410,CUST00301,2023-06-22,Home & Kitchen,Non-stick Pan,East,Credit Card,2,1317.74,0,2635.48
ORD106278,CUST00384,2023-10-02,Sports,Cycling Gloves,Central,UPI,1,1837.33,30,1286.13
ORD108738,CUST01134,2024-11-02,Electronics,Wireless Earbuds,South,Cash on Delivery,1,3224.61,5,3063.38
ORD103087,CUST01136,2023-07-16,Sports,Dumbbell Set,North,UPI,2,1961.05,0,3922.1
ORD103269,CUST00970,2023-09-02,Home & Kitchen,Cushion Cover,West,Credit Card,1,658.2,5,625.29
ORD104712,CUST01195,2024-12-02,Beauty,Face Serum,East,Credit Card,2,1266.4,0,2532.8
ORD105811,CUST00161,2024-10-15,Beauty,Lip Balm Set,East,Debit Card,1,720.38,0,720.38
ORD103170,CUST00818,2024-07-22,Electronics,Bluetooth Speaker,Central,UPI,2,3928.84,0,7857.68
ORD108637,CUST00328,2023-10-13,Electronics,Wireless Earbuds,South,Credit Card,1,2641.31,0,2641.31
ORD101763,CUST00236,2024-11-04,Electronics,Power Bank,North,Credit Card,2,3053.95,15,5191.71
ORD104264,CUST00396,2024-02-16,Books,Self-Help Book,North,Net Banking,1,218.57,10,196.71
ORD100407,CUST00963,2024-05-24,Beauty,Sunscreen SPF50,North,Credit Card,1,227.08,10,204.37
ORD101040,CUST00679,2024-12-28,Electronics,Wireless Earbuds,Central,UPI,1,3593.42,15,3054.41
ORD108891,CUST00361,2023-12-17,Home & Kitchen,Non-stick Pan,South,UPI,1,1169.24,10,1052.32
ORD105073,CUST00916,2023-09-10,Fashion,Sunglasses,Central,Credit Card,3,1209.63,15,3084.56
ORD108343,CUST01107,2024-04-06,Electronics,Bluetooth Speaker,South,Debit Card,1,3393.28,20,2714.62
ORD101197,CUST00381,2024-11-04,Fashion,Cotton T-Shirt,South,Debit Card,1,1764.48,5,-1676.26
ORD100451,CUST01140,2024-01-02,Electronics,Wireless Earbuds,West,Credit Card,1,1812.11,30,1268.48
ORD103667,CUST01080,2024-04-09,Sports,Resistance Bands,South,UPI,1,1326.96,10,1194.26
ORD106376,CUST00749,2024-07-06,Fashion,Leather Wallet,South,UPI,1,911.91,0,911.91
ORD102296,CUST00453,2023-11-24,Electronics,Power Bank,North,Cash on Delivery,1,966.43,5,918.11
ORD100095,CUST01054,2024-03-04,Fashion,Sunglasses,North,UPI,1,382.66,10,344.39
ORD102136,CUST00120,2024-12-07,Sports,Resistance Bands,North,Cash on Delivery,1,2533.12,10,2279.81
ORD105768,CUST00581,2024-07-01,Home & Kitchen,LED Lamp,West,UPI,1,683.54,0,683.54
ORD101179,CUST00471,2024-07-24,Fashion,Cotton T-Shirt,South,Credit Card,1,386.66,5,367.33
ORD108102,CUST00788,2024-04-05,Home & Kitchen,Water Bottle,West,Cash on Delivery,1,1913.01,0,1913.01
ORD100134,CUST00128,2024-02-28,Fashion,Running Shoes,East,UPI,2,1038.48,5,1973.11
ORD105613,CUST00375,2023-02-28,Electronics,Laptop Sleeve,South,UPI,1,1434.58,15,1219.39
ORD108473,CUST00571,2024-01-19,Home & Kitchen,Water Bottle,West,Credit Card,1,952.25,0,952.25
ORD107645,CUST01189,2024-02-04,Fashion,Cotton T-Shirt,West,Cash on Delivery,1,799.59,0,799.59
ORD108527,CUST00551,2024-07-18,Electronics,Power Bank,West,Credit Card,1,2487.22,0,2487.22
ORD105423,CUST00109,2024-03-22,Electronics,Power Bank,South,Debit Card,1,4147.7,20,3318.16
ORD102633,CUST00736,2023-03-16,Fashion,Leather Wallet,Central,Debit Card,1,1819.66,0,1819.66
ORD100571,CUST00395,2024-03-15,Electronics,Power Bank,North,Credit Card,1,3300.8,0,3300.8
ORD105960,CUST00555,2024-01-08,Fashion,Running Shoes,West,Debit Card,1,1742.73,0,1742.73
ORD100687,CUST00782,2024-10-21,Fashion,Leather Wallet,South,UPI,2,1789.56,0,3579.12
ORD104770,CUST01052,2023-11-10,Electronics,Power Bank,South,Credit Card,1,4484.42,0,4484.42
ORD105117,CUST00708,2023-08-16,Electronics,Power Bank,South,Debit Card,1,1891.15,15,1607.48
ORD100596,CUST00114,2023-02-04,Home & Kitchen,Cushion Cover,Central,Net Banking,1,436.82,15,371.3
ORD103626,CUST01092,2024-03-31,Sports,Dumbbell Set,South,Cash on Delivery,2,1272.45,5,2417.66
ORD108798,CUST01026,2024-11-15,Sports,Resistance Bands,East,Credit Card,2,784.97,0,1569.94
ORD104667,CUST00279,2024-06-04,Beauty,Sunscreen SPF50,North,UPI,1,1439.51,10,1295.56
ORD105240,CUST00523,2023-05-15,sports,Yoga Mat,South,UPI,1,1055.84,10,950.26
ORD104867,CUST01074,2023-11-30,Fashion,Leather Wallet,South,Credit Card,1,2188.37,10,1969.53
ORD102733,CUST00532,2024-06-09,Fashion,Sunglasses,South,UPI,1,1616.43,10,1454.79
ORD106981,CUST00937,2024-05-09,Electronics,Wireless Earbuds,North,Debit Card,2,1378.35,0,2756.7
ORD102806,CUST00914,2024-08-17,Beauty,Hair Dryer,West,Net Banking,3,1465.66,15,3737.43
ORD106670,CUST01019,2024-04-05,Electronics,Wireless Earbuds,North,UPI,2,4410.96,0,8821.92
ORD108771,CUST00916,2024-07-17,Books,Fiction Novel,North,Cash on Delivery,1,164.27,30,114.99
ORD100950,CUST01145,2024-07-22,Electronics,Bluetooth Speaker,East,UPI,1,1971.41,0,1971.41
ORD104371,CUST01116,2023-07-01,books,Fiction Novel,West,UPI,2,272.25,0,544.5
ORD108790,CUST00346,2023-09-04,Beauty,Sunscreen SPF50,West,Debit Card,1,538.82,20,431.06
ORD108736,CUST00531,2024-12-10,Beauty,Face Serum,South,Debit Card,2,1477.81,0,2955.62
ORD108678,CUST00745,2023-05-21,Home & Kitchen,Non-stick Pan,West,Credit Card,1,1743.4,10,1569.06
ORD103409,CUST00783,2023-05-02,Books,Cookbook,Central,Net Banking,1,386.35,0,386.35
ORD100741,CUST00149,2023-11-19,Fashion,Leather Wallet,West,Credit Card,3,2341.14,10,6321.08
ORD103491,CUST01087,2024-10-10,Electronics,Power Bank,Central,Credit Card,1,2873.28,20,2298.62
ORD106409,CUST01116,2023-07-20,Electronics,Smartwatch,South,Cash on Delivery,1,4008.17,0,4008.17
ORD100895,CUST00128,2024-06-06,Home & Kitchen,LED Lamp,South,UPI,1,748.66,5,711.23
ORD103117,CUST00070,2024-05-12,Fashion,Leather Wallet,West,Cash on Delivery,2,1952.23,0,3904.46
ORD105245,CUST00954,2024-11-24,Electronics,Smartwatch,North,Cash on Delivery,2,3369.72,5,6402.47
ORD103973,CUST00308,2023-08-16,Electronics,Wireless Earbuds,West,Net Banking,1,1774.5,0,1774.5
ORD100246,CUST00916,2024-02-09,Sports,Cricket Bat,South,Debit Card,1,1860.37,0,1860.37
ORD103653,CUST00511,2024-11-02,Books,Kids Storybook,Central,Credit Card,1,523.35,5,497.18
ORD108363,CUST00731,2024-05-31,Sports,Resistance Bands,Central,Debit Card,1,2640.87,0,2640.87
ORD100949,CUST00656,2024-11-30,Fashion,Denim Jacket,Central,,1,2123.65,0,2123.65
ORD101903,CUST00127,2024-05-27,Electronics,Bluetooth Speaker,North,Debit Card,2,3824.24,15,6501.21
ORD102755,CUST00336,2023-05-14,Home & Kitchen,Storage Organizer,West,Credit Card,1,1452.94,0,1452.94
ORD102768,CUST00918,2023-12-06,Electronics,Bluetooth Speaker,West,Cash on Delivery,1,3766.91,10,3390.22
ORD102714,CUST00904,2024-08-12,Fashion,Running Shoes,South,Net Banking,1,679.85,0,679.85
ORD102011,CUST00795,2024-12-26,Home & Kitchen,Cushion Cover,East,Credit Card,2,446.69,15,759.37
ORD100117,CUST00199,2024-10-08,Beauty,Face Serum,North,UPI,1,218.16,0,218.16
ORD104476,CUST01039,2024-09-02,Books,Business Biography,West,Credit Card,1,434.63,15,369.44
ORD100788,CUST01116,2024-11-14,Sports,Resistance Bands,West,Credit Card,2,2146.68,10,3864.02
ORD101682,CUST00184,2024-05-05,Home & Kitchen,LED Lamp,East,Debit Card,1,303.98,0,303.98
ORD106628,CUST00831,2024-04-17,Home & Kitchen,Water Bottle,East,Credit Card,1,282.13,0,282.13
ORD108737,CUST00741,2023-09-25,Fashion,Running Shoes,East,Debit Card,1,2136.29,0,2136.29
ORD107798,CUST00298,2024-02-05,Sports,Dumbbell Set,South,Credit Card,1,1626.71,0,1626.71
ORD107605,CUST00673,2023-06-04,Fashion,Running Shoes,North,UPI,1,2402.97,0,2402.97
ORD105509,CUST01074,2023-06-18,Fashion,Leather Wallet,East,Credit Card,1,1059.88,10,953.89
ORD102156,CUST00544,2024-03-02,Electronics,Wireless Earbuds,North,Cash on Delivery,1,1503.69,0,1503.69
ORD101225,CUST00478,2024-06-13,Sports,Yoga Mat,South,Credit Card,1,688.1,0,688.1
ORD104928,CUST00392,2023-10-09,Fashion,Sunglasses,East,UPI,1,1755.18,0,1755.18
ORD107731,CUST00009,2024-01-12,Sports,Dumbbell Set,North,Credit Card,1,1314.43,15,1117.27
ORD108373,CUST00114,2024-08-03,Fashion,Sunglasses,,UPI,1,313.57,20,250.86
ORD100396,CUST00302,2024-12-26,Electronics,Power Bank,North,Debit Card,1,1994.4,0,1994.4
ORD102863,CUST00453,2023-11-18,Sports,Yoga Mat,West,Debit Card,1,1970.7,0,1970.7
ORD107681,CUST00820,2023-04-29,Electronics,Laptop Sleeve,East,Debit Card,1,2203.25,5,2093.09
ORD102442,CUST00161,2024-11-25,Sports,Cricket Bat,Central,Credit Card,1,1338.31,15,1137.56
ORD104664,CUST00546,2023-09-12,Electronics,Power Bank,West,Cash on Delivery,2,2007.44,0,4014.88
ORD107700,CUST00199,2024-09-18,Beauty,Sunscreen SPF50,North,Credit Card,1,951.65,10,856.48
ORD107302,CUST00471,2024-06-16,Beauty,Face Serum,West,UPI,1,1459.96,0,1459.96
ORD108009,CUST00745,2024-07-07,Home & Kitchen,Water Bottle,North,Credit Card,1,1707.42,0,1707.42
ORD107465,CUST00114,2023-02-23,Books,Self-Help Book,West,,1,574.16,5,545.45
ORD106635,CUST00590,2024-10-11,Electronics,Power Bank,North,UPI,2,1955.16,0,3910.32
ORD101127,CUST00821,2023-11-10,Fashion,Leather Wallet,North,Credit Card,1,655.68,5,622.9
ORD102769,CUST00094,2024-06-04,Home & Kitchen,Water Bottle,East,,1,1185.31,20,948.25
ORD107940,CUST00518,2024-11-06,Home & Kitchen,Water Bottle,Central,Credit Card,1,825.81,10,743.23
ORD101170,CUST00471,2024-08-30,Books,Fiction Novel,North,,1,683.51,20,546.81
ORD105210,CUST00589,2024-04-03,Beauty,Hair Dryer,South,Credit Card,4,250.74,10,902.66
ORD102836,CUST00270,2024-02-25,Fashion,Denim Jacket,North,Credit Card,3,805.82,15,2054.84
ORD102250,CUST00568,2023-02-27,Books,Kids Storybook,Central,Credit Card,2,578.69,5,1099.51
ORD102887,CUST01019,2024-02-21,electronics,Bluetooth Speaker,East,Debit Card,1,1473.99,10,1326.59
ORD108584,CUST00931,2024-03-07,Fashion,Denim Jacket,West,Credit Card,2,657.82,0,1315.64
ORD103396,CUST00893,2024-11-24,Electronics,Smartwatch,South,UPI,1,1345.57,0,1345.57
ORD103601,CUST00116,2024-12-06,Home & Kitchen,Non-stick Pan,North,Credit Card,1,436.46,5,414.64
ORD101219,CUST00252,2023-11-09,Sports,Cycling Gloves,North,UPI,2,1685.56,5,3202.56
ORD108725,CUST00920,2024-04-10,Home & Kitchen,Water Bottle,East,Debit Card,2,1778.89,0,3557.78
ORD107542,CUST00612,2024-01-28,Fashion,Running Shoes,Central,UPI,3,1238.26,0,3714.78
ORD100433,CUST00061,2024-04-10,Home & Kitchen,LED Lamp,South,UPI,1,638.67,0,638.67
ORD104543,CUST01074,2023-05-22,Home & Kitchen,Water Bottle,South,Net Banking,1,910.95,0,910.95
ORD107351,CUST00210,2024-03-07,Home & Kitchen,Storage Organizer,West,Debit Card,1,1586.19,10,1427.57
ORD105930,CUST01189,2023-12-07,Sports,Cricket Bat,Central,Debit Card,4,777.97,0,3111.88
ORD102578,CUST00932,2023-07-28,Fashion,Running Shoes,Central,Debit Card,1,1875.44,0,1875.44
ORD101876,CUST01021,2024-07-16,Electronics,Laptop Sleeve,East,Credit Card,1,3659.66,0,3659.66
ORD107478,CUST00123,2024-08-06,Fashion,Denim Jacket,East,Debit Card,2,907.3,0,1814.6
ORD102289,CUST00597,2024-11-11,Fashion,Cotton T-Shirt,East,Credit Card,1,567.55,15,482.42
ORD105912,CUST00593,2023-05-11,Beauty,Perfume,West,UPI,1,1268.49,0,1268.49
ORD107002,CUST00731,2023-03-29,Electronics,Laptop Sleeve,Central,Credit Card,1,3118.5,0,3118.5
ORD106029,CUST00128,2024-03-15,Sports,Resistance Bands,North,UPI,1,2541.48,0,2541.48
ORD106289,CUST00614,2023-05-14,Home & Kitchen,Water Bottle,North,UPI,1,1556.86,0,1556.86
ORD108060,CUST00304,2024-06-12,Electronics,Laptop Sleeve,Central,UPI,1,3958.85,10,3562.96
ORD101417,CUST00137,2024-07-18,Home & Kitchen,Water Bottle,Central,Debit Card,2,1714.15,0,3428.3
ORD105116,CUST01127,2023-09-03,Electronics,Smartwatch,East,Debit Card,2,1329.9,0,2659.8
ORD101741,CUST00032,2024-10-22,Sports,Resistance Bands,East,,1,1219.45,10,1097.51
ORD100046,CUST01133,2023-04-08,Fashion,Leather Wallet,South,UPI,2,1363.5,5,2590.65
ORD106620,CUST00902,2024-03-14,Beauty,Sunscreen SPF50,Central,Net Banking,1,1266.9,5,1203.56
ORD103060,CUST00348,2024-04-12,Electronics,Wireless Earbuds,Central,UPI,1,969.13,0,969.13
ORD106450,CUST00471,2024-06-24,Beauty,Perfume,East,Net Banking,1,1164.39,5,1106.17
ORD106650,CUST01140,2024-01-05,Home & Kitchen,LED Lamp,North,UPI,2,758.44,0,1516.88
ORD104437,CUST01055,2024-11-23,electronics,Bluetooth Speaker,Central,Credit Card,1,2376.63,0,2376.63
ORD108552,CUST00815,2024-08-19,Fashion,Running Shoes,South,UPI,1,572.19,0,572.19
ORD104380,CUST00351,2024-01-02,Electronics,Power Bank,North,Debit Card,1,3743.63,15,3182.09
ORD105302,CUST00195,2024-07-06,Fashion,Running Shoes,South,UPI,1,1913.97,0,1913.97
ORD103194,CUST01173,2023-10-24,Electronics,Laptop Sleeve,West,UPI,1,2154.43,20,1723.54
ORD108348,CUST00439,2024-06-01,Fashion,Denim Jacket,West,Net Banking,1,2121.67,0,2121.67
ORD102610,CUST00865,2024-05-26,Fashion,Sunglasses,West,Credit Card,3,2470.13,0,7410.39
ORD108052,CUST00399,2024-10-13,Electronics,Wireless Earbuds,West,Debit Card,1,1715.17,0,1715.17
ORD104692,CUST00410,2023-10-31,Sports,Yoga Mat,Central,Debit Card,1,2094.38,15,1780.22
ORD103112,CUST00679,2024-11-29,Beauty,Sunscreen SPF50,West,Net Banking,1,749.46,0,749.46
ORD107970,CUST00757,2023-04-15,Electronics,Laptop Sleeve,South,Debit Card,2,3021.43,0,6042.86
ORD108567,CUST00731,2024-12-17,Beauty,Hair Dryer,Central,Cash on Delivery,2,899.04,0,1798.08
ORD108279,CUST00010,2024-06-18,Fashion,Leather Wallet,East,Net Banking,1,880.6,0,880.6
ORD102261,CUST00568,2024-01-24,Electronics,Wireless Earbuds,South,Debit Card,1,2115.09,0,2115.09
ORD102983,CUST00029,2024-07-11,Fashion,Cotton T-Shirt,South,UPI,3,699.1,5,1992.44
ORD103817,CUST00361,2023-09-20,Fashion,Sunglasses,Central,UPI,1,1791.51,0,1791.51
ORD106855,CUST00580,2023-12-30,Sports,Cycling Gloves,East,UPI,1,341.59,0,341.59
ORD100898,CUST00525,2023-09-15,Beauty,Lip Balm Set,South,Cash on Delivery,2,702.62,0,1405.24
ORD106126,CUST01146,2023-12-03,Fashion,Sunglasses,Central,Debit Card,2,331.26,20,530.02
ORD107439,CUST01048,2023-04-17,Home & Kitchen,LED Lamp,East,Credit Card,1,780.3,10,702.27
ORD101000,CUST00238,2024-05-05,Electronics,Laptop Sleeve,Central,Debit Card,1,4488.34,15,3815.09
ORD100405,CUST00034,2023-06-08,Sports,Resistance Bands,South,Debit Card,2,1879.91,15,3195.85
ORD100061,CUST00349,2024-12-02,Electronics,Power Bank,East,Net Banking,1,1177.0,0,1177.0
ORD104640,CUST00507,2023-05-19,Sports,Cricket Bat,West,Debit Card,2,2358.88,15,4010.1
ORD101074,CUST00120,2024-12-23,Beauty,Lip Balm Set,East,Credit Card,1,1188.4,10,1069.56
ORD102421,CUST00248,2023-06-28,Home & Kitchen,Cushion Cover,West,UPI,1,1817.99,0,1817.99
ORD108840,CUST00938,2024-04-27,Electronics,Wireless Earbuds,East,Debit Card,2,2150.95,5,4086.8
ORD103195,CUST00742,2024-02-05,Electronics,Bluetooth Speaker,North,Debit Card,1,4469.5,0,4469.5
ORD103709,CUST00128,2024-03-10,Home & Kitchen,LED Lamp,South,Credit Card,2,777.76,10,1399.97
ORD106837,CUST00580,2023-08-24,Home & Kitchen,Water Bottle,Central,Debit Card,1,906.14,0,906.14
ORD104663,CUST00021,2023-12-28,Fashion,Sunglasses,,Net Banking,2,1638.26,0,3276.52
ORD106580,CUST00434,2024-10-17,Sports,Resistance Bands,West,Debit Card,1,2847.11,5,2704.75
ORD108623,CUST00731,2024-05-02,Fashion,Cotton T-Shirt,Central,Debit Card,1,1103.11,5,1047.95
ORD100187,CUST00896,2024-05-11,Electronics,Wireless Earbuds,East,Debit Card,1,1667.37,0,1667.37
ORD108214,CUST00161,2024-12-04,Fashion,Denim Jacket,East,UPI,2,1556.33,15,2645.76
ORD103214,CUST00439,2023-09-15,Sports,Cycling Gloves,Central,Credit Card,1,2022.74,10,1820.47
ORD106248,CUST01124,2024-04-30,Electronics,Laptop Sleeve,West,Debit Card,1,2685.02,0,2685.02
ORD102028,CUST00982,2024-02-13,Electronics,Power Bank,Central,UPI,2,2605.53,20,4168.85
ORD103898,CUST00165,2023-10-09,Home & Kitchen,LED Lamp,North,Credit Card,1,1046.75,5,994.41
ORD104096,CUST00134,2024-11-27,Fashion,Leather Wallet,South,UPI,2,1854.1,5,3522.79
ORD108910,CUST00560,2024-06-28,Electronics,Bluetooth Speaker,North,UPI,2,1834.16,5,3484.9
ORD101078,CUST00161,2024-11-02,Home & Kitchen,Water Bottle,Central,UPI,2,428.1,0,856.2
ORD101769,CUST00810,2024-07-02,Beauty,Perfume,North,UPI,1,1039.8,10,935.82
ORD101589,CUST00270,2024-05-09,Fashion,Denim Jacket,North,Debit Card,1,360.22,20,288.18
ORD106719,CUST00333,2024-02-17,Beauty,Hair Dryer,North,UPI,2,900.3,10,1620.54
ORD102427,CUST00091,2023-11-21,Electronics,Power Bank,Central,Debit Card,3,3453.03,15,8805.23
ORD101281,CUST00782,2024-12-05,Sports,Resistance Bands,,Debit Card,1,255.15,0,255.15
ORD100889,CUST00916,2023-09-27,Electronics,Smartwatch,Central,Cash on Delivery,1,1094.73,5,1039.99
ORD102821,CUST00870,2024-08-11,Books,Self-Help Book,Central,Debit Card,2,619.51,10,1115.12
ORD100700,CUST01182,2023-11-27,Books,Business Biography,South,Net Banking,1,334.14,0,334.14
ORD106157,CUST00931,2024-02-06,Electronics,Bluetooth Speaker,Central,Debit Card,2,4450.83,10,8011.49
ORD106195,CUST00917,2024-07-11,Home & Kitchen,Storage Organizer,East,UPI,3,1751.55,10,4729.18
ORD102246,CUST00139,2024-04-30,Electronics,Laptop Sleeve,Central,Net Banking,1,2865.67,20,2292.54
ORD106035,CUST00248,2023-08-17,Home & Kitchen,Water Bottle,Central,Credit Card,1,1028.69,0,1028.69
ORD107857,CUST01128,2023-11-25,Home & Kitchen,Non-stick Pan,South,Credit Card,1,521.43,30,365.0
ORD101620,CUST00106,2023-10-25,Electronics,Bluetooth Speaker,Central,Credit Card,1,1114.21,15,947.08
ORD103634,CUST00355,2024-01-22,Home & Kitchen,Water Bottle,South,UPI,3,1832.15,15,4671.98
ORD102132,CUST00788,2023-11-09,Home & Kitchen,Non-stick Pan,North,Debit Card,1,1023.59,15,870.05
ORD100757,CUST00118,2024-08-09,Books,Business Biography,Central,Cash on Delivery,1,643.37,5,611.2
ORD101657,CUST00580,2023-08-21,Sports,Dumbbell Set,South,Credit Card,1,1771.69,0,1771.69
ORD102906,CUST00128,2024-05-02,Beauty,Lip Balm Set,East,Credit Card,2,1262.21,15,2145.76
ORD108854,CUST00696,2024-02-12,Beauty,Sunscreen SPF50,Central,,1,356.53,15,303.05
ORD103867,CUST00732,2024-11-15,Books,Cookbook,East,Credit Card,3,561.59,0,1684.77
ORD100807,CUST00579,2023-05-25,Books,Self-Help Book,North,Debit Card,1,350.02,15,297.52
ORD103313,CUST00818,2024-09-27,Home & Kitchen,Storage Organizer,North,,4,1668.76,10,6007.54
ORD103468,CUST00749,2023-09-16,Books,Business Biography,West,UPI,1,633.56,30,443.49
ORD106850,CUST00772,2023-06-25,Electronics,Power Bank,North,Cash on Delivery,1,1745.24,0,1745.24
ORD108506,CUST00118,2024-09-09,Beauty,Face Serum,South,UPI,2,277.08,10,498.74
ORD104432,CUST00385,2024-04-08,Electronics,Bluetooth Speaker,East,Debit Card,1,4378.34,15,3721.59
ORD104143,CUST00844,2023-04-06,Books,Fiction Novel,Central,Credit Card,1,490.08,10,441.07
ORD103607,CUST00571,2024-03-16,Electronics,Laptop Sleeve,East,Credit Card,1,1823.23,0,1823.23
ORD106114,CUST00380,2024-05-18,Home & Kitchen,Water Bottle,East,UPI,1,1673.12,10,1505.81
ORD108414,CUST00225,2024-09-19,Sports,Cycling Gloves,Central,UPI,1,1480.15,0,1480.15
ORD108899,CUST00008,2024-09-22,Electronics,Bluetooth Speaker,East,UPI,1,3656.43,0,3656.43
ORD101121,CUST00092,2024-12-04,Home & Kitchen,Storage Organizer,East,Credit Card,1,1217.52,0,1217.52
ORD107858,CUST01140,2024-05-09,Beauty,Lip Balm Set,East,UPI,2,1312.14,15,2230.64
ORD105698,CUST00917,2024-09-13,Fashion,Denim Jacket,Central,UPI,3,1654.45,0,4963.35
ORD100510,CUST00988,2023-07-17,Electronics,Laptop Sleeve,West,Debit Card,1,1906.03,0,1906.03
ORD107598,CUST00198,2023-05-08,Home & Kitchen,Non-stick Pan,Central,Cash on Delivery,1,554.48,0,554.48
ORD100991,CUST00525,2024-12-10,Electronics,Smartwatch,East,UPI,1,3343.76,0,3343.76
ORD102684,CUST00566,2023-05-16,Fashion,Cotton T-Shirt,West,Credit Card,1,799.95,10,719.96
ORD101257,CUST00071,2024-08-29,Sports,Yoga Mat,West,Debit Card,1,2101.91,10,1891.72
ORD101498,CUST00115,2023-08-14,Fashion,Denim Jacket,North,Debit Card,1,1739.67,0,1739.67
ORD104967,CUST01185,2024-03-06,Sports,Cricket Bat,West,UPI,1,2912.79,0,2912.79
ORD108371,CUST00900,2024-04-06,Fashion,Denim Jacket,Central,Credit Card,2,2386.59,5,4534.52
ORD104932,CUST00854,2024-09-20,Beauty,Sunscreen SPF50,West,Credit Card,2,271.01,0,542.02
ORD108089,CUST00522,2024-11-22,Fashion,Sunglasses,East,Debit Card,1,1484.33,5,1410.11
ORD102084,CUST00308,2023-04-17,Sports,Cricket Bat,South,Cash on Delivery,1,2753.12,10,2477.81
ORD106348,CUST00995,2024-08-25,Electronics,Power Bank,North,Debit Card,2,3276.1,15,5569.37
ORD103473,CUST01057,2024-05-27,Sports,Cycling Gloves,Central,UPI,4,1290.3,10,4645.08
ORD103763,CUST00625,2024-04-30,Electronics,Power Bank,West,Credit Card,2,1075.33,0,2150.66
ORD103345,CUST00886,2024-10-09,Electronics,Laptop Sleeve,East,Debit Card,2,4495.26,0,8990.52
ORD105936,CUST00018,2023-07-30,Fashion,Running Shoes,Central,Cash on Delivery,1,1916.39,0,1916.39
ORD105866,CUST01176,2023-12-12,Beauty,Hair Dryer,West,Credit Card,2,723.04,15,1229.17
ORD103538,CUST00589,2024-02-02,Books,Kids Storybook,East,UPI,2,633.48,10,1140.26
ORD106243,CUST00361,2023-07-18,Home & Kitchen,Non-stick Pan,North,UPI,1,1634.89,0,1634.89
ORD106796,CUST00676,2024-11-26,Home & Kitchen,LED Lamp,North,UPI,1,215.73,30,151.01
ORD106103,CUST01147,2024-12-17,Fashion,Running Shoes,West,UPI,1,648.24,15,551.0
ORD107384,CUST00414,2024-10-14,electronics,Wireless Earbuds,East,Credit Card,1,4200.29,30,2940.2
ORD106392,CUST00205,2024-10-27,Home & Kitchen,Cushion Cover,South,Net Banking,1,917.39,10,825.65
ORD101202,CUST00918,2023-10-09,Electronics,Wireless Earbuds,North,Credit Card,1,1305.77,5,1240.48
ORD103777,CUST00276,2024-08-11,Electronics,Laptop Sleeve,South,Cash on Delivery,1,3918.58,0,3918.58
ORD100580,CUST00250,2024-01-08,Fashion,Denim Jacket,East,Debit Card,1,1725.82,10,1553.24
ORD108997,CUST00361,2024-03-08,Fashion,Sunglasses,North,Credit Card,1,1792.87,15,1523.94
ORD106712,CUST01100,2024-05-18,Sports,Dumbbell Set,North,Debit Card,1,2710.0,0,2710.0
ORD101289,CUST00772,2024-05-01,fashion,Leather Wallet,North,Debit Card,1,825.64,15,701.79
ORD105616,CUST00928,2024-09-09,Electronics,Wireless Earbuds,West,Credit Card,1,1702.64,20,1362.11
ORD100705,CUST00453,2023-08-21,Fashion,Running Shoes,West,Net Banking,4,537.97,5,2044.29
ORD105027,CUST00877,2023-04-29,Electronics,Power Bank,Central,Debit Card,2,3220.63,5,6119.2
ORD102600,CUST00028,2024-07-02,Fashion,Denim Jacket,South,UPI,2,409.71,10,737.48
ORD105619,CUST01155,2023-05-03,Electronics,Laptop Sleeve,West,UPI,1,4132.74,10,3719.47
ORD105985,CUST00557,2024-11-06,Sports,Cycling Gloves,South,Credit Card,1,670.65,15,570.05
ORD101024,CUST00333,2024-01-11,Beauty,Face Serum,East,Net Banking,2,294.06,15,499.9
ORD107915,CUST01054,2024-04-23,beauty,Face Serum,Central,UPI,1,166.21,0,166.21
ORD100053,CUST00100,2023-09-27,Electronics,Power Bank,East,UPI,1,2306.29,0,2306.29
ORD106075,CUST00137,2024-08-01,Home & Kitchen,LED Lamp,East,Debit Card,2,505.66,5,960.75
ORD100727,CUST00909,2024-07-30,Fashion,Cotton T-Shirt,North,Debit Card,1,1467.89,0,1467.89
ORD105739,CUST00894,2024-03-07,Sports,Yoga Mat,South,Debit Card,1,2056.73,10,1851.06
ORD101096,CUST00455,2023-11-25,Books,Self-Help Book,Central,Debit Card,1,769.57,10,692.61
ORD100446,CUST00783,2023-09-25,Sports,Cycling Gloves,East,UPI,1,1650.18,0,1650.18
ORD100912,CUST00471,2024-05-25,Home & Kitchen,LED Lamp,South,UPI,1,652.35,0,652.35
ORD107693,CUST00962,2024-09-21,Electronics,Bluetooth Speaker,North,Credit Card,3,3573.75,10,9649.12
ORD102820,CUST01115,2024-08-26,Home & Kitchen,Water Bottle,East,UPI,1,902.99,20,722.39
ORD105125,CUST00091,2023-09-12,Electronics,Power Bank,South,UPI,1,2793.08,5,2653.43
ORD101291,CUST00021,2024-05-03,Books,Fiction Novel,North,Credit Card,1,326.75,10,294.08
ORD103717,CUST00654,2024-02-18,Home & Kitchen,Water Bottle,South,UPI,1,1868.65,0,1868.65
ORD108293,CUST00761,2023-11-25,Beauty,Hair Dryer,East,Cash on Delivery,1,1254.2,15,1066.07
ORD103175,CUST00759,2024-08-24,Electronics,Laptop Sleeve,South,Credit Card,2,2790.57,0,5581.14
ORD100521,CUST00640,2024-11-10,Books,Business Biography,Central,Credit Card,1,476.18,0,476.18
ORD103877,CUST00131,2023-07-20,Sports,Resistance Bands,North,Debit Card,1,2721.39,0,2721.39
ORD102204,CUST00272,2023-11-29,Home & Kitchen,LED Lamp,West,UPI,1,655.46,0,655.46
ORD105858,CUST01082,2024-07-12,Electronics,Laptop Sleeve,South,UPI,2,1869.86,0,3739.72
ORD100762,CUST00385,2024-03-03,Home & Kitchen,LED Lamp,East,Credit Card,2,480.35,0,960.7
ORD108269,CUST00693,2023-12-26,Books,Cookbook,Central,UPI,2,368.09,0,-736.18
ORD101875,CUST00426,2024-03-08,Electronics,Laptop Sleeve,West,Cash on Delivery,1,2546.16,5,2418.85
ORD105682,CUST00654,2024-05-22,Fashion,Denim Jacket,East,Credit Card,3,2485.16,10,6709.93
ORD102338,CUST00918,2023-10-15,Fashion,Leather Wallet,South,UPI,1,2377.13,10,2139.42
ORD105195,CUST01095,2024-12-07,Home & Kitchen,Cushion Cover,North,Credit Card,1,280.05,0,280.05
ORD104004,CUST01015,2023-02-15,Books,Fiction Novel,East,Credit Card,1,355.03,0,355.03
ORD106933,CUST01155,2024-10-04,Home & Kitchen,Water Bottle,North,Credit Card,2,1528.45,0,3056.9
ORD107777,CUST00560,2024-06-11,Fashion,Leather Wallet,East,Credit Card,4,2098.92,15,7136.33
ORD104551,CUST00458,2024-03-24,Home & Kitchen,Cushion Cover,West,Credit Card,1,1636.43,0,1636.43
ORD105844,CUST00900,2024-06-15,Electronics,Laptop Sleeve,North,UPI,1,3835.91,0,3835.91
ORD105467,CUST00855,2024-03-06,Electronics,Power Bank,East,Credit Card,1,1017.07,0,1017.07
ORD105871,CUST00773,2024-09-05,Electronics,Wireless Earbuds,North,Credit Card,1,1461.72,0,1461.72
ORD107339,CUST00511,2024-11-05,Books,Fiction Novel,East,Net Banking,2,718.37,20,1149.39
ORD102345,CUST00128,2024-12-10,Home & Kitchen,LED Lamp,North,Cash on Delivery,3,1880.14,5,5358.4
ORD103921,CUST00923,2024-12-03,Home & Kitchen,Water Bottle,East,UPI,2,1433.22,0,2866.44
ORD105814,CUST00090,2023-03-05,Beauty,Hair Dryer,Central,UPI,1,859.04,10,773.14
ORD105428,CUST00526,2024-10-28,Fashion,Running Shoes,South,Net Banking,1,2066.9,10,1860.21
ORD106256,CUST00002,2024-05-06,Sports,Resistance Bands,South,UPI,3,638.64,5,1820.12
ORD103648,CUST00514,2024-04-18,Home & Kitchen,Non-stick Pan,North,Debit Card,1,559.22,0,559.22
ORD108190,CUST00191,2024-07-05,Home & Kitchen,Non-stick Pan,East,Credit Card,1,1769.92,10,1592.93
ORD106370,CUST00083,2023-12-11,Electronics,Smartwatch,Central,Credit Card,2,3852.69,0,7705.38
ORD107386,CUST00612,2024-08-13,Fashion,Leather Wallet,West,Credit Card,1,2488.62,10,2239.76
ORD103113,CUST00995,2024-10-28,Electronics,Bluetooth Speaker,East,UPI,1,1346.66,15,1144.66
ORD101897,CUST00565,2023-05-06,Sports,Dumbbell Set,Central,Credit Card,1,682.2,10,613.98
ORD106825,CUST00939,2023-10-01,Home & Kitchen,Non-stick Pan,South,Debit Card,2,1605.39,20,2568.62
ORD104760,CUST00489,2024-02-07,Fashion,Sunglasses,North,Credit Card,1,1250.27,15,1062.73
ORD103679,CUST01068,2023-02-17,Books,Cookbook,North,Cash on Delivery,1,376.77,0,376.77
ORD103338,CUST00191,2024-08-03,Fashion,Cotton T-Shirt,South,UPI,2,729.25,0,1458.5
ORD107488,CUST00031,2024-01-09,Home & Kitchen,Non-stick Pan,East,Net Banking,1,261.28,20,209.02
ORD103033,CUST00745,2023-12-13,Sports,Cricket Bat,North,UPI,1,548.83,0,548.83
ORD104277,CUST00253,2023-07-30,Books,Self-Help Book,South,Debit Card,1,319.31,0,319.31
ORD106180,CUST00398,2024-11-26,Sports,Yoga Mat,Central,Credit Card,1,2070.88,0,2070.88
ORD108661,CUST00488,2024-09-09,Electronics,Laptop Sleeve,West,Cash on Delivery,1,1472.55,0,1472.55
ORD102559,CUST00699,2023-08-02,Beauty,Hair Dryer,East,Net Banking,1,895.41,5,850.64
ORD106092,CUST00221,2024-12-02,Fashion,Sunglasses,North,UPI,1,2171.91,15,1846.12
ORD104937,CUST00608,2023-03-15,Sports,Dumbbell Set,South,UPI,1,547.45,15,465.33
ORD106856,CUST00758,2024-03-16,Electronics,Power Bank,North,Credit Card,2,1853.42,5,3521.5
ORD106839,CUST00090,2023-06-20,Fashion,Running Shoes,East,Debit Card,1,2464.3,5,2341.08
ORD106380,CUST00815,2024-06-10,Fashion,Sunglasses,Central,Net Banking,2,1485.11,0,2970.22
ORD103405,CUST00005,2024-05-28,Home & Kitchen,LED Lamp,West,Debit Card,3,893.06,5,2545.22
ORD106153,CUST00338,2024-03-09,Electronics,Smartwatch,Central,Cash on Delivery,1,3748.11,10,3373.3
ORD104729,CUST00269,2024-07-14,Sports,Resistance Bands,West,Credit Card,1,749.3,15,636.9
ORD102888,CUST00824,2023-10-11,Books,Business Biography,Central,Debit Card,1,679.09,15,577.23
ORD108954,CUST01076,2023-11-29,Electronics,Laptop Sleeve,East,Cash on Delivery,2,1938.46,0,3876.92
ORD107870,CUST00580,2023-09-01,Fashion,Denim Jacket,Central,Net Banking,1,499.83,10,449.85
ORD106046,CUST01107,2024-05-10,Fashion,Sunglasses,North,UPI,1,677.23,15,575.65
ORD100975,CUST00939,2023-08-21,Fashion,Sunglasses,South,Credit Card,1,1868.67,0,1868.67
ORD106903,CUST00186,2024-10-27,Home & Kitchen,Non-stick Pan,Central,Debit Card,1,366.09,0,366.09
ORD106928,CUST00822,2023-07-08,Electronics,Smartwatch,Central,Cash on Delivery,2,2515.97,0,5031.94
ORD101730,CUST01074,2024-06-18,Fashion,Sunglasses,East,Credit Card,1,2106.22,15,1790.29
ORD108403,CUST00308,2023-06-17,Sports,Dumbbell Set,North,UPI,1,328.21,0,328.21
ORD103644,CUST00938,2024-03-03,Home & Kitchen,Non-stick Pan,East,Credit Card,1,282.93,0,282.93
ORD103666,CUST00931,2024-02-13,Electronics,Smartwatch,South,UPI,2,3848.34,0,7696.68
ORD103317,CUST00918,2023-09-13,Electronics,Smartwatch,East,Debit Card,1,2255.25,5,2142.49
ORD107812,CUST00958,2023-12-22,Books,Cookbook,,Cash on Delivery,1,632.2,30,442.54
ORD102331,CUST01147,2024-12-02,Books,Cookbook,South,UPI,1,336.26,0,336.26
ORD107061,CUST00128,2024-02-12,Sports,Yoga Mat,Central,Debit Card,1,2736.66,0,2736.66
ORD100810,CUST00119,2023-11-22,Sports,Dumbbell Set,North,UPI,2,2406.51,10,4331.72
ORD107518,CUST00111,2024-02-05,Sports,Cricket Bat,East,,1,2574.22,10,2316.8
ORD103131,CUST01166,2024-08-14,Fashion,Denim Jacket,Central,UPI,1,318.54,0,318.54
ORD106023,CUST00257,2023-07-30,Electronics,Laptop Sleeve,North,Cash on Delivery,2,2855.42,5,5425.3
ORD104720,CUST00308,2024-01-13,Fashion,Sunglasses,South,UPI,2,597.9,0,1195.8
ORD106501,CUST00973,2024-03-18,Sports,Cycling Gloves,Central,UPI,2,1262.25,0,2524.5
ORD104409,CUST00439,2023-11-19,Fashion,Leather Wallet,North,Credit Card,1,1011.55,0,1011.55
ORD106214,CUST01057,2024-02-26,Electronics,Wireless Earbuds,West,UPI,1,2216.12,0,2216.12
ORD104545,CUST00815,2024-07-16,Books,Fiction Novel,Central,Credit Card,1,746.63,0,746.63
ORD108124,CUST00073,2024-07-15,Beauty,Lip Balm Set,Central,UPI,1,886.09,5,841.79
ORD106780,CUST00958,2023-07-11,Books,Cookbook,South,Debit Card,1,299.82,0,299.82
ORD100300,CUST00731,2023-05-02,Electronics,Laptop Sleeve,West,UPI,2,1903.61,0,3807.22
ORD107989,CUST01140,2024-10-12,Sports,Yoga Mat,East,Net Banking,1,2042.52,0,2042.52
ORD102667,CUST00581,2024-05-07,Electronics,Power Bank,West,Credit Card,1,1002.61,0,1002.61
ORD103916,CUST00841,2024-09-07,Books,Self-Help Book,East,Credit Card,1,487.16,30,341.01
ORD108236,CUST00100,2023-09-29,Beauty,Sunscreen SPF50,East,UPI,1,934.21,5,887.5
ORD107521,CUST00243,2024-10-17,Beauty,Sunscreen SPF50,Central,Credit Card,2,729.66,0,1459.32
ORD107407,CUST00083,2024-07-27,Sports,Resistance Bands,East,Credit Card,1,1210.54,0,1210.54
ORD102054,CUST00126,2023-12-06,Fashion,Denim Jacket,East,UPI,2,1635.09,10,2943.16
ORD104609,CUST00399,2023-11-21,Beauty,Perfume,West,UPI,1,1135.26,0,1135.26
ORD102170,CUST00381,2024-10-30,Beauty,Face Serum,South,UPI,2,551.51,0,1103.02
ORD102450,CUST00161,2024-10-30,Beauty,Lip Balm Set,East,Cash on Delivery,1,689.78,0,689.78
ORD102799,CUST00363,2024-01-31,Electronics,Bluetooth Speaker,Central,Debit Card,1,3423.12,5,3251.96
ORD103674,CUST00916,2023-09-02,Beauty,Face Serum,South,UPI,1,793.76,20,635.01
ORD105793,CUST00589,2024-03-09,Fashion,Leather Wallet,East,UPI,1,603.95,0,603.95
ORD101132,CUST00630,2023-12-30,Home & Kitchen,Water Bottle,North,Credit Card,1,1627.24,5,1545.88
ORD104384,CUST00873,2023-12-08,Home & Kitchen,Cushion Cover,South,UPI,1,537.09,0,537.09
ORD100507,CUST00222,2024-06-11,Books,Business Biography,South,Net Banking,3,724.08,0,2172.24
ORD104000,CUST00980,2024-05-29,Electronics,Smartwatch,South,UPI,1,1705.78,15,1449.91
ORD105332,CUST00644,2023-07-30,Electronics,Laptop Sleeve,South,Credit Card,1,1099.5,0,1099.5
ORD104793,CUST00731,2023-09-06,Fashion,Running Shoes,South,UPI,2,1807.69,10,3253.84
ORD103283,CUST00806,2023-02-11,Home & Kitchen,LED Lamp,Central,Credit Card,1,1985.03,0,1985.03
ORD103801,CUST00309,2023-10-02,Fashion,Sunglasses,East,Cash on Delivery,1,777.45,0,777.45
ORD105928,CUST00564,2024-12-11,Home & Kitchen,LED Lamp,Central,UPI,1,1143.72,15,972.16
ORD104949,CUST00053,2024-02-13,Fashion,Sunglasses,Central,Cash on Delivery,1,1848.08,0,1848.08
ORD104087,CUST00630,2024-02-18,Home & Kitchen,LED Lamp,West,Net Banking,2,1944.04,0,3888.08
ORD108025,CUST00646,2023-12-02,Home & Kitchen,Non-stick Pan,South,Cash on Delivery,1,1890.29,15,1606.75
ORD108653,CUST00161,2024-10-24,Home & Kitchen,Water Bottle,East,Debit Card,1,1483.61,0,1483.61
ORD104680,CUST01198,2024-11-03,Sports,Yoga Mat,West,UPI,1,2346.75,0,2346.75
ORD106486,CUST00586,2024-12-27,Electronics,Smartwatch,Central,UPI,1,1831.31,0,1831.31
ORD102904,CUST00951,2024-07-06,Fashion,Cotton T-Shirt,East,Credit Card,1,786.74,5,747.4
ORD102317,CUST00795,2024-12-10,Books,Self-Help Book,South,UPI,1,489.16,0,489.16
ORD103300,CUST00921,2024-05-08,Fashion,Running Shoes,South,UPI,1,628.18,0,628.18
ORD103835,CUST00121,2024-07-01,Electronics,Bluetooth Speaker,,UPI,1,2616.71,20,2093.37
ORD102034,CUST01095,2024-04-08,Electronics,Power Bank,East,UPI,1,3669.03,0,3669.03
ORD103885,CUST00568,2023-12-11,Fashion,Cotton T-Shirt,West,Credit Card,1,1706.18,0,1706.18
ORD108117,CUST00793,2024-06-30,Electronics,Wireless Earbuds,West,UPI,1,991.1,0,991.1
ORD107300,CUST00439,2024-02-01,Beauty,Face Serum,North,Cash on Delivery,1,1396.21,30,977.35
ORD107094,CUST00958,2023-12-21,Electronics,Bluetooth Speaker,Central,Net Banking,1,2739.33,10,2465.4
ORD106940,CUST01182,2023-07-30,Beauty,Lip Balm Set,West,Debit Card,2,897.17,0,1794.34
ORD104055,CUST00248,2024-02-23,Home & Kitchen,Storage Organizer,North,Debit Card,1,578.02,10,520.22
ORD103802,CUST00354,2024-07-23,Home & Kitchen,Cushion Cover,West,Credit Card,2,1049.62,30,1469.47
ORD104472,CUST00308,2023-07-05,Beauty,Hair Dryer,East,Net Banking,1,601.23,0,601.23
ORD106169,CUST00659,2024-06-23,Electronics,Wireless Earbuds,East,Debit Card,1,1839.45,0,1839.45
ORD106838,CUST00445,2024-12-03,Books,Self-Help Book,North,UPI,1,774.3,0,774.3
ORD103910,CUST00128,2024-02-29,Beauty,Perfume,East,Cash on Delivery,1,879.77,15,747.8
ORD104866,CUST01183,2023-06-28,Fashion,Sunglasses,Central,Credit Card,2,554.19,0,1108.38
ORD108468,CUST00378,2024-08-07,Fashion,Running Shoes,South,Credit Card,1,2296.58,0,2296.58
ORD100993,CUST00875,2024-10-30,Beauty,Face Serum,North,UPI,1,1340.77,5,1273.73
ORD100024,CUST00285,2024-06-09,Fashion,Denim Jacket,Central,Debit Card,3,945.68,0,2837.04
ORD103678,CUST00471,2024-04-18,Fashion,Sunglasses,South,Credit Card,1,1521.96,0,1521.96
ORD103961,CUST01142,2023-07-27,Beauty,Sunscreen SPF50,South,Net Banking,1,511.37,30,357.96
ORD102038,CUST00303,2024-06-02,beauty,Perfume,East,UPI,1,872.09,0,872.09
ORD102020,CUST00419,2023-06-25,Sports,Dumbbell Set,East,UPI,1,1401.89,0,1401.89
ORD107008,CUST00630,2023-12-28,Electronics,Bluetooth Speaker,South,UPI,1,1199.86,0,1199.86
ORD106575,CUST00916,2023-10-23,Sports,Resistance Bands,East,UPI,1,763.77,0,763.77
ORD107353,CUST00308,2023-04-05,fashion,Sunglasses,North,Debit Card,1,1455.47,0,1455.47
ORD107805,CUST00699,2024-02-24,Home & Kitchen,Cushion Cover,West,Debit Card,1,575.01,0,575.01
ORD105884,CUST00511,2024-09-24,Fashion,Sunglasses,North,Credit Card,1,2157.53,0,2157.53
ORD106960,CUST00128,2024-07-27,Home & Kitchen,Cushion Cover,South,UPI,1,771.19,0,771.19
ORD105977,CUST01066,2024-12-01,Home & Kitchen,Non-stick Pan,West,Debit Card,1,1665.34,0,1665.34
ORD100145,CUST00792,2024-06-26,Electronics,Bluetooth Speaker,,Debit Card,2,3095.75,0,6191.5
ORD105677,CUST00845,2023-09-02,Electronics,Laptop Sleeve,North,Credit Card,1,4091.91,20,3273.53
ORD102105,CUST00963,2024-04-09,Fashion,Leather Wallet,West,UPI,2,708.35,0,1416.7
ORD104738,CUST00560,2024-06-24,Fashion,Cotton T-Shirt,South,Net Banking,1,535.03,30,374.52
ORD108210,CUST00749,2023-10-08,Sports,Cricket Bat,Central,Credit Card,1,534.55,0,534.55
ORD100578,CUST00731,2023-07-05,Fashion,Denim Jacket,West,Credit Card,2,833.05,5,1582.79
ORD103560,CUST00137,2024-09-22,Fashion,Denim Jacket,West,Debit Card,1,333.07,0,333.07
ORD106145,CUST00840,2023-05-30,Electronics,Laptop Sleeve,West,Debit Card,1,3266.06,10,2939.45
ORD101506,CUST00356,2024-11-19,home & kitchen,LED Lamp,West,UPI,1,920.26,0,920.26
ORD108988,CUST00565,2023-02-13,Home & Kitchen,Water Bottle,West,UPI,2,420.35,5,798.66
ORD106207,CUST00884,2024-06-11,Books,Cookbook,South,Credit Card,2,635.4,0,1270.8
ORD108813,CUST00705,2023-12-07,Electronics,Power Bank,West,Net Banking,1,2618.51,20,2094.81
ORD104314,CUST00090,2024-08-10,Electronics,Laptop Sleeve,North,UPI,1,3018.76,0,3018.76
ORD101935,CUST00928,2024-10-07,Home & Kitchen,Cushion Cover,West,Net Banking,1,1542.41,10,1388.17
ORD104486,CUST01004,2024-10-20,Home & Kitchen,Storage Organizer,Central,UPI,1,1474.44,5,1400.72
ORD107714,CUST00372,2024-04-07,Beauty,Sunscreen SPF50,Central,Credit Card,1,1317.23,0,1317.23
ORD101915,CUST00339,2024-07-11,Electronics,Power Bank,North,UPI,1,2233.25,0,2233.25
ORD108829,CUST00362,2024-12-09,Electronics,Smartwatch,East,Credit Card,3,4349.13,0,13047.39
ORD103360,CUST00338,2024-04-18,Electronics,Laptop Sleeve,North,Debit Card,1,1070.04,5,1016.54
ORD106535,CUST00551,2024-11-15,Electronics,Laptop Sleeve,Central,Net Banking,2,1663.67,5,3160.97
ORD103202,CUST00550,2024-12-21,Fashion,Sunglasses,North,Cash on Delivery,1,1240.96,5,1178.91
ORD104917,CUST00829,2023-06-04,Fashion,Sunglasses,South,UPI,4,555.35,0,2221.4
ORD107824,CUST01015,2023-03-22,Sports,Cycling Gloves,West,Cash on Delivery,1,987.59,5,938.21
ORD103383,CUST00889,2024-07-08,Electronics,Power Bank,East,Debit Card,1,3289.37,0,3289.37
ORD100079,CUST00003,2024-02-27,Fashion,Cotton T-Shirt,Central,Cash on Delivery,1,2407.46,0,2407.46
ORD107546,CUST00387,2024-11-19,Electronics,Laptop Sleeve,,UPI,1,2660.89,0,2660.89
ORD104397,CUST00127,2024-05-22,Electronics,Bluetooth Speaker,North,UPI,1,1593.5,15,1354.48
ORD103559,CUST00415,2023-07-09,Sports,Cycling Gloves,South,Credit Card,1,1644.27,0,1644.27
ORD106601,CUST00923,2023-07-01,Electronics,Wireless Earbuds,Central,Cash on Delivery,1,847.53,0,847.53
ORD105519,CUST00773,2024-09-04,Home & Kitchen,Water Bottle,South,UPI,1,441.75,20,353.4
ORD102989,CUST00263,2023-07-10,Sports,Cycling Gloves,,Debit Card,1,2646.17,15,2249.24
ORD103856,CUST00560,2024-07-06,Fashion,Sunglasses,South,Cash on Delivery,2,642.95,5,1221.6
ORD108832,CUST00396,2023-12-07,Fashion,Running Shoes,Central,Net Banking,1,1013.04,0,1013.04
ORD105498,CUST00081,2024-07-08,Fashion,Sunglasses,Central,Credit Card,1,384.27,0,384.27
ORD100240,CUST00844,2023-06-22,Electronics,Laptop Sleeve,North,Debit Card,1,4343.24,5,4126.08
ORD104275,CUST00361,2023-09-14,Home & Kitchen,Storage Organizer,West,Credit Card,1,576.35,0,576.35
ORD104193,CUST00346,2024-02-28,Home & Kitchen,Non-stick Pan,North,UPI,1,1594.83,10,1435.35
ORD106267,CUST00029,2023-12-17,Home & Kitchen,Water Bottle,West,Net Banking,2,683.87,15,1162.58
ORD105705,CUST01074,2024-01-24,Home & Kitchen,Storage Organizer,West,Cash on Delivery,1,774.37,0,774.37
ORD100893,CUST00916,2023-09-01,Electronics,Wireless Earbuds,South,Credit Card,1,874.04,5,830.34
ORD104541,CUST00725,2023-04-15,Home & Kitchen,Non-stick Pan,,Credit Card,1,1728.67,0,1728.67
ORD107983,CUST00308,2023-06-08,Beauty,Sunscreen SPF50,Central,UPI,1,1031.9,0,1031.9
ORD104863,CUST00726,2024-04-09,Books,Self-Help Book,West,Debit Card,4,416.91,0,1667.64
ORD102936,CUST00603,2024-08-23,Beauty,Perfume,East,Debit Card,2,1160.65,5,2205.24
ORD102416,CUST00439,2023-09-22,Electronics,Laptop Sleeve,South,Credit Card,4,3481.7,10,12534.12
ORD102850,CUST00659,2023-06-22,Fashion,Leather Wallet,West,UPI,1,465.37,0,465.37
ORD108962,CUST00447,2024-06-12,Electronics,Wireless Earbuds,West,Cash on Delivery,1,2826.98,0,2826.98
ORD100281,CUST00614,2023-07-21,Home & Kitchen,Non-stick Pan,East,UPI,1,553.33,15,470.33
ORD103221,CUST00896,2024-04-28,Beauty,Sunscreen SPF50,North,UPI,1,571.12,10,514.01
ORD108647,CUST00837,2024-12-01,Electronics,Laptop Sleeve,Central,Credit Card,2,3987.56,20,6380.1
ORD106469,CUST00564,2024-09-07,Electronics,Bluetooth Speaker,Central,UPI,1,3768.79,5,3580.35
ORD105691,CUST00931,2024-04-14,Electronics,Smartwatch,West,UPI,1,3659.34,5,3476.37
ORD103023,CUST00590,2024-10-10,Beauty,Face Serum,East,Credit Card,1,160.67,5,152.64
ORD100899,CUST00048,2023-03-01,Beauty,Face Serum,South,Debit Card,2,1135.09,15,1929.65
ORD105927,CUST00430,2024-06-15,Electronics,Wireless Earbuds,South,Debit Card,2,2511.48,0,5022.96
ORD106324,CUST00018,2023-10-07,Electronics,Smartwatch,East,UPI,1,4409.25,15,3747.86
ORD103439,CUST00221,2023-12-22,Electronics,Laptop Sleeve,East,UPI,1,4450.89,15,3783.26
ORD106238,CUST00471,2024-03-21,Electronics,Wireless Earbuds,North,Cash on Delivery,1,1017.2,0,1017.2
ORD105189,CUST00090,2023-11-11,Home & Kitchen,Cushion Cover,Central,Cash on Delivery,1,1129.23,0,1129.23
ORD106296,CUST00970,2023-04-29,Sports,Resistance Bands,Central,Credit Card,1,2609.69,20,2087.75
ORD104258,CUST00424,2024-01-04,Fashion,Denim Jacket,North,Net Banking,1,1743.45,0,1743.45
ORD104601,CUST00566,2023-07-30,Home & Kitchen,Water Bottle,Central,Credit Card,1,1924.41,10,1731.97
ORD101787,CUST00535,2024-11-18,Electronics,Smartwatch,South,UPI,2,3944.04,0,7888.08
ORD104431,CUST01066,2024-07-11,Books,Self-Help Book,North,UPI,1,434.56,0,434.56
ORD107485,CUST00221,2024-08-18,Fashion,Leather Wallet,East,Cash on Delivery,1,1418.93,15,1206.09
ORD106446,CUST00173,2023-12-24,Electronics,Wireless Earbuds,South,Debit Card,3,2618.12,15,6676.21
ORD102671,CUST00017,2024-11-24,Books,Self-Help Book,South,UPI,1,372.15,20,297.72
ORD107225,CUST01077,2024-10-16,Books,Cookbook,West,UPI,1,760.97,5,722.92
ORD103339,CUST01139,2023-11-08,Books,Business Biography,West,UPI,2,311.02,0,622.04
ORD100133,CUST00158,2024-07-14,Electronics,Bluetooth Speaker,West,UPI,2,3509.93,0,7019.86
ORD102521,CUST00808,2024-09-29,Fashion,Leather Wallet,Central,Credit Card,1,1064.36,5,1011.14
ORD101122,CUST00051,2024-01-24,electronics,Laptop Sleeve,East,Cash on Delivery,3,3754.43,0,11263.29
ORD108179,CUST00970,2023-08-21,Home & Kitchen,Cushion Cover,Central,Credit Card,1,1489.25,0,1489.25
ORD107756,CUST00471,2024-05-11,Books,Cookbook,West,Debit Card,2,798.28,0,1596.56
ORD102223,CUST00128,2024-02-14,Home & Kitchen,LED Lamp,West,UPI,1,678.33,10,610.5
ORD103617,CUST00182,2024-11-21,Books,Kids Storybook,Central,Credit Card,1,385.07,0,385.07
ORD103846,CUST00071,2024-07-30,Books,Cookbook,West,UPI,2,519.96,10,935.93
ORD100584,CUST00154,2024-10-16,Fashion,Cotton T-Shirt,Central,Credit Card,2,323.76,0,647.52
ORD100475,CUST00644,2023-08-15,Beauty,Perfume,West,Credit Card,1,433.66,30,303.56
ORD107454,CUST00087,2024-03-06,Electronics,Laptop Sleeve,East,Net Banking,1,2808.14,20,2246.51
ORD102984,CUST00377,2023-04-21,Electronics,Smartwatch,Central,Net Banking,1,2665.78,30,1866.05
ORD103123,CUST00026,2023-10-16,Electronics,Laptop Sleeve,Central,Credit Card,1,1241.2,0,1241.2
ORD102532,CUST00104,2024-11-10,Fashion,Leather Wallet,East,Debit Card,1,2043.61,10,1839.25
ORD107270,CUST01041,2024-10-07,Fashion,Leather Wallet,West,Credit Card,1,2065.11,0,2065.11
ORD107218,CUST00613,2023-10-03,Books,Fiction Novel,South,Credit Card,1,483.54,15,411.01
ORD106012,CUST00628,2023-04-15,Electronics,Power Bank,West,Debit Card,1,4468.48,20,3574.78
ORD103152,CUST00128,2024-03-12,Electronics,Smartwatch,West,UPI,1,1573.01,0,1573.01
ORD102562,CUST00128,2024-11-21,Electronics,Bluetooth Speaker,West,UPI,1,2372.67,0,2372.67
ORD104337,CUST00736,2023-08-30,Beauty,Lip Balm Set,South,UPI,2,1042.12,10,1875.82
ORD100013,CUST00947,2024-10-31,Electronics,Smartwatch,East,Net Banking,1,4375.1,10,3937.59
ORD105263,CUST00149,2024-02-14,Books,Self-Help Book,North,Credit Card,4,691.13,5,2626.29
ORD107982,CUST00812,2024-06-11,Fashion,Cotton T-Shirt,Central,UPI,1,2130.64,0,2130.64
ORD106231,CUST00954,2024-12-18,Fashion,Cotton T-Shirt,South,Debit Card,1,1449.13,0,1449.13
ORD101640,CUST01148,2024-08-22,Electronics,Wireless Earbuds,West,Credit Card,1,1541.33,0,1541.33
ORD106463,CUST00221,2023-11-13,Beauty,Perfume,North,Net Banking,3,1306.37,5,3723.15
ORD107100,CUST00625,2024-07-08,Fashion,Leather Wallet,South,UPI,2,1413.7,10,2544.66
ORD104093,CUST00084,2024-08-14,Fashion,Sunglasses,West,UPI,3,1776.86,15,4530.99
ORD106675,CUST00939,2023-12-24,Books,Business Biography,West,UPI,1,497.58,0,497.58
ORD100704,CUST00937,2023-12-18,Beauty,Sunscreen SPF50,East,Credit Card,1,320.36,5,304.34
ORD105068,CUST00418,2024-10-23,Beauty,Perfume,East,UPI,1,1362.7,0,1362.7
ORD108306,CUST00018,2023-07-02,Beauty,Lip Balm Set,North,Cash on Delivery,2,219.56,15,373.25
ORD105481,CUST00300,2024-10-18,Fashion,Running Shoes,Central,Debit Card,1,919.94,0,919.94
ORD108638,CUST00083,2024-03-21,Fashion,Running Shoes,Central,Credit Card,1,1732.18,0,1732.18
ORD105035,CUST00438,2023-10-01,Beauty,Hair Dryer,North,UPI,1,1091.56,15,927.83
ORD101501,CUST00375,2023-07-13,Sports,Cricket Bat,South,Credit Card,1,1733.83,10,1560.45
ORD104129,CUST00583,2024-02-08,Fashion,Running Shoes,East,Credit Card,1,2124.68,0,2124.68
ORD107967,CUST00176,2024-04-03,Electronics,Bluetooth Speaker,South,UPI,1,3003.91,10,2703.52
ORD106171,CUST00805,2024-03-15,Electronics,Bluetooth Speaker,North,UPI,4,3135.72,15,10661.45
ORD103227,CUST00343,2024-03-17,Electronics,Wireless Earbuds,West,Net Banking,1,1746.87,10,1572.18
ORD106269,CUST00412,2024-07-26,Fashion,Sunglasses,Central,Debit Card,1,2395.62,10,2156.06
ORD105451,CUST00293,2024-02-02,Fashion,Running Shoes,East,UPI,1,1419.09,10,1277.18
ORD104572,CUST00481,2024-10-25,Fashion,Sunglasses,Central,Credit Card,1,1863.59,0,1863.59
ORD101656,CUST00100,2023-07-02,Electronics,Laptop Sleeve,South,UPI,1,4186.02,0,4186.02
ORD105998,CUST00904,2024-06-01,Electronics,Bluetooth Speaker,Central,Debit Card,1,2242.05,15,1905.74
ORD101881,CUST00520,2024-04-22,Books,Fiction Novel,South,UPI,4,186.18,10,670.25
ORD105038,CUST00215,2024-11-23,Fashion,Sunglasses,North,Credit Card,1,313.91,0,313.91
ORD105065,CUST01054,2024-02-03,Fashion,Denim Jacket,East,UPI,1,2145.05,15,1823.29
ORD107711,CUST00035,2024-05-29,Fashion,Denim Jacket,East,UPI,1,991.56,15,842.83
ORD104746,CUST00071,2024-08-13,Home & Kitchen,Non-stick Pan,Central,Debit Card,1,429.92,10,386.93
ORD105171,CUST00528,2024-06-30,Home & Kitchen,LED Lamp,West,Credit Card,2,1757.13,0,3514.26
ORD100026,CUST00270,2024-04-02,Fashion,Leather Wallet,Central,Debit Card,1,2240.97,0,2240.97
ORD103306,CUST00191,2024-09-15,Fashion,Denim Jacket,South,Credit Card,1,1944.58,0,1944.58
ORD105794,CUST00158,2024-07-09,Electronics,Power Bank,South,Net Banking,1,1089.1,30,762.37
ORD102282,CUST00929,2024-04-10,Fashion,Running Shoes,East,Credit Card,1,2476.58,20,1981.26
ORD105636,CUST00098,2024-05-15,Sports,Resistance Bands,North,Debit Card,1,1331.3,10,1198.17
ORD108958,CUST00818,2024-10-23,Beauty,Face Serum,Central,Cash on Delivery,2,350.91,15,596.55
ORD102741,CUST00143,2023-10-14,Beauty,Lip Balm Set,South,Debit Card,1,722.23,0,722.23
ORD103210,CUST00904,2024-06-02,Electronics,Wireless Earbuds,Central,Credit Card,1,1423.69,5,1352.51
ORD106775,CUST00005,2023-07-28,Electronics,Bluetooth Speaker,Central,Debit Card,1,1942.98,5,1845.83
ORD108096,CUST00620,2024-10-25,Beauty,Sunscreen SPF50,North,Credit Card,1,738.71,15,627.9
ORD102631,CUST00420,2024-12-17,Electronics,Smartwatch,North,Debit Card,1,3620.51,0,3620.51
ORD108539,CUST00396,2024-09-13,Sports,Resistance Bands,South,Debit Card,2,810.19,10,1458.34
ORD107364,CUST00731,2023-05-04,Electronics,Smartwatch,East,Credit Card,2,3174.13,5,6030.85
ORD106311,CUST00364,2023-11-07,Beauty,Lip Balm Set,South,Debit Card,1,857.25,5,814.39
ORD101178,CUST00590,2024-11-15,Home & Kitchen,Water Bottle,Central,Credit Card,2,1160.32,30,1624.45
ORD105798,CUST00417,2024-11-02,Electronics,Wireless Earbuds,West,UPI,2,1567.42,5,2978.1
ORD100453,CUST00507,2023-09-13,Electronics,Smartwatch,North,Credit Card,2,1264.65,0,2529.3
ORD104777,CUST00225,2024-09-27,Electronics,Bluetooth Speaker,North,Debit Card,1,1825.84,0,1825.84
ORD108684,CUST00195,2024-06-19,Electronics,Laptop Sleeve,Central,Credit Card,1,2683.04,0,2683.04
ORD108077,CUST00270,2024-07-18,Fashion,Leather Wallet,East,Net Banking,1,1942.47,10,1748.22
ORD101276,CUST00845,2024-01-23,Fashion,Running Shoes,Central,Debit Card,3,2064.79,0,6194.37
ORD106539,CUST01122,2024-06-29,Fashion,Denim Jacket,East,Cash on Delivery,3,2304.56,30,4839.58
ORD102000,CUST00221,2024-12-11,Electronics,Wireless Earbuds,North,UPI,1,1079.73,0,1079.73
ORD105492,CUST01139,2023-08-23,Fashion,Denim Jacket,North,,1,1047.48,30,733.24
ORD105566,CUST00812,2024-07-17,Home & Kitchen,LED Lamp,North,Net Banking,1,499.62,0,499.62
ORD108112,CUST00954,2024-11-26,Fashion,Sunglasses,North,UPI,2,1487.2,0,2974.4
ORD102567,CUST00960,2023-07-26,electronics,Bluetooth Speaker,East,UPI,2,3971.33,5,7545.53
ORD102269,CUST00005,2024-07-23,Sports,Cricket Bat,North,UPI,1,1684.99,10,1516.49
ORD107869,CUST00128,2024-03-12,Fashion,Running Shoes,South,UPI,1,1680.36,5,1596.34
ORD101180,CUST01113,2024-03-18,Fashion,Cotton T-Shirt,East,Credit Card,1,2094.21,20,1675.37
ORD106971,CUST00515,2024-03-27,Fashion,Sunglasses,East,Net Banking,1,341.64,0,341.64
ORD105567,CUST00481,2024-12-14,Electronics,Bluetooth Speaker,South,UPI,1,2639.67,10,2375.7
ORD103676,CUST00557,2024-05-09,Beauty,Sunscreen SPF50,South,UPI,1,1018.04,5,967.14
ORD101524,CUST00252,2024-05-27,Electronics,Bluetooth Speaker,Central,Cash on Delivery,1,2712.95,10,2441.65
ORD101185,CUST01157,2024-01-04,Books,Self-Help Book,East,Credit Card,1,155.33,0,155.33
ORD105527,CUST00772,2023-08-26,Electronics,Smartwatch,East,Debit Card,2,2192.57,10,3946.63
ORD102006,CUST00590,2024-11-12,Home & Kitchen,Non-stick Pan,West,UPI,2,470.66,5,894.25
ORD103809,CUST00128,2024-08-19,Home & Kitchen,Cushion Cover,East,Credit Card,1,1656.57,0,1656.57
ORD100000,CUST00414,2024-09-30,Fashion,Running Shoes,West,UPI,1,748.29,0,748.29
ORD101428,CUST00702,2023-09-17,Electronics,Wireless Earbuds,North,Credit Card,2,1106.38,5,2102.12
ORD108445,CUST01132,2024-09-20,Fashion,Denim Jacket,Central,Cash on Delivery,2,2119.5,0,4239.0
ORD102592,CUST00136,2023-11-05,Electronics,Wireless Earbuds,East,Credit Card,1,3410.81,0,3410.81
ORD108218,CUST00015,2024-01-24,Electronics,Laptop Sleeve,Central,UPI,2,3565.82,10,6418.48
ORD105135,CUST00518,2024-11-27,Electronics,Smartwatch,South,Debit Card,1,1958.46,0,1958.46
ORD101406,CUST00471,2024-05-26,Home & Kitchen,Non-stick Pan,East,UPI,1,1277.72,10,1149.95
ORD107529,CUST00904,2024-05-28,Sports,Cycling Gloves,South,Cash on Delivery,1,2877.9,0,2877.9
ORD108378,CUST00396,2024-01-21,Electronics,Smartwatch,Central,UPI,1,1174.53,20,939.62
ORD101496,CUST00779,2023-12-18,Beauty,Hair Dryer,West,Credit Card,4,381.43,0,1525.72
ORD106768,CUST00128,2024-02-24,Fashion,Denim Jacket,South,UPI,1,460.69,0,460.69
ORD104772,CUST01061,2024-10-17,Home & Kitchen,Cushion Cover,Central,Debit Card,2,853.19,0,1706.38
ORD106460,CUST00128,2024-12-29,Electronics,Bluetooth Speaker,Central,Cash on Delivery,4,4055.91,0,16223.64
ORD101064,CUST00785,2023-09-02,Books,Kids Storybook,East,Debit Card,1,208.48,0,208.48
ORD108360,CUST00454,2024-06-04,Electronics,Laptop Sleeve,East,Credit Card,1,4324.82,0,4324.82
ORD102945,CUST00916,2023-09-01,Fashion,Denim Jacket,East,Debit Card,2,1717.29,0,3434.58
ORD101989,CUST01050,2024-12-30,electronics,Power Bank,East,Credit Card,2,1314.1,20,2102.56
ORD103901,CUST00793,2024-06-09,Beauty,Hair Dryer,East,Credit Card,1,1394.07,0,1394.07
ORD108828,CUST00588,2023-06-24,Electronics,Bluetooth Speaker,South,UPI,1,1402.19,10,1261.97
ORD104898,CUST01016,2023-08-26,Fashion,Denim Jacket,South,UPI,2,2338.86,10,4209.95
ORD107174,CUST00128,2024-02-19,Beauty,Sunscreen SPF50,North,Cash on Delivery,1,277.92,0,277.92
ORD108827,CUST01080,2024-05-17,Electronics,Laptop Sleeve,West,UPI,2,3422.14,0,6844.28
ORD102721,CUST00962,2024-09-12,Fashion,Denim Jacket,North,Debit Card,1,1844.18,0,1844.18
ORD100266,CUST00566,2023-05-02,Electronics,Laptop Sleeve,Central,Credit Card,1,4479.95,0,4479.95
ORD108488,CUST00083,2023-10-28,Electronics,Bluetooth Speaker,North,Credit Card,2,2835.03,0,5670.06
ORD100431,CUST01153,2024-03-27,Fashion,Denim Jacket,North,Debit Card,2,897.78,0,1795.56
ORD108497,CUST00932,2024-04-28,Fashion,Running Shoes,North,Cash on Delivery,1,1454.12,10,1308.71
ORD106516,CUST00706,2023-10-16,Electronics,Wireless Earbuds,West,Credit Card,1,2445.64,0,2445.64
ORD107246,CUST00335,2024-12-20,Fashion,Denim Jacket,North,UPI,2,345.05,5,655.6
ORD103447,CUST00422,2024-02-01,Sports,Resistance Bands,North,UPI,1,1843.24,0,1843.24
ORD107689,CUST00749,2024-06-10,Fashion,Denim Jacket,West,UPI,3,1342.27,5,3825.47
ORD108614,CUST00210,2024-09-01,Electronics,Bluetooth Speaker,North,Credit Card,1,3085.12,10,2776.61
ORD108384,CUST01074,2023-10-16,Fashion,Cotton T-Shirt,Central,UPI,2,486.69,0,973.38
ORD102986,CUST01095,2024-05-18,Beauty,Perfume,South,Debit Card,1,1487.52,10,1338.77
ORD106608,CUST00128,2024-02-09,Electronics,Bluetooth Speaker,North,Net Banking,2,3224.76,0,6449.52
ORD107577,CUST00731,2023-07-21,Sports,Cycling Gloves,East,Credit Card,1,1621.85,15,1378.57
ORD107076,CUST00895,2024-02-10,Fashion,Leather Wallet,East,Net Banking,1,784.08,0,784.08
ORD105668,CUST00361,2023-10-24,Electronics,Power Bank,West,Cash on Delivery,1,1996.19,0,1996.19
ORD102253,CUST00098,2024-08-03,Sports,Cycling Gloves,East,Credit Card,1,2579.96,5,2450.96
ORD105157,CUST00128,2024-03-13,Electronics,Power Bank,East,Debit Card,1,2217.66,10,1995.89
ORD101026,CUST00537,2024-08-18,Electronics,Wireless Earbuds,East,Net Banking,1,1950.85,0,1950.85
ORD107880,CUST01053,2023-03-03,Electronics,Bluetooth Speaker,North,Cash on Delivery,2,4165.37,10,7497.67
ORD108181,CUST00232,2024-05-01,Home & Kitchen,LED Lamp,East,UPI,1,1555.58,5,1477.8
ORD100985,CUST00128,2024-07-17,Home & Kitchen,Storage Organizer,West,Credit Card,1,1351.31,0,1351.31
ORD103414,CUST00745,2023-07-06,Electronics,Power Bank,East,Debit Card,1,1478.32,10,1330.49
ORD101032,CUST00248,2024-04-07,Electronics,Wireless Earbuds,East,UPI,1,1447.3,15,1230.2
ORD100994,CUST00251,2024-09-04,Fashion,Cotton T-Shirt,East,UPI,1,773.05,0,773.05
ORD108751,CUST01095,2024-06-18,Beauty,Hair Dryer,South,Credit Card,1,913.3,5,867.63
ORD102753,CUST00650,2024-07-12,Electronics,Laptop Sleeve,West,Debit Card,1,1425.81,15,1211.94
ORD104885,CUST00884,2024-04-16,Sports,Cricket Bat,East,Net Banking,1,938.37,5,891.45
ORD102759,CUST00608,2023-03-13,Fashion,Denim Jacket,South,UPI,1,1968.81,10,1771.93
ORD107244,CUST00028,2024-04-29,Electronics,Wireless Earbuds,North,UPI,1,2027.88,5,1926.49
ORD102655,CUST00922,2023-11-14,Fashion,Denim Jacket,West,Cash on Delivery,1,562.64,5,534.51
ORD105081,CUST00035,2024-06-10,Beauty,Lip Balm Set,South,Debit Card,1,1261.2,0,1261.2
ORD102685,CUST00361,2024-04-14,Beauty,Face Serum,Central,UPI,2,1161.83,0,2323.66
ORD103436,CUST00120,2024-11-14,Electronics,Power Bank,Central,Credit Card,1,4112.42,10,3701.18
ORD108609,CUST00971,2024-08-08,Electronics,Bluetooth Speaker,Central,Debit Card,2,2002.05,5,3803.89
ORD104778,CUST01189,2024-08-03,Sports,Resistance Bands,West,UPI,1,1533.83,0,1533.83
ORD103174,CUST00080,2024-08-02,Home & Kitchen,Cushion Cover,West,Debit Card,2,911.08,5,1731.05
ORD107354,CUST01010,2023-11-06,Electronics,Bluetooth Speaker,Central,UPI,1,4317.72,15,3670.06
ORD105647,CUST00746,2024-01-04,Home & Kitchen,Storage Organizer,South,Cash on Delivery,2,1976.7,20,3162.72
ORD102455,CUST00872,2024-06-08,Beauty,Lip Balm Set,Central,Debit Card,2,483.91,0,967.82
ORD101722,CUST00384,2023-05-18,Fashion,Denim Jacket,South,Cash on Delivery,2,1433.3,0,2866.6
ORD103586,CUST00024,2024-06-21,Beauty,Sunscreen SPF50,South,UPI,1,1113.49,0,1113.49
ORD105450,CUST00708,2023-09-15,sports,Yoga Mat,East,UPI,1,1008.07,5,957.67
ORD107602,CUST00529,2023-02-20,Electronics,Laptop Sleeve,South,Credit Card,3,2555.7,15,6517.03
ORD103766,CUST00752,2024-09-16,Fashion,Denim Jacket,East,UPI,1,628.57,15,534.28
ORD102940,CUST00721,2023-06-09,Electronics,Bluetooth Speaker,Central,Debit Card,1,1178.15,0,1178.15
ORD105448,CUST00630,2024-02-10,Sports,Dumbbell Set,East,Debit Card,1,1373.26,10,1235.93
ORD108948,CUST01140,2024-01-09,Electronics,Laptop Sleeve,Central,Debit Card,1,3178.1,0,3178.1
ORD101060,CUST00757,2024-04-12,Home & Kitchen,Storage Organizer,South,UPI,1,1118.39,15,950.63
ORD107730,CUST00962,2024-10-01,Fashion,Leather Wallet,North,Credit Card,1,2104.05,5,1998.85
ORD101403,CUST00745,2023-11-09,Electronics,Laptop Sleeve,South,Debit Card,1,2890.57,15,2456.98
ORD107486,CUST00248,2023-10-29,Sports,Cricket Bat,South,Debit Card,1,1036.98,5,985.13
ORD108105,CUST00034,2023-09-03,Fashion,Sunglasses,West,Cash on Delivery,1,520.42,5,494.4
ORD105972,CUST00970,2024-06-16,Fashion,Cotton T-Shirt,West,Credit Card,1,2422.04,0,2422.04
ORD107338,CUST00525,2023-11-27,Books,Kids Storybook,South,Net Banking,1,466.39,0,466.39
ORD102242,CUST00983,2024-10-29,Sports,Resistance Bands,West,Net Banking,1,311.51,0,311.51
ORD106112,CUST00338,2023-12-28,Books,Cookbook,North,Credit Card,3,253.64,0,760.92
ORD105084,CUST01099,2023-11-16,Fashion,Leather Wallet,Central,UPI,1,573.82,0,573.82
ORD101175,CUST00613,2023-08-14,Home & Kitchen,Non-stick Pan,,Cash on Delivery,1,516.46,0,516.46
ORD103106,CUST01087,2024-02-13,Home & Kitchen,Water Bottle,North,Credit Card,1,1418.4,0,1418.4
ORD103179,CUST00793,2024-08-06,Electronics,Bluetooth Speaker,North,Credit Card,1,3402.07,0,3402.07
ORD101106,CUST00084,2023-12-24,Beauty,Perfume,South,Debit Card,1,1306.2,10,1175.58
ORD100594,CUST00734,2024-10-05,Electronics,Wireless Earbuds,East,Debit Card,1,4255.75,0,4255.75
ORD104923,CUST00881,2024-05-06,Fashion,Running Shoes,South,Net Banking,2,1492.68,0,2985.36
ORD105765,CUST00958,2024-09-07,Electronics,Wireless Earbuds,East,Cash on Delivery,4,2720.53,0,10882.12
ORD100131,CUST00196,2024-09-02,Home & Kitchen,Non-stick Pan,North,Credit Card,1,820.61,0,820.61
ORD104983,CUST00128,2024-03-04,Books,Self-Help Book,West,UPI,1,386.38,15,328.42
ORD108613,CUST00589,2024-04-15,Home & Kitchen,Water Bottle,West,UPI,1,1631.0,10,1467.9
ORD106385,CUST01155,2024-07-17,Home & Kitchen,Storage Organizer,West,Debit Card,2,1073.49,5,2039.63
ORD104657,CUST01163,2024-06-07,Beauty,Hair Dryer,South,UPI,1,416.4,0,416.4
ORD101146,CUST00153,2024-11-01,Fashion,Sunglasses,West,UPI,2,1829.61,10,3293.3
ORD108080,CUST00195,2024-08-10,Beauty,Hair Dryer,North,Credit Card,1,1143.65,10,1029.29
ORD101796,CUST00025,2023-07-21,Electronics,Smartwatch,Central,Credit Card,1,2164.92,10,1948.43
ORD102732,CUST00865,2024-05-13,Books,Cookbook,South,Debit Card,1,211.49,30,148.04
ORD108784,CUST00872,2024-10-04,Electronics,Laptop Sleeve,East,Credit Card,1,3101.33,15,2636.13
ORD104724,CUST00806,2023-03-30,Beauty,Sunscreen SPF50,West,Credit Card,2,377.55,0,755.1
ORD103164,CUST00380,2024-03-06,Home & Kitchen,Storage Organizer,East,Debit Card,1,1541.93,0,1541.93
ORD108903,CUST01155,2023-03-31,Fashion,Denim Jacket,West,UPI,1,1807.33,5,1716.96
ORD104407,CUST00615,2024-09-20,Home & Kitchen,Non-stick Pan,East,Credit Card,2,1257.54,0,2515.08
ORD106013,CUST01077,2024-12-10,Fashion,Cotton T-Shirt,West,Debit Card,1,1273.14,5,1209.48
ORD104047,CUST00326,2024-07-11,Electronics,Wireless Earbuds,North,Debit Card,1,1127.07,5,1070.72
ORD105948,CUST00892,2024-07-31,Home & Kitchen,LED Lamp,East,Credit Card,1,1467.47,15,1247.35
ORD102711,CUST01116,2023-04-17,Electronics,Laptop Sleeve,South,Credit Card,1,2090.99,0,2090.99
ORD108763,CUST00326,2024-06-15,Electronics,Smartwatch,North,UPI,1,1377.62,15,1170.98
ORD103685,CUST00916,2023-10-06,Electronics,Smartwatch,Central,UPI,1,2731.78,10,2458.6
ORD102674,CUST00030,2023-09-15,Books,Self-Help Book,Central,Debit Card,1,469.34,0,469.34
ORD108386,CUST00904,2024-06-02,Home & Kitchen,Water Bottle,North,Debit Card,2,384.8,20,615.68
ORD105479,CUST00612,2023-09-01,Sports,Resistance Bands,West,Credit Card,2,722.16,0,1444.32
ORD108008,CUST00471,2024-04-23,Fashion,Running Shoes,East,Credit Card,2,1902.92,0,3805.84
ORD104286,CUST00612,2023-07-19,Beauty,Perfume,Central,Cash on Delivery,1,480.99,10,432.89
ORD103706,CUST00541,2023-08-23,Beauty,Hair Dryer,Central,UPI,2,213.26,20,341.22
ORD102588,CUST00221,2023-10-07,Sports,Dumbbell Set,West,UPI,1,1875.11,15,1593.84
ORD100186,CUST00749,2023-10-02,Home & Kitchen,Cushion Cover,South,Debit Card,2,1218.41,0,2436.82
ORD100317,CUST00609,2023-10-06,Beauty,Lip Balm Set,North,UPI,1,412.27,15,350.43
ORD104197,CUST00919,2023-06-11,Home & Kitchen,Storage Organizer,North,Credit Card,2,1336.13,10,2405.03
ORD104758,CUST00221,2024-03-03,Electronics,Smartwatch,North,Credit Card,1,889.74,20,711.79
ORD106476,CUST00612,2023-07-20,Beauty,Hair Dryer,West,Cash on Delivery,2,691.48,0,1382.96
ORD106661,CUST00692,2024-09-02,Fashion,Running Shoes,West,Credit Card,1,962.21,0,962.21
ORD103826,CUST00030,2023-06-29,Books,Cookbook,South,UPI,1,526.81,0,526.81
ORD102198,CUST00155,2024-10-25,Fashion,Sunglasses,West,UPI,1,1807.38,20,1445.9
ORD101031,CUST00904,2024-07-18,Fashion,Denim Jacket,East,UPI,1,959.75,0,959.75
ORD106472,CUST00437,2023-11-08,Electronics,Bluetooth Speaker,Central,UPI,1,4183.35,5,3974.18
ORD103460,CUST00278,2024-05-14,Fashion,Cotton T-Shirt,South,Net Banking,2,493.91,0,987.82
ORD106216,CUST00892,2024-07-06,Fashion,Denim Jacket,Central,Debit Card,1,1341.93,5,1274.83
ORD103003,CUST00580,2024-05-14,Fashion,Sunglasses,North,Credit Card,1,2073.44,0,2073.44
ORD107367,CUST00731,2023-09-13,Electronics,Laptop Sleeve,North,UPI,2,1228.87,0,2457.74
ORD107188,CUST00404,2024-09-14,Fashion,Leather Wallet,East,Credit Card,1,1826.31,0,1826.31
ORD107108,CUST00247,2024-05-24,Electronics,Wireless Earbuds,Central,Net Banking,2,1682.91,0,3365.82
ORD101150,CUST00970,2023-05-28,Sports,Yoga Mat,South,Cash on Delivery,1,1966.8,15,1671.78
ORD108662,CUST01198,2024-09-15,Beauty,Lip Balm Set,South,UPI,1,871.45,0,871.45
ORD104010,CUST00418,2024-11-15,Electronics,Laptop Sleeve,South,Credit Card,1,2119.94,20,1695.95
ORD108035,CUST00580,2023-06-15,Fashion,Leather Wallet,West,UPI,1,2430.04,0,2430.04
ORD107619,CUST00916,2023-08-24,Fashion,Cotton T-Shirt,North,Credit Card,1,1683.14,20,1346.51
ORD102405,CUST00525,2023-07-25,Fashion,Denim Jacket,North,UPI,1,876.01,20,700.81
ORD107157,CUST01189,2024-05-04,Fashion,Denim Jacket,South,UPI,1,858.92,0,858.92
ORD101884,CUST00206,2023-10-29,Home & Kitchen,Cushion Cover,North,UPI,2,1464.16,0,2928.32
ORD101002,CUST00210,2024-07-19,Fashion,Running Shoes,North,Credit Card,1,1382.57,5,1313.44
ORD100632,CUST00270,2024-08-29,Fashion,Sunglasses,Central,UPI,1,562.4,5,534.28
ORD103177,CUST00121,2024-08-22,Fashion,Denim Jacket,Central,Debit Card,2,457.09,0,914.18
ORD102013,CUST00380,2024-09-18,Electronics,Laptop Sleeve,South,Credit Card,1,4073.87,5,3870.18
ORD105239,CUST00195,2024-06-07,sports,Yoga Mat,South,UPI,1,1495.17,0,1495.17
ORD108076,CUST01074,2023-07-24,Fashion,Leather Wallet,West,UPI,1,2096.05,0,2096.05
ORD103031,CUST01074,2023-07-28,Electronics,Power Bank,South,Credit Card,2,1899.1,20,3038.56
ORD103732,CUST00560,2024-05-15,Sports,Resistance Bands,South,Debit Card,1,1268.47,20,1014.78
ORD107624,CUST00195,2024-08-05,Home & Kitchen,Water Bottle,West,Credit Card,1,958.79,10,862.91
ORD107530,CUST01010,2023-09-22,Fashion,Sunglasses,South,Cash on Delivery,2,1864.96,0,3729.92
ORD101332,CUST00421,2024-08-09,Electronics,Bluetooth Speaker,North,Debit Card,1,1677.39,0,1677.39
ORD103061,CUST00751,2024-04-30,Fashion,Running Shoes,South,Credit Card,1,2423.87,0,2423.87
ORD101350,CUST00109,2023-10-21,Books,Kids Storybook,South,Credit Card,1,624.55,0,624.55
ORD103752,CUST00471,2024-04-26,Electronics,Wireless Earbuds,North,Debit Card,1,3798.96,20,3039.17
ORD104178,CUST00525,2024-01-04,Home & Kitchen,Water Bottle,South,UPI,1,304.35,10,273.92
ORD105695,CUST00937,2024-06-14,Fashion,Cotton T-Shirt,East,Debit Card,1,1520.18,10,1368.16
ORD105006,CUST00199,2024-10-11,Electronics,Bluetooth Speaker,South,Debit Card,1,2486.44,0,2486.44
ORD108782,CUST00565,2023-05-05,Home & Kitchen,Cushion Cover,Central,UPI,1,1507.45,5,1432.08
ORD103062,CUST00336,2024-11-27,Electronics,Smartwatch,West,Cash on Delivery,3,1682.15,0,5046.45
ORD102933,CUST01189,2023-11-24,Fashion,Running Shoes,,Cash on Delivery,1,2449.95,5,2327.45
ORD105338,CUST00482,2024-12-06,Fashion,Running Shoes,East,Net Banking,1,2204.19,0,2204.19
ORD100217,CUST00019,2024-12-03,Books,Fiction Novel,South,Cash on Delivery,2,300.46,20,480.74
ORD106062,CUST00525,2023-09-27,Fashion,Denim Jacket,East,UPI,1,1635.26,0,1635.26
ORD108474,CUST00846,2024-03-16,Beauty,Perfume,West,UPI,3,1082.73,20,2598.55
ORD107482,CUST00828,2023-08-28,Electronics,Wireless Earbuds,East,Credit Card,1,3779.28,0,3779.28
ORD108507,CUST00322,2024-07-04,Sports,Cricket Bat,West,Debit Card,2,2452.49,0,4904.98
ORD105740,CUST00580,2023-11-12,Fashion,Sunglasses,West,UPI,1,1185.12,0,1185.12
ORD100650,CUST00541,2023-02-11,Beauty,Hair Dryer,Central,Credit Card,1,378.69,10,340.82
ORD103270,CUST01146,2023-06-06,Sports,Yoga Mat,Central,Debit Card,4,2917.77,5,11087.53
ORD101581,CUST00680,2024-03-08,Electronics,Smartwatch,West,UPI,1,2384.15,10,2145.74
ORD102862,CUST00712,2024-11-12,Home & Kitchen,Storage Organizer,South,UPI,1,1288.04,0,1288.04
ORD105978,CUST00612,2023-07-02,Books,Fiction Novel,,UPI,2,516.82,10,930.28
ORD106090,CUST00411,2024-11-27,Fashion,Cotton T-Shirt,Central,UPI,1,468.46,0,468.46
ORD100359,CUST00962,2024-08-22,Fashion,Sunglasses,East,Credit Card,2,1030.78,10,1855.4
ORD101960,CUST01155,2023-03-04,Fashion,Denim Jacket,Central,Credit Card,2,349.86,15,594.76
ORD105845,CUST01080,2024-09-15,Books,Self-Help Book,West,Debit Card,2,218.32,0,436.64
ORD104789,CUST00916,2023-11-14,Fashion,Cotton T-Shirt,Central,Debit Card,2,959.7,0,1919.4
ORD105030,CUST00746,2024-01-29,Books,Kids Storybook,East,Net Banking,1,612.81,30,428.97
ORD100419,CUST01176,2024-09-23,Electronics,Bluetooth Speaker,North,Credit Card,1,2493.88,15,2119.8
ORD100180,CUST00224,2023-11-22,Home & Kitchen,Cushion Cover,Central,Cash on Delivery,1,368.8,20,295.04
ORD108409,CUST00342,2024-09-19,Sports,Yoga Mat,South,Net Banking,1,1613.75,0,1613.75
ORD102856,CUST00888,2024-11-23,electronics,Power Bank,West,Credit Card,1,3231.55,0,3231.55
ORD102789,CUST00346,2023-07-28,Books,Fiction Novel,South,UPI,1,235.66,5,223.88
ORD102573,CUST00322,2024-10-23,Home & Kitchen,Non-stick Pan,South,Debit Card,1,1431.42,0,1431.42
ORD107035,CUST00917,2024-07-24,Beauty,Perfume,South,Credit Card,1,1137.34,0,1137.34
ORD100786,CUST00711,2024-09-01,Beauty,Hair Dryer,Central,Credit Card,1,760.26,5,722.25
ORD107564,CUST00795,2024-12-09,Electronics,Smartwatch,North,Debit Card,1,2934.25,0,2934.25
ORD100370,CUST00002,2024-05-09,Fashion,Sunglasses,East,UPI,1,1290.52,0,1290.52
ORD105980,CUST00210,2024-02-20,Home & Kitchen,Non-stick Pan,North,UPI,1,887.9,0,887.9
ORD108494,CUST00047,2024-10-17,Sports,Cricket Bat,East,UPI,1,1769.0,0,1769.0
ORD102244,CUST00128,2024-03-14,Electronics,Wireless Earbuds,North,Debit Card,2,3511.35,0,7022.7
ORD101182,CUST00420,2024-10-06,Sports,Dumbbell Set,South,Debit Card,2,955.15,0,1910.3
ORD102201,CUST00831,2024-03-25,Books,Cookbook,North,Credit Card,2,715.19,0,1430.38
ORD105577,CUST00386,2023-05-23,Books,Fiction Novel,Central,UPI,1,402.76,5,382.62
ORD102185,CUST00841,2024-10-21,Books,Fiction Novel,East,UPI,1,551.79,10,496.61
ORD107610,CUST00034,2023-09-29,Home & Kitchen,Cushion Cover,East,UPI,1,459.38,0,459.38
ORD106694,CUST01039,2024-10-29,Sports,Cricket Bat,West,Credit Card,2,1027.04,0,2054.08
ORD105697,CUST00709,2024-11-23,Beauty,Hair Dryer,North,UPI,1,815.63,0,815.63
ORD101070,CUST00006,2024-12-12,Electronics,Smartwatch,East,Credit Card,1,1960.82,0,1960.82
ORD104562,CUST00798,2023-07-26,Electronics,Smartwatch,Central,Debit Card,1,2951.15,20,2360.92
ORD107010,CUST01116,2023-12-01,Electronics,Smartwatch,West,Net Banking,1,3665.71,15,3115.85
ORD107312,CUST00002,2024-03-17,Electronics,Laptop Sleeve,West,UPI,1,1366.69,10,1230.02
ORD100502,CUST00046,2024-06-03,Sports,Yoga Mat,North,UPI,1,595.44,15,506.12
ORD100756,CUST00546,2024-02-02,Electronics,Wireless Earbuds,Central,Cash on Delivery,1,1372.82,0,1372.82
ORD106328,CUST00270,2024-03-23,Electronics,Laptop Sleeve,North,UPI,1,2361.0,0,2361.0
ORD106001,CUST01180,2024-05-02,Sports,Cycling Gloves,West,Debit Card,1,2433.08,10,2189.77
ORD100531,CUST00143,2023-07-16,Fashion,Leather Wallet,Central,UPI,1,841.97,0,841.97
ORD102086,CUST00083,2023-12-17,Electronics,Laptop Sleeve,East,Debit Card,1,3438.9,0,3438.9
ORD105931,CUST00550,2024-05-13,Fashion,Denim Jacket,South,UPI,1,1087.06,5,1032.71
ORD104795,CUST00234,2024-08-04,Sports,Cycling Gloves,South,Credit Card,1,2973.57,0,2973.57
ORD102724,CUST00346,2023-07-18,Home & Kitchen,Non-stick Pan,East,Credit Card,1,1344.15,10,1209.74
ORD108691,CUST01016,2023-07-28,Home & Kitchen,LED Lamp,West,Credit Card,1,364.95,10,328.46
ORD106984,CUST00916,2023-12-09,Home & Kitchen,Water Bottle,Central,Net Banking,1,526.23,15,447.3
ORD103242,CUST00249,2024-06-05,Fashion,Sunglasses,North,Credit Card,1,781.75,10,703.58
ORD107415,CUST01014,2023-09-18,Fashion,Cotton T-Shirt,East,Credit Card,2,2091.42,0,4182.84
ORD101059,CUST00913,2024-10-05,Fashion,Denim Jacket,South,Debit Card,3,1845.78,0,5537.34
ORD106852,CUST00504,2024-09-15,Electronics,Smartwatch,North,Debit Card,1,3233.93,0,3233.93
ORD103015,CUST00005,2023-11-30,Fashion,Sunglasses,North,Net Banking,1,2255.41,0,2255.41
ORD100962,CUST00962,2024-09-15,Books,Self-Help Book,North,Cash on Delivery,1,634.58,5,602.85
ORD103114,CUST00439,2024-01-29,Home & Kitchen,Water Bottle,Central,Cash on Delivery,1,1363.39,10,1227.05
ORD104879,CUST00168,2024-03-05,Sports,Dumbbell Set,North,Debit Card,2,2963.76,5,5631.14
ORD102064,CUST00165,2023-09-12,Fashion,Denim Jacket,South,UPI,2,2389.92,0,4779.84
ORD104150,CUST00981,2024-01-29,Electronics,Wireless Earbuds,East,Cash on Delivery,1,2835.18,20,2268.14
ORD100625,CUST00983,2024-09-26,Fashion,Sunglasses,North,UPI,2,384.4,5,730.36
ORD105872,CUST01140,2024-05-24,Home & Kitchen,Cushion Cover,East,Cash on Delivery,1,1712.76,0,1712.76
ORD103116,CUST00782,2024-10-03,Fashion,Sunglasses,South,Credit Card,1,2166.43,0,2166.43
ORD102961,CUST01140,2024-08-10,Electronics,Smartwatch,North,Credit Card,1,4043.83,0,4043.83
ORD101564,CUST00756,2024-09-17,Beauty,Perfume,North,Net Banking,1,980.56,0,980.56
ORD103792,CUST01113,2024-02-08,Sports,Cycling Gloves,,Net Banking,2,1709.0,5,3247.1
ORD106554,CUST00247,2024-08-09,Books,Self-Help Book,Central,UPI,1,645.64,0,645.64
ORD108081,CUST00541,2023-09-12,Electronics,Wireless Earbuds,North,UPI,2,3696.52,15,6284.08
ORD101115,CUST00078,2023-11-11,Electronics,Bluetooth Speaker,North,Credit Card,1,1234.61,0,1234.61
ORD100621,CUST01074,2023-07-06,Electronics,Wireless Earbuds,North,Credit Card,2,930.15,10,1674.27
ORD106882,CUST00017,2024-11-03,Sports,Yoga Mat,South,UPI,1,2205.3,0,2205.3
ORD102457,CUST00088,2024-04-27,Electronics,Wireless Earbuds,West,Debit Card,1,3595.95,20,2876.76
ORD103399,CUST00770,2024-08-16,Beauty,Hair Dryer,North,Credit Card,1,598.54,10,538.69
ORD105471,CUST00976,2024-05-28,Fashion,Leather Wallet,North,UPI,2,836.06,15,1421.3
ORD100712,CUST00110,2024-07-18,fashion,Running Shoes,East,UPI,3,1579.63,10,4265.0
ORD100326,CUST01007,2024-08-23,Electronics,Wireless Earbuds,South,UPI,1,2068.5,5,1965.07
ORD104708,CUST01057,2024-07-21,Home & Kitchen,Cushion Cover,Central,Cash on Delivery,2,1159.9,5,2203.81
ORD108453,CUST00580,2023-08-25,Sports,Resistance Bands,Central,UPI,3,2531.53,0,7594.59
ORD108281,CUST00525,2024-04-23,Electronics,Bluetooth Speaker,West,UPI,1,1510.7,10,1359.63
ORD108994,CUST00269,2023-09-22,Sports,Resistance Bands,South,UPI,1,1074.16,30,751.91
ORD100172,CUST00062,2024-04-26,Fashion,Sunglasses,North,Net Banking,1,1063.54,30,744.48
ORD103963,CUST00561,2024-10-06,books,Cookbook,East,Debit Card,4,395.86,10,1425.1
ORD100865,CUST01142,2023-06-20,Books,Self-Help Book,North,Credit Card,3,351.49,0,1054.47
ORD105804,CUST00030,2023-02-21,Electronics,Smartwatch,Central,UPI,1,2414.65,10,2173.18
ORD102284,CUST00427,2024-10-02,Home & Kitchen,LED Lamp,North,UPI,1,385.9,0,385.9
ORD102140,CUST00165,2024-10-03,Home & Kitchen,Storage Organizer,West,UPI,2,1398.97,5,2658.04
ORD103522,CUST00534,2024-03-24,Electronics,Wireless Earbuds,North,Debit Card,1,4440.42,10,3996.38
ORD104511,CUST00680,2024-03-06,Electronics,Laptop Sleeve,East,Debit Card,1,1606.26,20,1285.01
ORD103711,CUST00646,2024-09-17,Electronics,Laptop Sleeve,West,Net Banking,1,4449.2,0,4449.2
ORD101549,CUST00916,2023-11-04,Sports,Yoga Mat,South,UPI,1,2527.34,15,2148.24
ORD101208,CUST01047,2024-12-07,Sports,Cycling Gloves,Central,UPI,1,2566.08,0,2566.08
ORD107722,CUST00432,2024-10-31,Fashion,Denim Jacket,Central,Credit Card,2,1066.78,20,1706.85
ORD108243,CUST00018,2024-10-09,Fashion,Sunglasses,South,Net Banking,1,1356.39,15,1152.93
ORD105161,CUST01070,2024-04-12,Electronics,Wireless Earbuds,East,Credit Card,1,2414.31,5,2293.59
ORD105779,CUST00970,2023-07-01,Home & Kitchen,LED Lamp,West,Debit Card,2,1035.14,0,2070.28
ORD106159,CUST00954,2024-12-20,Home & Kitchen,Water Bottle,West,UPI,1,1409.4,0,1409.4
ORD104454,CUST00679,2024-12-01,Electronics,Wireless Earbuds,East,Net Banking,1,3059.04,5,2906.09
ORD105086,CUST00444,2023-12-14,Electronics,Power Bank,North,UPI,1,3174.12,10,2856.71
ORD105029,CUST00902,2024-03-01,Fashion,Leather Wallet,East,Credit Card,1,1515.42,0,1515.42
ORD100191,CUST00191,2024-06-16,Books,Business Biography,Central,Debit Card,1,257.18,10,231.46
ORD104550,CUST01146,2023-05-22,Sports,Cricket Bat,Central,Credit Card,2,946.03,0,1892.06
ORD100439,CUST00853,2023-05-24,Beauty,Lip Balm Set,Central,Net Banking,1,390.14,0,390.14
ORD102827,CUST00866,2023-11-11,Books,Business Biography,South,Debit Card,1,171.85,0,171.85
ORD102290,CUST00013,2024-07-11,Home & Kitchen,Cushion Cover,West,UPI,1,945.25,0,945.25
ORD100664,CUST00566,2024-05-08,Electronics,Wireless Earbuds,Central,UPI,1,3075.84,0,3075.84
ORD101424,CUST00783,2023-05-15,Electronics,Wireless Earbuds,South,Net Banking,1,3245.31,0,3245.31
ORD107797,CUST00970,2023-09-18,Electronics,Wireless Earbuds,South,Credit Card,3,3453.32,10,9323.96
ORD105211,CUST00308,2023-03-12,Fashion,Leather Wallet,East,Debit Card,1,655.09,0,655.09
ORD107369,CUST01077,2024-11-13,Electronics,Bluetooth Speaker,North,Debit Card,3,3741.23,5,10662.51
ORD101114,CUST01158,2024-02-22,Fashion,Denim Jacket,West,UPI,1,1060.28,5,1007.27
ORD107541,CUST00214,2024-12-06,Home & Kitchen,Non-stick Pan,East,Net Banking,2,387.23,0,774.46
ORD105075,CUST00738,2023-06-14,Sports,Cycling Gloves,Central,Credit Card,1,1632.2,20,1305.76
ORD100473,CUST00308,2023-04-14,Fashion,Leather Wallet,East,Credit Card,1,435.68,0,435.68
ORD106779,CUST01086,2024-09-22,Electronics,Wireless Earbuds,Central,UPI,1,2477.54,0,2477.54
ORD100495,CUST00676,2024-11-28,Electronics,Power Bank,South,UPI,1,837.42,10,753.68
ORD102130,CUST00399,2023-05-17,Home & Kitchen,Cushion Cover,South,Credit Card,1,781.96,10,703.76
ORD100706,CUST00542,2023-08-30,Home & Kitchen,Non-stick Pan,North,Net Banking,2,624.81,0,1249.62
ORD108476,CUST00702,2023-08-15,Fashion,Cotton T-Shirt,West,Cash on Delivery,1,1972.37,15,1676.51
ORD104527,CUST00300,2024-10-01,Beauty,Sunscreen SPF50,North,UPI,1,414.05,10,372.65
ORD103044,CUST00371,2024-08-03,Electronics,Smartwatch,East,Cash on Delivery,1,3262.58,15,2773.19
ORD104906,CUST00493,2023-10-08,Home & Kitchen,Water Bottle,North,Credit Card,2,570.17,0,1140.34
ORD105502,CUST00278,2024-06-05,Home & Kitchen,Cushion Cover,East,Debit Card,1,1447.66,10,1302.89
ORD108800,CUST00904,2024-05-21,Home & Kitchen,Cushion Cover,North,Credit Card,2,1773.26,20,2837.22
ORD103529,CUST00118,2024-08-26,Fashion,Running Shoes,West,UPI,1,707.92,0,707.92
ORD108146,CUST00665,2024-10-17,Books,Kids Storybook,Central,Debit Card,2,748.54,0,1497.08
ORD107158,CUST01097,2024-10-24,Fashion,Denim Jacket,South,UPI,1,2162.73,0,2162.73
ORD101188,CUST00076,2023-12-27,Electronics,Laptop Sleeve,North,Credit Card,1,1037.67,10,933.9
ORD108013,CUST00375,2023-02-12,Electronics,Smartwatch,East,Credit Card,2,2971.52,0,5943.04
ORD105287,CUST01107,2024-05-21,Fashion,Sunglasses,Central,Cash on Delivery,1,1387.84,0,1387.84
ORD101474,CUST00002,2024-04-16,Electronics,Power Bank,North,Net Banking,1,1582.45,0,1582.45
ORD105839,CUST00122,2024-10-02,Home & Kitchen,Non-stick Pan,East,UPI,2,1104.66,0,2209.32
ORD101457,CUST01055,2024-11-15,Home & Kitchen,Water Bottle,South,,2,929.23,5,1765.54
ORD104414,CUST00673,2023-08-04,Fashion,Running Shoes,North,Credit Card,2,572.7,0,1145.4
ORD107046,CUST00667,2023-10-03,Beauty,Hair Dryer,West,Net Banking,1,1344.49,5,-1277.27
ORD107819,CUST00380,2024-02-21,Fashion,Cotton T-Shirt,South,UPI,1,1447.2,15,1230.12
ORD100332,CUST00479,2023-06-12,Electronics,Smartwatch,West,Credit Card,1,2958.66,5,2810.73
ORD108547,CUST00221,2024-11-21,Fashion,Sunglasses,North,Debit Card,1,2059.91,0,2059.91
ORD103047,CUST00812,2024-09-15,Electronics,Smartwatch,West,UPI,1,2976.96,10,2679.26
ORD104184,CUST01140,2024-03-13,Electronics,Bluetooth Speaker,East,Cash on Delivery,2,1772.16,30,2481.02
ORD101737,CUST00647,2023-09-06,Electronics,Power Bank,North,Net Banking,1,801.57,0,801.57
ORD100059,CUST00917,2024-07-20,Fashion,Denim Jacket,West,Debit Card,1,594.42,0,594.42
ORD107467,CUST00895,2024-03-17,Beauty,Sunscreen SPF50,East,UPI,1,740.05,30,518.04
ORD104016,CUST01066,2024-08-18,Beauty,Sunscreen SPF50,East,UPI,1,599.13,10,539.22
ORD105106,CUST00358,2024-06-20,Fashion,Running Shoes,West,Credit Card,4,772.67,0,3090.68
ORD101651,CUST00626,2024-11-24,Electronics,Power Bank,East,UPI,1,2075.29,5,1971.53
ORD102855,CUST01139,2023-09-29,Electronics,Smartwatch,East,UPI,2,958.83,15,1630.01
ORD102519,CUST00644,2023-09-30,Fashion,Leather Wallet,Central,Credit Card,1,2311.38,15,1964.67
ORD102195,CUST00685,2023-12-14,Home & Kitchen,Water Bottle,North,Debit Card,1,260.02,0,260.02
ORD107836,CUST00560,2024-09-13,Home & Kitchen,Cushion Cover,Central,Credit Card,2,619.8,0,1239.6
ORD108424,CUST00017,2024-11-06,Sports,Cricket Bat,Central,UPI,3,2722.86,10,7351.72
ORD103693,CUST00248,2023-06-05,Fashion,Leather Wallet,North,Credit Card,2,958.8,0,1917.6
ORD105493,CUST00655,2023-07-31,Beauty,Lip Balm Set,Central,Credit Card,1,625.24,10,562.72
ORD107231,CUST00380,2024-03-27,Sports,Cycling Gloves,South,Credit Card,1,1347.93,10,1213.14
ORD104325,CUST00104,2024-12-10,Fashion,Running Shoes,South,Cash on Delivery,1,1928.89,0,1928.89
ORD103350,CUST00939,2023-08-02,Fashion,Sunglasses,Central,Net Banking,3,1503.21,15,3833.19
ORD103995,CUST00128,2024-08-22,Electronics,Bluetooth Speaker,Central,UPI,1,2609.38,0,2609.38
ORD102310,CUST00034,2023-11-25,Electronics,Bluetooth Speaker,North,Credit Card,1,4453.95,15,3785.86
ORD103281,CUST00742,2023-11-05,electronics,Bluetooth Speaker,North,Net Banking,1,4402.69,10,3962.42
ORD101766,CUST00606,2024-03-01,Electronics,Bluetooth Speaker,Central,Credit Card,1,1336.66,5,1269.83
ORD100350,CUST00223,2024-01-04,Books,Self-Help Book,North,Debit Card,2,780.55,5,1483.04
ORD104665,CUST00199,2024-11-16,Fashion,Running Shoes,West,Credit Card,1,1347.55,15,1145.42
ORD103647,CUST01003,2024-12-04,Electronics,Wireless Earbuds,East,Debit Card,1,1319.22,0,1319.22
ORD108087,CUST00904,2024-08-21,Home & Kitchen,Cushion Cover,Central,Debit Card,1,1590.22,0,1590.22
ORD101645,CUST01081,2024-05-27,Beauty,Lip Balm Set,East,Credit Card,2,1004.53,30,1406.34
ORD100442,CUST00855,2024-04-15,Fashion,Denim Jacket,South,UPI,1,479.7,0,479.7
ORD102454,CUST01116,2023-05-29,Beauty,Face Serum,East,Credit Card,2,449.03,0,898.06
ORD107311,CUST00256,2024-08-12,Electronics,Wireless Earbuds,West,Debit Card,1,3940.51,0,3940.51
ORD103640,CUST00221,2023-05-13,Electronics,Power Bank,East,UPI,2,1915.67,5,3639.77
ORD105690,CUST00404,2024-08-23,Electronics,Power Bank,South,Credit Card,1,1953.96,10,1758.56
ORD105522,CUST01137,2024-05-19,Electronics,Wireless Earbuds,East,UPI,1,3148.5,0,3148.5
ORD105984,CUST00076,2024-01-01,Electronics,Smartwatch,North,UPI,1,3683.85,10,3315.46
ORD101580,CUST00535,2024-04-13,Fashion,Leather Wallet,East,Debit Card,2,1970.0,20,3152.0
ORD105880,CUST00904,2024-07-25,Electronics,Smartwatch,East,Debit Card,2,1439.0,0,2878.0
ORD104297,CUST00718,2024-05-11,Electronics,Bluetooth Speaker,Central,Net Banking,1,2317.55,0,2317.55
ORD103030,CUST00128,2024-04-18,Sports,Cricket Bat,,Credit Card,2,2330.91,0,4661.82
ORD101222,CUST00962,2024-09-10,Beauty,Lip Balm Set,North,Credit Card,1,1469.0,0,1469.0
ORD105637,CUST00270,2024-09-18,Beauty,Perfume,South,UPI,2,1110.56,10,1999.01
ORD106812,CUST00761,2023-12-22,Beauty,Lip Balm Set,South,Credit Card,1,521.45,0,521.45
ORD108370,CUST01027,2023-12-29,Home & Kitchen,Non-stick Pan,East,Cash on Delivery,3,277.75,5,791.59
ORD107053,CUST00034,2023-09-04,books,Self-Help Book,Central,Credit Card,2,717.99,10,1292.38
ORD102465,CUST00002,2024-04-08,Electronics,Power Bank,East,Debit Card,1,1834.87,20,1467.9
ORD101855,CUST00120,2024-11-22,Home & Kitchen,Water Bottle,Central,UPI,1,835.05,5,793.3
ORD105771,CUST00104,2024-11-25,Electronics,Bluetooth Speaker,East,Debit Card,1,2908.28,0,2908.28
ORD102029,CUST01171,2024-05-12,Fashion,Leather Wallet,South,Debit Card,1,1764.77,0,1764.77
ORD101568,CUST00877,2023-07-23,Fashion,Running Shoes,Central,Debit Card,1,1041.14,0,1041.14
ORD104922,CUST00294,2024-03-15,Books,Self-Help Book,South,UPI,2,787.28,5,1495.83
ORD105279,CUST00128,2024-10-09,Fashion,Leather Wallet,East,Credit Card,1,1101.37,5,1046.3
ORD104844,CUST00120,2024-12-05,Fashion,Cotton T-Shirt,East,Net Banking,1,1884.44,10,1696.0
ORD101061,CUST00015,2024-03-31,Home & Kitchen,Storage Organizer,Central,Debit Card,1,1403.06,0,1403.06
ORD107070,CUST00128,2024-08-27,Electronics,Power Bank,Central,Debit Card,4,4095.58,0,16382.32
ORD108819,CUST00250,2023-12-02,Home & Kitchen,Storage Organizer,North,UPI,2,1453.57,0,2907.14
ORD104542,CUST00396,2023-11-02,Fashion,Cotton T-Shirt,Central,Debit Card,2,514.34,30,720.08
ORD107191,CUST01053,2023-04-10,Sports,Cricket Bat,West,Net Banking,1,728.2,5,691.79
ORD105284,CUST00211,2024-10-09,Books,Self-Help Book,East,Credit Card,1,533.75,5,507.06
ORD105562,CUST00613,2023-08-10,Sports,Dumbbell Set,West,Credit Card,1,475.74,0,475.74
ORD105438,CUST01050,2024-10-17,Beauty,Face Serum,West,Debit Card,1,215.36,0,215.36
ORD103052,CUST00751,2024-04-28,Electronics,Bluetooth Speaker,North,Credit Card,1,3659.87,20,2927.9
ORD103002,CUST00910,2024-10-23,Beauty,Face Serum,East,Credit Card,3,661.01,0,1983.03
ORD106383,CUST00592,2024-08-28,Beauty,Lip Balm Set,East,Credit Card,1,374.41,0,374.41
ORD105529,CUST00511,2024-09-23,Sports,Resistance Bands,Central,UPI,2,1468.22,0,2936.44
ORD102907,CUST00578,2024-09-07,Fashion,Cotton T-Shirt,Central,UPI,1,432.65,0,432.65
ORD108980,CUST00544,2024-06-26,Fashion,Leather Wallet,North,Net Banking,1,361.1,10,324.99
ORD103384,CUST00615,2024-09-16,Home & Kitchen,LED Lamp,North,Credit Card,1,494.08,20,395.26
ORD105780,CUST00587,2023-12-31,Home & Kitchen,Cushion Cover,Central,Cash on Delivery,2,826.21,10,1487.18
ORD100665,CUST00729,2024-07-06,Electronics,Smartwatch,Central,Net Banking,1,2210.24,10,1989.22
ORD101118,CUST00425,2024-01-03,Sports,Cricket Bat,Central,Debit Card,1,2198.59,5,2088.66
ORD101714,CUST00212,2023-12-16,Home & Kitchen,Water Bottle,West,Net Banking,2,228.7,5,434.53
ORD106175,CUST00333,2024-01-31,fashion,Sunglasses,West,UPI,1,409.56,0,409.56
ORD100747,CUST00732,2024-12-21,Electronics,Wireless Earbuds,West,Credit Card,1,2304.44,0,2304.44
ORD108562,CUST00199,2024-09-06,Electronics,Wireless Earbuds,East,Credit Card,1,3237.37,15,2751.76
ORD103530,CUST00439,2023-07-30,Electronics,Power Bank,South,UPI,1,3890.83,0,3890.83
ORD105499,CUST01161,2023-12-16,Fashion,Denim Jacket,Central,,1,909.85,20,727.88
ORD108810,CUST00128,2024-10-05,Beauty,Perfume,South,Debit Card,1,1388.09,15,1179.88
ORD103369,CUST00736,2023-12-10,Electronics,Wireless Earbuds,South,UPI,1,3738.47,0,3738.47
ORD107257,CUST00731,2023-07-29,Fashion,Denim Jacket,North,UPI,1,1659.08,15,1410.22
ORD108894,CUST00133,2024-07-09,Home & Kitchen,Water Bottle,South,Net Banking,1,1175.2,10,1057.68
ORD108554,CUST00970,2023-06-12,Books,Kids Storybook,South,UPI,2,798.23,30,1117.52
ORD105558,CUST00221,2023-09-05,Home & Kitchen,Cushion Cover,East,Credit Card,1,1169.27,10,1052.34
ORD102177,CUST00422,2024-02-02,Fashion,Denim Jacket,North,UPI,1,1585.38,15,1347.57
ORD105587,CUST01014,2023-08-06,Electronics,Wireless Earbuds,East,Cash on Delivery,1,4016.99,30,2811.89
ORD105351,CUST00975,2024-02-01,Home & Kitchen,Cushion Cover,North,UPI,1,1600.87,10,1440.78
ORD108394,CUST00745,2023-07-17,Sports,Resistance Bands,West,Net Banking,1,1011.6,5,961.02
ORD105729,CUST00217,2024-01-14,Books,Cookbook,West,UPI,1,393.86,10,354.47
ORD103992,CUST00002,2024-03-22,Sports,Resistance Bands,Central,Credit Card,2,734.5,15,1248.65
ORD103215,CUST00256,2024-07-27,Books,Kids Storybook,East,Debit Card,1,695.31,20,556.25
ORD101768,CUST00852,2023-03-07,Electronics,Laptop Sleeve,North,UPI,1,1774.89,0,1774.89
ORD102024,CUST00614,2024-02-28,Electronics,Smartwatch,East,Credit Card,1,4035.94,5,3834.14
ORD107987,CUST01110,2024-02-13,Fashion,Sunglasses,South,Net Banking,1,2397.54,10,2157.79
ORD100987,CUST01150,2023-11-26,Fashion,Sunglasses,Central,Debit Card,1,2259.89,20,1807.91
ORD107977,CUST00424,2024-02-13,Electronics,Power Bank,West,Credit Card,1,2396.85,0,2396.85
ORD106483,CUST00742,2023-11-12,Sports,Resistance Bands,West,Credit Card,1,1912.34,0,1912.34
ORD100946,CUST00005,2023-09-23,home & kitchen,Storage Organizer,North,UPI,1,583.51,0,583.51
ORD103639,CUST00439,2023-10-01,Home & Kitchen,LED Lamp,South,UPI,3,1948.77,20,4677.05
ORD108571,CUST00066,2023-07-14,Electronics,Power Bank,North,Credit Card,4,4492.96,0,17971.84
ORD103387,CUST00128,2024-10-13,Electronics,Laptop Sleeve,Central,Credit Card,1,3448.4,0,3448.4
ORD104416,CUST00732,2024-11-16,Books,Self-Help Book,West,Debit Card,1,502.1,0,502.1
ORD106211,CUST00570,2024-04-25,Sports,Cycling Gloves,West,Credit Card,1,1142.03,5,1084.93
ORD105854,CUST00929,2024-03-22,Electronics,Power Bank,South,Debit Card,2,2863.56,20,4581.7
ORD101641,CUST01013,2024-09-21,Home & Kitchen,Storage Organizer,North,UPI,1,941.18,0,941.18
ORD102810,CUST00580,2024-04-05,Beauty,Perfume,West,Debit Card,2,357.9,0,715.8
ORD104363,CUST00410,2023-11-29,Electronics,Laptop Sleeve,South,Credit Card,1,4106.52,0,4106.52
ORD102720,CUST00749,2023-11-22,Books,Business Biography,East,Credit Card,2,256.83,0,513.66
ORD107800,CUST00385,2024-01-03,Home & Kitchen,Water Bottle,North,Debit Card,3,438.55,0,1315.65
ORD103935,CUST00987,2023-12-11,electronics,Smartwatch,South,UPI,1,3182.44,0,3182.44
ORD101262,CUST00072,2023-08-16,Sports,Resistance Bands,East,Cash on Delivery,1,2724.38,0,2724.38
ORD108773,CUST00884,2024-07-26,Electronics,Wireless Earbuds,South,Credit Card,1,4422.39,20,3537.91
ORD108689,CUST00142,2024-11-02,Sports,Dumbbell Set,Central,Credit Card,1,2806.93,0,2806.93
ORD100470,CUST01116,2023-10-23,Sports,Cricket Bat,East,UPI,4,1546.13,10,5566.07
ORD101487,CUST00629,2024-03-09,Electronics,Smartwatch,West,Credit Card,2,3661.41,0,7322.82
ORD103183,CUST01001,2024-10-27,Home & Kitchen,Water Bottle,East,UPI,1,955.61,0,955.61
ORD103983,CUST00418,2024-10-18,Home & Kitchen,Cushion Cover,Central,UPI,2,584.85,0,1169.7
ORD102962,CUST00718,2024-12-02,Sports,Yoga Mat,North,Credit Card,1,1126.04,0,1126.04
ORD107545,CUST00003,2023-09-28,Electronics,Wireless Earbuds,South,Debit Card,1,1667.17,0,1667.17
ORD105486,CUST01080,2024-05-25,Sports,Yoga Mat,East,Net Banking,1,915.38,10,823.84
ORD107260,CUST00006,2024-12-03,Sports,Yoga Mat,South,UPI,3,2780.72,5,7925.05
ORD107692,CUST00670,2024-04-15,Fashion,Running Shoes,West,Debit Card,1,1020.57,0,1020.57
ORD105757,CUST01140,2023-12-27,Fashion,Cotton T-Shirt,East,Net Banking,1,2128.83,10,1915.95
ORD107318,CUST00904,2024-08-15,Electronics,Wireless Earbuds,North,Debit Card,2,2815.32,15,4786.04
ORD105951,CUST00385,2023-12-28,Sports,Yoga Mat,West,Cash on Delivery,1,2301.34,15,1956.14
ORD105463,CUST00011,2023-08-05,Home & Kitchen,Water Bottle,Central,UPI,4,1379.01,0,5516.04
ORD106237,CUST00184,2024-08-03,Beauty,Perfume,South,Debit Card,1,989.7,5,940.22
ORD100915,CUST00191,2024-07-01,Sports,Cricket Bat,North,Net Banking,1,1223.24,0,1223.24
ORD106135,CUST00489,2024-01-07,electronics,Smartwatch,South,Net Banking,2,2785.86,15,4735.96
ORD100990,CUST00795,2024-12-17,Beauty,Hair Dryer,South,Net Banking,2,1118.31,0,2236.62
ORD107336,CUST00034,2023-10-26,Electronics,Smartwatch,Central,UPI,2,4248.62,15,7222.65
ORD103144,CUST01055,2024-11-23,Fashion,Denim Jacket,North,Credit Card,1,342.02,0,342.02
ORD104237,CUST00874,2024-04-03,Sports,Cricket Bat,North,Cash on Delivery,1,2607.07,0,2607.07
ORD100240,CUST00844,2023-06-22,Electronics,Laptop Sleeve,North,Debit Card,1,4343.24,5,4126.08
ORD108919,CUST00152,2024-11-25,Home & Kitchen,Non-stick Pan,South,Cash on Delivery,2,1491.85,0,2983.7
ORD105686,CUST00128,2024-02-17,Books,Cookbook,South,UPI,1,620.03,0,620.03
ORD108322,CUST00229,2024-12-03,Sports,Cycling Gloves,North,UPI,2,1644.22,5,3124.02
ORD100740,CUST00221,2023-07-09,Fashion,Sunglasses,North,UPI,2,2297.19,10,4134.94
ORD100129,CUST00574,2023-11-04,Fashion,Denim Jacket,Central,Debit Card,2,2122.82,0,4245.64
ORD103228,CUST00247,2024-04-30,Fashion,Running Shoes,West,Debit Card,3,1017.39,15,2594.34
ORD108976,CUST00705,2023-12-21,Sports,Cricket Bat,West,UPI,1,2817.88,0,2817.88
ORD101409,CUST00572,2024-10-12,Sports,Dumbbell Set,West,Debit Card,2,1569.95,15,2668.92
ORD106384,CUST00455,2024-05-25,Fashion,Running Shoes,West,UPI,1,1897.81,10,1708.03
ORD108270,CUST00471,2024-08-18,Beauty,Perfume,Central,Debit Card,2,658.44,20,1053.5
ORD102040,CUST00237,2024-05-08,Electronics,Smartwatch,North,Credit Card,1,4011.27,10,3610.14
ORD103253,CUST00855,2024-01-04,Sports,Resistance Bands,East,Credit Card,1,687.67,0,687.67
ORD104175,CUST00738,2024-01-07,Electronics,Laptop Sleeve,South,UPI,1,4362.87,5,4144.73
ORD102522,CUST00988,2024-02-10,Electronics,Wireless Earbuds,Central,Credit Card,2,3206.32,10,5771.38
ORD106377,CUST01001,2024-11-14,Electronics,Power Bank,West,Credit Card,3,3192.09,0,9576.27
ORD104386,CUST01193,2023-10-01,Fashion,Running Shoes,West,Cash on Delivery,1,2183.24,10,1964.92
ORD101017,CUST00782,2024-08-02,Sports,Dumbbell Set,South,Credit Card,2,356.38,5,677.12
ORD107799,CUST00046,2024-08-23,Fashion,Sunglasses,East,Credit Card,1,1747.42,5,1660.05
ORD101845,CUST01055,2024-11-19,Fashion,Cotton T-Shirt,East,UPI,1,1572.73,10,1415.46
ORD102379,CUST00610,2024-03-24,Fashion,Leather Wallet,Central,Net Banking,2,2248.37,5,4271.9
ORD100840,CUST00849,2024-07-12,Electronics,Power Bank,West,UPI,1,4411.25,0,4411.25
ORD108484,CUST01080,2024-07-07,Electronics,Bluetooth Speaker,East,UPI,1,2087.02,5,1982.67
ORD107198,CUST01096,2024-02-19,Home & Kitchen,Storage Organizer,North,UPI,2,944.29,0,1888.58
ORD108196,CUST00297,2023-08-02,Fashion,Cotton T-Shirt,West,Cash on Delivery,1,777.75,0,777.75
ORD107444,CUST00161,2024-10-16,Fashion,Cotton T-Shirt,South,Debit Card,1,1567.01,0,1567.01
ORD101849,CUST00615,2024-06-29,Beauty,Sunscreen SPF50,East,Net Banking,4,1441.39,20,4612.45
ORD104233,CUST00109,2024-02-29,Electronics,Smartwatch,East,UPI,3,3905.07,0,11715.21
ORD103990,CUST00626,2024-08-15,Electronics,Bluetooth Speaker,South,Net Banking,3,990.49,0,2971.47
ORD103398,CUST00550,2024-01-24,Electronics,Power Bank,North,Cash on Delivery,2,1900.28,0,3800.56
ORD105212,CUST00906,2024-09-24,Fashion,Leather Wallet,South,Debit Card,1,2476.03,0,2476.03
ORD101282,CUST00587,2023-08-13,Home & Kitchen,Non-stick Pan,South,UPI,1,1167.77,5,1109.38
ORD103376,CUST00373,2024-06-15,Home & Kitchen,Storage Organizer,West,Credit Card,1,1468.75,0,1468.75
ORD101388,CUST01153,2024-04-17,Beauty,Perfume,South,Net Banking,1,392.8,20,314.24
ORD100192,CUST00560,2024-05-21,Fashion,Denim Jacket,East,Cash on Delivery,1,2290.49,0,2290.49
ORD107996,CUST00910,2024-08-29,Home & Kitchen,Storage Organizer,East,Credit Card,1,1953.61,0,1953.61
ORD107976,CUST00699,2024-11-27,Electronics,Smartwatch,North,Credit Card,1,4157.97,0,4157.97
ORD108722,CUST00270,2024-02-10,Electronics,Laptop Sleeve,West,Debit Card,1,3340.16,5,3173.15
ORD101051,CUST01014,2023-04-18,Home & Kitchen,Water Bottle,Central,Cash on Delivery,1,980.38,5,931.36
ORD100536,CUST00471,2024-04-09,Electronics,Wireless Earbuds,Central,UPI,2,1369.66,0,2739.32
ORD102523,CUST00462,2024-01-01,Beauty,Lip Balm Set,East,UPI,3,810.6,20,1945.44
ORD100785,CUST00471,2024-10-16,Fashion,Leather Wallet,South,Net Banking,1,530.48,0,530.48
ORD100188,CUST00034,2023-10-13,Home & Kitchen,Storage Organizer,Central,Net Banking,1,546.16,5,518.85
ORD103337,CUST01191,2023-12-16,Beauty,Perfume,East,UPI,2,604.01,0,1208.02
ORD104348,CUST00959,2023-01-15,Beauty,Hair Dryer,South,Debit Card,1,686.52,15,583.54
ORD102976,CUST00271,2023-07-11,Home & Kitchen,LED Lamp,Central,Debit Card,2,1950.6,0,3901.2
ORD108177,CUST00161,2024-10-26,Electronics,Power Bank,South,UPI,1,839.14,0,839.14
ORD103389,CUST00766,2024-05-10,Beauty,Sunscreen SPF50,West,,1,1084.99,5,1030.74
ORD108057,CUST00004,2023-08-03,Beauty,Lip Balm Set,West,Debit Card,1,302.38,0,302.38
ORD107179,CUST01077,2024-09-15,Electronics,Smartwatch,Central,UPI,2,4318.72,0,8637.44
ORD107601,CUST01031,2023-11-25,books,Fiction Novel,Central,Cash on Delivery,1,458.87,0,458.87
ORD104648,CUST00773,2024-09-30,Electronics,Bluetooth Speaker,South,UPI,2,2351.86,0,4703.72
ORD105970,CUST00110,2023-02-27,Electronics,Smartwatch,East,Credit Card,1,1448.15,0,1448.15
ORD108278,CUST00005,2023-06-26,Home & Kitchen,Water Bottle,Central,Debit Card,1,549.01,30,384.31
ORD101790,CUST00857,2024-09-21,Sports,Dumbbell Set,North,Cash on Delivery,2,2420.78,0,4841.56
ORD102158,CUST00731,2023-09-13,Electronics,Wireless Earbuds,North,UPI,1,1262.14,0,1262.14
ORD108849,CUST00590,2024-09-25,Electronics,Smartwatch,South,UPI,3,3729.29,10,10069.08
ORD106742,CUST00128,2024-02-13,Home & Kitchen,Storage Organizer,East,Credit Card,3,593.54,0,1780.62
ORD102520,CUST00801,2024-12-10,Fashion,Cotton T-Shirt,Central,Credit Card,1,811.06,10,729.95
ORD100860,CUST00511,2024-09-20,Home & Kitchen,Storage Organizer,South,UPI,1,488.56,5,464.13
ORD103774,CUST00937,2024-09-13,Fashion,Leather Wallet,South,Credit Card,1,1927.49,0,1927.49
ORD102558,CUST00128,2024-03-25,Books,Kids Storybook,Central,Credit Card,1,753.44,0,753.44
ORD105089,CUST00336,2023-10-30,Electronics,Laptop Sleeve,Central,,1,2110.95,10,1899.85
ORD107821,CUST00104,2024-11-14,Sports,Yoga Mat,Central,Credit Card,1,1137.72,15,967.06
ORD108612,CUST00919,2023-03-18,Electronics,Bluetooth Speaker,Central,UPI,1,1301.35,10,1171.21
ORD106067,CUST01061,2023-12-26,Fashion,Sunglasses,West,Debit Card,1,983.06,10,884.75
ORD107683,CUST00081,2024-06-06,Electronics,Bluetooth Speaker,Central,Credit Card,2,1380.31,0,2760.62
ORD106827,CUST00713,2023-04-20,Fashion,Running Shoes,East,Net Banking,1,1134.88,5,1078.14
ORD105692,CUST00300,2024-10-01,home & kitchen,Water Bottle,South,Debit Card,1,491.73,0,491.73
ORD103222,CUST00275,2024-09-28,Electronics,Power Bank,Central,Debit Card,1,3842.24,0,3842.24
ORD108821,CUST00161,2024-10-16,Home & Kitchen,Non-stick Pan,West,Credit Card,4,1349.34,0,5397.36
ORD100423,CUST00753,2024-02-16,Home & Kitchen,Water Bottle,Central,Debit Card,1,1331.72,0,1331.72
ORD100427,CUST00884,2024-05-09,Electronics,Wireless Earbuds,North,Credit Card,1,1804.29,0,1804.29
ORD104106,CUST00270,2024-08-15,Home & Kitchen,LED Lamp,West,UPI,1,1875.62,5,1781.84
ORD108696,CUST00591,2023-08-26,Beauty,Hair Dryer,East,Credit Card,1,923.23,15,784.75
ORD103773,CUST00557,2024-07-31,Beauty,Face Serum,North,UPI,1,1235.77,0,1235.77
ORD100389,CUST00791,2023-05-01,Electronics,Laptop Sleeve,West,Credit Card,1,2086.94,5,1982.59
ORD100616,CUST00666,2024-06-25,Beauty,Hair Dryer,North,Credit Card,1,323.58,10,291.22
ORD100028,CUST00801,2024-11-04,Fashion,Leather Wallet,West,Cash on Delivery,1,1111.92,0,1111.92
ORD100372,CUST00460,2024-07-05,beauty,Face Serum,East,UPI,1,301.11,5,286.05
ORD107131,CUST00809,2024-11-16,Fashion,Running Shoes,Central,UPI,1,1112.38,0,1112.38
ORD108957,CUST01074,2023-07-05,Sports,Resistance Bands,North,Credit Card,1,773.67,10,696.3
ORD108256,CUST00300,2024-11-20,Beauty,Perfume,South,Cash on Delivery,1,764.99,5,726.74
ORD103546,CUST00165,2024-07-16,Home & Kitchen,Storage Organizer,North,Credit Card,1,404.87,0,404.87
ORD102448,CUST00588,2023-10-01,Beauty,Perfume,West,Credit Card,1,1421.37,10,1279.23
ORD100318,CUST00149,2024-01-06,Electronics,Smartwatch,Central,Cash on Delivery,1,1615.88,20,1292.7
ORD106393,CUST00904,2024-11-04,Sports,Yoga Mat,South,UPI,1,1532.5,10,1379.25
ORD100004,CUST01176,2024-03-10,Home & Kitchen,Water Bottle,East,UPI,3,1994.74,10,5385.8
ORD107164,CUST01055,2024-11-23,Fashion,Leather Wallet,South,UPI,2,997.07,0,1994.14
ORD107209,CUST00904,2024-07-31,Fashion,Leather Wallet,South,Credit Card,2,338.19,0,676.38
ORD105387,CUST00070,2024-11-22,Beauty,Lip Balm Set,Central,Net Banking,1,1472.67,0,1472.67
ORD101734,CUST00738,2023-07-15,Electronics,Laptop Sleeve,North,Cash on Delivery,1,1565.09,0,-1565.09
ORD100634,CUST00044,2024-09-09,Electronics,Power Bank,West,Net Banking,3,3404.57,0,10213.71
ORD100612,CUST00829,2023-04-18,Electronics,Power Bank,Central,UPI,2,2800.26,0,5600.52
ORD105641,CUST01155,2024-04-16,Books,Cookbook,Central,,1,166.36,10,149.72
ORD100271,CUST00109,2023-09-20,Beauty,Lip Balm Set,West,Credit Card,1,943.39,0,943.39
ORD104071,CUST00672,2024-05-15,Home & Kitchen,LED Lamp,South,Net Banking,1,950.47,15,807.9
ORD101557,CUST00939,2024-01-05,Home & Kitchen,Water Bottle,West,UPI,1,1619.79,0,1619.79
ORD101352,CUST01120,2024-03-08,Fashion,Denim Jacket,,UPI,1,1378.25,5,1309.34
ORD106760,CUST01119,2024-06-05,Fashion,Leather Wallet,North,Debit Card,1,1005.35,0,1005.35
ORD101042,CUST00476,2024-06-27,Electronics,Bluetooth Speaker,West,Credit Card,1,1813.22,15,1541.24
ORD103581,CUST00535,2023-11-05,Home & Kitchen,Water Bottle,Central,UPI,1,1376.69,10,1239.02
ORD104642,CUST00698,2023-01-30,fashion,Sunglasses,East,Cash on Delivery,2,1189.93,0,2379.86
ORD102407,CUST00481,2024-10-27,Electronics,Power Bank,East,UPI,1,3778.46,10,3400.61
ORD108070,CUST00573,2024-03-05,Sports,Dumbbell Set,Central,UPI,2,2781.26,15,4728.14
ORD101955,CUST00001,2023-09-07,Books,Fiction Novel,South,Cash on Delivery,2,186.95,5,355.2
ORD104834,CUST00907,2024-03-12,Electronics,Laptop Sleeve,Central,Net Banking,1,3631.35,0,3631.35
ORD102731,CUST00138,2024-04-24,Electronics,Wireless Earbuds,East,Credit Card,1,877.32,20,-701.86
ORD106336,CUST00859,2023-05-18,Books,Business Biography,West,UPI,2,535.99,20,857.58
ORD104465,CUST00461,2024-10-06,Beauty,Lip Balm Set,West,Credit Card,1,544.0,30,380.8
ORD105304,CUST00048,2024-05-28,Home & Kitchen,Storage Organizer,East,Credit Card,2,1579.53,0,3159.06
ORD108924,CUST00061,2024-04-07,Electronics,Smartwatch,West,Credit Card,1,1003.8,20,803.04
ORD102438,CUST00078,2023-10-21,Home & Kitchen,Storage Organizer,Central,Credit Card,1,455.86,0,455.86
ORD108159,CUST00084,2024-01-20,Electronics,Smartwatch,South,Cash on Delivery,1,2001.03,0,2001.03
ORD100974,CUST00585,2023-12-05,Fashion,Running Shoes,North,Debit Card,1,2037.4,0,2037.4
ORD101811,CUST00009,2024-07-05,Electronics,Wireless Earbuds,West,Debit Card,1,3901.31,0,3901.31
ORD103299,CUST00471,2024-05-31,Beauty,Sunscreen SPF50,West,Cash on Delivery,1,1161.0,0,1161.0
ORD101647,CUST01082,2024-02-22,Home & Kitchen,Storage Organizer,North,UPI,1,1462.74,0,1462.74
ORD103745,CUST00745,2023-09-14,Fashion,Leather Wallet,South,Debit Card,1,339.72,5,322.73
ORD103715,CUST01177,2023-12-12,Fashion,Sunglasses,South,UPI,1,1864.19,20,1491.35
ORD103906,CUST00171,2024-11-16,Home & Kitchen,LED Lamp,South,Credit Card,1,443.33,0,443.33
ORD108793,CUST00745,2023-05-25,Beauty,Face Serum,Central,Credit Card,1,604.6,0,604.6
ORD107753,CUST00736,2023-04-27,Home & Kitchen,Cushion Cover,North,UPI,1,1193.69,20,954.95
ORD103467,CUST00751,2024-08-16,Electronics,Wireless Earbuds,Central,Debit Card,2,1127.53,0,2255.06
ORD106525,CUST00237,2024-03-25,Home & Kitchen,Cushion Cover,East,Credit Card,1,361.81,0,361.81
ORD107466,CUST00120,2024-12-06,Beauty,Lip Balm Set,Central,Debit Card,2,750.14,20,1200.22
ORD106954,CUST00892,2024-06-22,Fashion,Running Shoes,East,Debit Card,1,1858.22,20,1486.58
ORD100721,CUST00015,2024-03-25,Home & Kitchen,Cushion Cover,East,UPI,1,272.59,0,272.59
ORD106583,CUST00810,2024-12-04,Electronics,Power Bank,North,Debit Card,1,1459.83,15,1240.86
ORD108066,CUST00332,2023-06-13,Home & Kitchen,LED Lamp,Central,UPI,1,1533.28,0,1533.28
ORD104315,CUST00937,2023-11-22,Fashion,Leather Wallet,East,UPI,1,1272.06,0,1272.06
ORD108138,CUST00564,2024-09-19,Sports,Cricket Bat,West,UPI,1,2283.7,0,2283.7
ORD107754,CUST00923,2023-10-20,Fashion,Sunglasses,West,UPI,1,1174.19,10,1056.77
ORD100739,CUST00888,2024-10-08,Beauty,Hair Dryer,East,Credit Card,1,1436.98,0,1436.98
ORD106774,CUST00951,2024-09-30,Sports,Resistance Bands,South,UPI,1,2029.74,0,2029.74
ORD105579,CUST00375,2024-11-01,Sports,Dumbbell Set,East,Cash on Delivery,1,565.37,5,537.1
ORD100729,CUST00471,2024-05-04,Beauty,Hair Dryer,East,Credit Card,1,782.91,0,782.91
ORD104474,CUST00265,2023-09-09,Electronics,Wireless Earbuds,South,Debit Card,1,1138.66,30,797.06
ORD100921,CUST00712,2024-11-09,Books,Cookbook,Central,Cash on Delivery,1,730.87,5,694.33
ORD100968,CUST01162,2023-07-23,Beauty,Hair Dryer,South,UPI,3,978.26,0,2934.78
ORD100674,CUST00829,2023-07-20,Electronics,Power Bank,Central,Debit Card,1,2309.46,10,2078.51
ORD102609,CUST00019,2024-10-29,Fashion,Cotton T-Shirt,Central,UPI,2,677.35,0,1354.7
ORD104374,CUST00560,2024-05-18,Sports,Dumbbell Set,South,Credit Card,1,973.95,0,973.95
ORD100933,CUST00072,2023-07-01,Fashion,Sunglasses,West,Net Banking,1,1174.7,10,1057.23
ORD105770,CUST00174,2024-05-25,Fashion,Denim Jacket,Central,Credit Card,1,1434.36,0,1434.36
ORD106139,CUST00529,2023-03-04,Home & Kitchen,Non-stick Pan,North,Net Banking,1,1297.01,0,1297.01
ORD105069,CUST00896,2024-07-10,Home & Kitchen,Cushion Cover,North,Credit Card,2,541.79,0,1083.58
ORD108551,CUST00812,2024-07-01,Electronics,Wireless Earbuds,North,Cash on Delivery,1,1704.14,0,1704.14
ORD105595,CUST00455,2024-03-15,Home & Kitchen,LED Lamp,West,Credit Card,1,445.88,10,401.29
ORD100441,CUST00375,2024-08-22,Fashion,Cotton T-Shirt,South,Debit Card,1,587.48,15,499.36
ORD105943,CUST00206,2023-08-10,Home & Kitchen,LED Lamp,East,Debit Card,1,1224.65,5,1163.42
ORD108237,CUST01193,2023-10-08,Books,Fiction Novel,North,UPI,2,626.77,10,1128.19
ORD101094,CUST00622,2024-11-04,Books,Business Biography,East,Net Banking,2,227.61,0,455.22
ORD104567,CUST00272,2023-04-11,Beauty,Lip Balm Set,North,Net Banking,3,337.98,0,1013.94
ORD101614,CUST01180,2024-04-03,Books,Self-Help Book,North,UPI,1,602.64,0,602.64
ORD105473,CUST01189,2023-11-13,Fashion,Sunglasses,East,UPI,1,1618.37,0,1618.37
ORD100426,CUST00463,2023-12-11,Fashion,Cotton T-Shirt,Central,Net Banking,1,516.36,20,413.09
ORD101703,CUST00128,2024-02-14,Fashion,Leather Wallet,South,UPI,1,1180.68,10,1062.61
ORD107434,CUST00376,2024-11-15,Electronics,Power Bank,East,Cash on Delivery,2,4417.06,0,8834.12
ORD107727,CUST00226,2023-11-06,Sports,Cricket Bat,West,Cash on Delivery,1,2612.26,0,2612.26
ORD107690,CUST00129,2024-03-22,Beauty,Face Serum,Central,UPI,1,284.64,0,284.64
ORD102163,CUST00318,2023-12-05,Fashion,Leather Wallet,East,UPI,2,1328.65,0,2657.3
ORD101326,CUST00248,2023-08-29,Beauty,Lip Balm Set,East,Net Banking,1,210.36,0,210.36
ORD100307,CUST00721,2023-11-18,Electronics,Power Bank,South,Credit Card,1,4196.01,0,4196.01
ORD108808,CUST00495,2024-01-20,Electronics,Bluetooth Speaker,East,Debit Card,1,1886.89,15,1603.86
ORD108189,CUST00884,2024-04-17,Beauty,Perfume,Central,UPI,2,1456.24,0,2912.48
ORD108456,CUST00995,2024-09-13,Home & Kitchen,Non-stick Pan,Central,Debit Card,1,1283.29,0,1283.29
ORD100463,CUST00614,2023-07-04,Fashion,Denim Jacket,East,UPI,1,1023.27,0,1023.27
ORD102311,CUST01140,2024-01-13,Electronics,Power Bank,Central,Debit Card,1,1751.64,10,1576.48
ORD106921,CUST01172,2023-08-11,Home & Kitchen,Cushion Cover,South,,1,1136.6,0,1136.6
ORD100452,CUST00128,2024-02-03,Home & Kitchen,Storage Organizer,West,UPI,1,289.12,0,289.12
ORD102898,CUST01025,2024-10-03,Beauty,Perfume,North,Net Banking,3,1373.35,10,3708.04
ORD107491,CUST00793,2024-06-05,Sports,Yoga Mat,,Credit Card,2,2061.52,15,3504.58
ORD107732,CUST01070,2023-11-13,Electronics,Power Bank,Central,Credit Card,1,3347.4,15,2845.29
ORD100939,CUST01109,2024-05-03,Beauty,Hair Dryer,West,Net Banking,2,480.53,5,913.01
ORD100854,CUST00081,2024-07-15,Sports,Cricket Bat,Central,Debit Card,1,2073.66,10,1866.29
ORD106192,CUST00147,2024-09-02,Books,Business Biography,,Cash on Delivery,2,571.94,0,1143.88
ORD106357,CUST00471,2024-05-18,Beauty,Perfume,Central,UPI,2,965.23,0,1930.46
ORD102930,CUST00738,2023-04-21,Fashion,Leather Wallet,Central,Debit Card,1,1210.23,10,1089.21
ORD100139,CUST00901,2024-11-06,Sports,Yoga Mat,Central,Credit Card,1,1584.01,10,1425.61
ORD105787,CUST00212,2023-07-16,Beauty,Face Serum,East,Debit Card,2,432.16,15,734.67
ORD106937,CUST00152,2024-12-04,Sports,Cricket Bat,North,Credit Card,3,401.65,5,1144.7
ORD108532,CUST00128,2024-03-10,Electronics,Power Bank,Central,Debit Card,1,4285.07,0,4285.07
ORD107400,CUST00385,2024-01-17,Electronics,Bluetooth Speaker,East,UPI,1,4015.54,0,4015.54
ORD108830,CUST01080,2024-06-07,Electronics,Smartwatch,East,Credit Card,1,865.96,15,736.07
ORD107105,CUST00731,2023-03-06,Electronics,Bluetooth Speaker,West,Net Banking,1,3501.24,0,3501.24
ORD108847,CUST00375,2023-06-08,Electronics,Power Bank,East,UPI,1,2892.04,20,2313.63
ORD107895,CUST00853,2023-11-06,Electronics,Power Bank,North,Debit Card,2,2770.41,10,4986.74
ORD104124,CUST01086,2024-10-27,Home & Kitchen,Storage Organizer,South,UPI,2,223.26,0,446.52
ORD102120,CUST00979,2024-07-04,Home & Kitchen,Cushion Cover,East,UPI,2,1873.93,0,3747.86
ORD102862,CUST00712,2024-11-12,Home & Kitchen,Storage Organizer,South,UPI,1,1288.04,0,1288.04
ORD105402,CUST00478,2024-05-12,Beauty,Sunscreen SPF50,West,UPI,1,680.41,0,680.41
ORD100398,CUST00647,2024-01-20,Fashion,Sunglasses,East,Debit Card,1,375.63,0,375.63
ORD101984,CUST00646,2023-09-06,Home & Kitchen,Cushion Cover,Central,Cash on Delivery,2,1210.99,15,2058.68
ORD102766,CUST00286,2023-09-15,Beauty,Sunscreen SPF50,North,Credit Card,2,193.59,5,367.82
ORD102959,CUST00626,2024-07-22,Beauty,Face Serum,South,Debit Card,1,1189.75,10,1070.78
ORD106922,CUST00676,2024-11-10,Books,Business Biography,Central,UPI,1,783.33,0,783.33
ORD100135,CUST00439,2023-10-17,Home & Kitchen,LED Lamp,South,Debit Card,2,941.36,0,1882.72
ORD103620,CUST00672,2024-04-21,Beauty,Perfume,Central,Debit Card,1,396.82,0,396.82
ORD102878,CUST00128,2024-02-15,Electronics,Smartwatch,West,Debit Card,1,1904.31,10,1713.88
ORD100230,CUST00248,2024-06-21,Electronics,Smartwatch,East,Debit Card,1,1864.98,20,1491.98
ORD104678,CUST00453,2023-07-29,Home & Kitchen,Cushion Cover,North,UPI,1,1320.15,0,1320.15
ORD107770,CUST00401,2024-09-18,Electronics,Laptop Sleeve,North,Credit Card,1,1844.52,0,1844.52
ORD107363,CUST00957,2024-11-18,Electronics,Laptop Sleeve,North,Cash on Delivery,1,3509.11,10,3158.2
ORD104754,CUST00471,2024-10-28,books,Kids Storybook,North,Credit Card,1,530.74,0,530.74
ORD107647,CUST00034,2023-03-19,Electronics,Wireless Earbuds,North,Credit Card,2,2416.35,20,3866.16
ORD105643,CUST00116,2024-06-07,Home & Kitchen,Cushion Cover,East,UPI,1,257.94,0,257.94
ORD105609,CUST00550,2024-09-25,Fashion,Cotton T-Shirt,Central,Debit Card,1,795.26,10,715.73
ORD101947,CUST00550,2024-03-01,Electronics,Smartwatch,Central,Debit Card,1,4465.71,0,4465.71
ORD102008,CUST00960,2024-05-02,Home & Kitchen,Water Bottle,Central,UPI,1,1584.31,0,1584.31
ORD105242,CUST00380,2024-05-22,Sports,Cycling Gloves,North,Net Banking,2,980.66,0,1961.32
ORD103566,CUST00432,2024-12-29,Electronics,Power Bank,Central,UPI,1,2517.29,0,2517.29
ORD106666,CUST01182,2023-05-19,Sports,Dumbbell Set,East,Credit Card,1,2800.29,5,2660.28
ORD102015,CUST00410,2023-08-24,Electronics,Wireless Earbuds,South,Debit Card,2,4418.85,0,8837.7
ORD104740,CUST00710,2024-04-20,Fashion,Running Shoes,East,UPI,1,1744.42,5,1657.2
ORD108643,CUST00541,2023-06-07,Electronics,Smartwatch,South,Credit Card,2,1933.59,5,3673.82
ORD100964,CUST01029,2024-01-03,Books,Fiction Novel,South,Debit Card,3,337.63,15,860.96
ORD107275,CUST00965,2024-10-22,Fashion,Sunglasses,North,Cash on Delivery,1,2326.46,0,2326.46
ORD105468,CUST00128,2024-06-25,Beauty,Hair Dryer,East,UPI,1,818.51,0,818.51
ORD105661,CUST00900,2024-03-28,Home & Kitchen,LED Lamp,Central,UPI,1,374.16,0,374.16
ORD107162,CUST01163,2024-09-06,Beauty,Sunscreen SPF50,West,Credit Card,1,1340.34,0,1340.34
ORD105497,CUST00884,2024-05-31,Sports,Cricket Bat,West,Credit Card,3,1796.19,20,4310.86
ORD104884,CUST00962,2024-09-21,Fashion,Running Shoes,West,Debit Card,2,439.73,0,879.46
ORD101940,CUST00455,2023-10-27,Electronics,Laptop Sleeve,North,Debit Card,1,1629.29,20,1303.43
ORD108605,CUST00691,2024-01-26,Books,Self-Help Book,West,Credit Card,1,548.91,0,548.91
ORD100157,CUST00078,2024-03-01,Beauty,Lip Balm Set,East,Net Banking,1,1104.99,0,1104.99
ORD106440,CUST01146,2024-07-08,Home & Kitchen,Non-stick Pan,North,UPI,2,1968.7,0,3937.4
ORD105149,CUST00557,2024-03-08,Beauty,Face Serum,Central,UPI,1,794.5,0,794.5
ORD103746,CUST00191,2024-08-06,Electronics,Wireless Earbuds,East,Credit Card,2,2715.17,0,5430.34
ORD104741,CUST00143,2023-07-13,Home & Kitchen,Storage Organizer,South,Credit Card,2,1868.41,15,3176.3
ORD106632,CUST01131,2024-07-15,Beauty,Face Serum,North,Cash on Delivery,1,1253.48,5,1190.81
ORD108741,CUST00773,2024-08-22,Sports,Dumbbell Set,North,UPI,3,1504.41,0,4513.23
ORD100961,CUST01023,2024-11-02,Electronics,Laptop Sleeve,Central,UPI,2,4409.74,15,7496.56
ORD102510,CUST00036,2024-11-25,Books,Kids Storybook,North,Credit Card,2,269.53,10,485.15
ORD108953,CUST00195,2024-11-18,Fashion,Leather Wallet,South,UPI,1,1053.45,5,1000.78
ORD102645,CUST00265,2024-02-11,Fashion,Sunglasses,Central,UPI,1,2021.77,20,1617.42
ORD101240,CUST00681,2023-10-29,Electronics,Wireless Earbuds,South,UPI,1,1819.38,0,1819.38
ORD108246,CUST00682,2024-07-03,Sports,Dumbbell Set,West,,1,2448.2,0,2448.2
ORD100979,CUST01147,2024-12-09,Sports,Resistance Bands,North,Debit Card,2,1934.35,10,3481.83
ORD108654,CUST00018,2024-04-13,Fashion,Leather Wallet,North,UPI,1,2340.44,5,2223.42
ORD101704,CUST00557,2024-05-09,Fashion,Cotton T-Shirt,West,Credit Card,2,1507.14,5,2863.57
ORD100728,CUST00005,2023-10-15,beauty,Sunscreen SPF50,East,Credit Card,2,753.9,5,1432.41
ORD102614,CUST00195,2024-06-28,Books,Cookbook,East,Debit Card,1,188.78,15,160.46
ORD105419,CUST00498,2024-11-11,Sports,Resistance Bands,Central,UPI,1,1882.15,0,1882.15
ORD105192,CUST00375,2024-08-18,Books,Business Biography,North,Net Banking,1,154.65,15,131.45
ORD107614,CUST00210,2024-05-14,Home & Kitchen,LED Lamp,North,Cash on Delivery,1,1603.89,0,1603.89
ORD102344,CUST00661,2024-06-08,Electronics,Smartwatch,North,Debit Card,1,3823.3,10,3440.97
ORD104483,CUST00917,2024-07-27,Electronics,Laptop Sleeve,Central,Credit Card,2,3870.55,10,6966.99
ORD103702,CUST00773,2024-07-21,Books,Kids Storybook,North,UPI,2,389.22,0,778.44
ORD104821,CUST01080,2024-04-15,Beauty,Hair Dryer,South,UPI,1,713.92,0,713.92
ORD107872,CUST00438,2024-03-30,Fashion,Running Shoes,West,UPI,2,1145.41,0,2290.82
ORD104503,CUST00646,2023-08-28,Beauty,Hair Dryer,North,UPI,2,1340.11,20,2144.18
ORD104401,CUST00719,2024-10-25,Electronics,Smartwatch,South,Credit Card,1,3250.92,0,3250.92
ORD108498,CUST01009,2024-12-19,Fashion,Denim Jacket,West,Cash on Delivery,1,1907.67,0,1907.67
ORD105721,CUST00148,2024-12-09,Sports,Cricket Bat,West,UPI,1,2892.05,20,2313.64
ORD103263,CUST00939,2023-06-06,Electronics,Laptop Sleeve,West,UPI,1,1108.99,10,998.09
ORD104796,CUST00731,2023-05-28,Electronics,Laptop Sleeve,East,Credit Card,1,1181.81,0,1181.81
ORD100005,CUST00107,2024-01-17,Sports,Dumbbell Set,Central,Debit Card,2,468.37,0,936.74
ORD108401,CUST01014,2023-08-02,Beauty,Hair Dryer,North,Credit Card,1,710.93,0,710.93
ORD108101,CUST00446,2024-06-25,Beauty,Lip Balm Set,West,UPI,1,1212.99,30,849.09
ORD103199,CUST00644,2023-11-11,Fashion,Sunglasses,East,Net Banking,1,2299.34,10,2069.41
ORD100504,CUST00916,2023-10-08,Home & Kitchen,Storage Organizer,East,UPI,1,653.86,0,653.86
ORD100791,CUST00617,2024-01-22,Beauty,Lip Balm Set,Central,Net Banking,2,176.36,0,352.72
ORD107931,CUST00288,2024-02-22,Electronics,Laptop Sleeve,North,Debit Card,1,1404.07,10,1263.66
ORD104281,CUST00712,2023-04-16,Beauty,Face Serum,North,UPI,2,253.65,5,481.94
ORD101515,CUST00198,2023-10-19,Beauty,Face Serum,South,UPI,1,1497.63,15,1272.99
ORD107206,CUST00128,2024-10-09,Fashion,Running Shoes,East,Cash on Delivery,3,419.72,0,1259.16
ORD100085,CUST00922,2023-05-03,Beauty,Perfume,Central,Debit Card,1,823.51,0,823.51
ORD102981,CUST00588,2024-03-10,Fashion,Running Shoes,Central,UPI,1,2112.42,0,2112.42
ORD101430,CUST00346,2023-10-27,Fashion,Cotton T-Shirt,South,Debit Card,2,1077.81,0,2155.62
ORD103171,CUST00557,2024-03-16,Beauty,Sunscreen SPF50,North,UPI,2,1499.78,10,2699.6
ORD102219,CUST00630,2024-07-12,Electronics,Wireless Earbuds,,Credit Card,2,3602.93,0,7205.86
ORD105898,CUST00158,2024-08-15,Sports,Yoga Mat,North,UPI,1,1177.63,0,1177.63
ORD102713,CUST00366,2023-09-22,Sports,Cricket Bat,East,Cash on Delivery,1,2924.12,15,2485.5
ORD106479,CUST00127,2024-08-20,Sports,Resistance Bands,East,UPI,2,558.08,0,1116.16
ORD100508,CUST00375,2023-04-16,Books,Self-Help Book,South,UPI,2,441.9,5,839.61
ORD105532,CUST00625,2024-04-27,Books,Self-Help Book,South,Credit Card,1,619.09,10,557.18
ORD107550,CUST00002,2024-04-14,Electronics,Bluetooth Speaker,West,Net Banking,1,4020.46,10,3618.41
ORD106295,CUST01120,2024-03-20,Home & Kitchen,Storage Organizer,North,Credit Card,2,1981.32,0,3962.64
ORD103976,CUST00161,2024-10-25,Sports,Resistance Bands,South,UPI,1,1832.7,0,1832.7
ORD102464,CUST00447,2024-05-27,Electronics,Wireless Earbuds,East,UPI,1,1094.21,10,984.79
ORD108878,CUST00740,2024-09-02,Electronics,Laptop Sleeve,North,Credit Card,2,1758.75,0,3517.5
ORD101749,CUST00267,2024-11-02,Electronics,Laptop Sleeve,East,UPI,2,3263.36,5,6200.38
ORD102636,CUST00590,2024-10-06,Fashion,Sunglasses,South,UPI,2,1863.32,0,3726.64
ORD104508,CUST00334,2024-06-17,Sports,Yoga Mat,South,Credit Card,1,2850.11,0,2850.11
ORD105384,CUST00455,2023-08-13,Fashion,Leather Wallet,South,UPI,1,643.97,0,643.97
ORD102381,CUST00332,2023-05-19,Beauty,Hair Dryer,West,Debit Card,1,848.87,10,763.98
ORD104970,CUST00983,2024-09-16,Sports,Cycling Gloves,West,UPI,1,774.41,0,774.41
ORD104750,CUST00248,2024-02-19,Home & Kitchen,Cushion Cover,South,Net Banking,2,514.53,15,874.7
ORD104078,CUST00734,2024-07-26,Electronics,Wireless Earbuds,West,Net Banking,1,4491.52,0,4491.52
ORD104668,CUST00026,2024-12-26,Sports,Resistance Bands,West,Credit Card,1,2515.53,10,2263.98
ORD104063,CUST00873,2023-09-17,Fashion,Cotton T-Shirt,South,Credit Card,3,2205.17,0,6615.51
ORD107874,CUST01139,2023-09-11,Electronics,Bluetooth Speaker,East,Cash on Delivery,1,1528.26,10,1375.43
ORD106025,CUST00031,2023-09-25,Beauty,Lip Balm Set,North,Credit Card,1,545.69,5,518.41
ORD105714,CUST00419,2024-12-20,Home & Kitchen,Water Bottle,West,UPI,1,530.2,0,530.2
ORD106196,CUST00057,2024-09-22,Home & Kitchen,Cushion Cover,West,UPI,1,963.08,0,963.08
ORD108916,CUST00656,2024-09-01,Beauty,Sunscreen SPF50,Central,Cash on Delivery,1,1299.92,15,-1104.93
ORD106861,CUST01176,2024-06-23,Home & Kitchen,Cushion Cover,East,Cash on Delivery,1,1709.33,20,1367.46
ORD108012,CUST00128,2024-02-25,Electronics,Laptop Sleeve,South,UPI,1,2265.67,15,1925.82
ORD106594,CUST00161,2024-10-15,Beauty,Perfume,South,Cash on Delivery,1,286.75,5,272.41
ORD100683,CUST00013,2024-05-01,Sports,Cycling Gloves,West,UPI,1,830.27,0,830.27
ORD100956,CUST01019,2024-02-10,Home & Kitchen,Non-stick Pan,South,Credit Card,2,1468.63,0,2937.26
ORD108297,CUST00770,2024-06-24,Electronics,Smartwatch,East,UPI,2,3845.92,0,7691.84
ORD104715,CUST00195,2024-07-03,Home & Kitchen,LED Lamp,East,Credit Card,2,1211.66,15,2059.82
ORD105280,CUST01074,2024-05-22,Electronics,Laptop Sleeve,East,UPI,1,1100.55,0,1100.55
ORD103408,CUST00189,2024-11-23,Electronics,Smartwatch,North,Credit Card,1,4041.28,0,4041.28
ORD103433,CUST01077,2024-12-30,Books,Self-Help Book,East,Net Banking,1,633.57,0,633.57
ORD106976,CUST00128,2024-10-17,Beauty,Sunscreen SPF50,Central,UPI,1,754.34,0,754.34
ORD108125,CUST00638,2023-10-01,Beauty,Sunscreen SPF50,South,UPI,2,349.33,10,628.79
ORD102687,CUST00300,2024-12-22,Fashion,Denim Jacket,North,UPI,3,1377.28,20,3305.47
ORD101885,CUST01014,2024-01-29,Beauty,Sunscreen SPF50,East,UPI,1,1058.53,0,1058.53
ORD108275,CUST00133,2024-05-19,Fashion,Running Shoes,West,Debit Card,2,1716.95,0,3433.9
ORD100078,CUST00360,2024-12-15,Fashion,Leather Wallet,South,Credit Card,1,1485.39,10,1336.85
ORD102488,CUST01176,2023-10-28,beauty,Face Serum,West,UPI,2,554.73,0,1109.46
ORD105667,CUST00958,2023-10-02,Beauty,Sunscreen SPF50,East,Credit Card,1,935.73,0,935.73
ORD100231,CUST00788,2023-10-24,Home & Kitchen,LED Lamp,North,Credit Card,1,1235.65,0,1235.65
ORD102550,CUST01141,2024-11-20,Electronics,Wireless Earbuds,Central,Debit Card,1,1291.46,0,1291.46
ORD103484,CUST00591,2023-07-24,Fashion,Cotton T-Shirt,East,,2,2090.67,0,4181.34
ORD106057,CUST01191,2024-04-02,Home & Kitchen,LED Lamp,North,Debit Card,2,1960.52,15,3332.88
ORD107276,CUST00714,2024-10-09,Fashion,Denim Jacket,South,Debit Card,4,2150.33,0,8601.32
ORD106809,CUST00433,2023-08-31,Fashion,Cotton T-Shirt,Central,UPI,1,1102.58,30,771.81
ORD106649,CUST00834,2023-10-30,Fashion,Denim Jacket,Central,UPI,2,2435.52,5,4627.49
ORD101305,CUST01014,2023-05-06,Electronics,Power Bank,South,Credit Card,2,1653.84,5,3142.3
ORD102451,CUST00471,2024-07-14,Fashion,Leather Wallet,South,UPI,1,1214.85,0,1214.85
ORD102190,CUST00188,2023-09-30,Fashion,Cotton T-Shirt,East,UPI,1,2089.97,0,2089.97
ORD106305,CUST00059,2023-06-12,Home & Kitchen,Cushion Cover,Central,Cash on Delivery,2,649.97,5,1234.94
ORD107463,CUST00386,2024-07-15,Sports,Resistance Bands,Central,UPI,1,1407.48,0,1407.48
ORD106906,CUST00002,2024-10-30,Electronics,Power Bank,Central,Debit Card,1,2678.61,0,2678.61
ORD105957,CUST00904,2024-11-01,Fashion,Running Shoes,South,UPI,1,1920.41,0,1920.41
ORD100358,CUST00595,2024-11-03,Fashion,Running Shoes,South,UPI,3,594.13,10,1604.15
ORD105640,CUST01075,2024-09-14,Home & Kitchen,LED Lamp,West,UPI,2,295.64,15,502.59
ORD102419,CUST00121,2024-09-04,Books,Business Biography,Central,UPI,1,646.51,5,614.18
ORD101341,CUST01055,2024-11-23,Fashion,Sunglasses,North,Credit Card,2,1938.21,30,2713.49
ORD104098,CUST00300,2024-12-01,Beauty,Face Serum,North,Debit Card,1,1106.62,0,1106.62
ORD106426,CUST00657,2024-01-02,Electronics,Wireless Earbuds,East,UPI,1,3010.96,0,3010.96
ORD100383,CUST00128,2024-05-05,Sports,Dumbbell Set,North,Net Banking,1,1273.12,0,1273.12
ORD101789,CUST00471,2024-03-23,Electronics,Power Bank,West,UPI,1,3388.84,0,3388.84
ORD102168,CUST00274,2024-11-09,Sports,Dumbbell Set,Central,Cash on Delivery,2,1541.53,0,3083.06
ORD103580,CUST01019,2024-03-30,Electronics,Bluetooth Speaker,Central,UPI,1,2406.07,0,2406.07
ORD102995,CUST00646,2023-08-23,Electronics,Laptop Sleeve,North,Debit Card,1,3772.26,0,3772.26
ORD108455,CUST00958,2023-10-23,Fashion,Sunglasses,West,Cash on Delivery,1,954.56,0,954.56
ORD108533,CUST00770,2023-12-20,Sports,Dumbbell Set,East,Credit Card,1,1403.01,10,1262.71
ORD104668,CUST00026,2024-12-26,Sports,Resistance Bands,West,Credit Card,1,2515.53,10,2263.98
ORD102593,CUST00128,2024-04-06,Electronics,Power Bank,East,UPI,1,1196.46,0,1196.46
ORD107085,CUST00845,2023-12-03,Fashion,Leather Wallet,South,UPI,1,1187.76,0,1187.76
ORD107118,CUST00754,2024-05-02,Home & Kitchen,LED Lamp,East,UPI,2,1854.26,20,2966.82
ORD103274,CUST00118,2024-11-26,Fashion,Running Shoes,West,Credit Card,1,369.66,0,369.66
ORD106730,CUST00604,2024-01-03,Fashion,Denim Jacket,West,Credit Card,1,790.3,20,632.24
ORD104757,CUST01015,2023-07-29,Electronics,Wireless Earbuds,Central,Debit Card,1,1289.71,0,1289.71
ORD108122,CUST00727,2023-05-15,Fashion,Sunglasses,Central,Net Banking,1,1051.57,0,1051.57
ORD107381,CUST00604,2023-12-13,Home & Kitchen,Water Bottle,East,Credit Card,2,1100.67,15,1871.14
ORD105401,CUST00210,2024-02-20,Fashion,Cotton T-Shirt,South,Debit Card,1,1059.81,10,953.83
ORD108202,CUST00423,2024-08-03,Books,Fiction Novel,West,UPI,1,423.59,0,423.59
ORD107182,CUST01129,2024-08-04,Electronics,Laptop Sleeve,Central,Credit Card,2,842.77,10,1516.99
ORD103569,CUST00518,2024-11-12,Fashion,Denim Jacket,Central,Debit Card,1,735.56,10,662.0
ORD106942,CUST01122,2024-08-09,Sports,Dumbbell Set,South,Cash on Delivery,1,1109.08,10,998.17
ORD102971,CUST00560,2024-10-07,Sports,Resistance Bands,East,Debit Card,1,1153.55,30,807.48
ORD101963,CUST00396,2023-11-12,Electronics,Smartwatch,East,Credit Card,1,3049.13,0,3049.13
ORD103823,CUST00308,2023-03-13,Electronics,Smartwatch,West,UPI,4,4369.71,20,13983.07
ORD101365,CUST01057,2024-04-09,Electronics,Wireless Earbuds,East,UPI,1,4156.81,0,4156.81
ORD104227,CUST01005,2024-04-18,Home & Kitchen,LED Lamp,South,Credit Card,1,1363.71,10,1227.34
ORD102780,CUST00006,2024-12-11,Electronics,Smartwatch,West,Debit Card,1,925.33,10,832.8
ORD107834,CUST00916,2024-01-01,Fashion,Leather Wallet,Central,Cash on Delivery,3,303.01,0,909.03
ORD107072,CUST00076,2023-10-17,Home & Kitchen,Cushion Cover,North,Debit Card,3,900.83,15,2297.12
ORD105377,CUST00083,2024-02-03,Fashion,Running Shoes,South,,1,1556.95,0,1556.95
ORD104764,CUST01014,2023-12-29,Electronics,Wireless Earbuds,,Credit Card,1,3811.57,0,3811.57
ORD107899,CUST01173,2023-08-16,Sports,Yoga Mat,West,Net Banking,1,2784.71,10,2506.24
ORD106038,CUST00031,2023-11-28,Fashion,Running Shoes,East,UPI,1,1897.25,0,1897.25
ORD105409,CUST00280,2023-07-03,Electronics,Smartwatch,East,UPI,1,2156.08,10,1940.47
ORD106676,CUST00646,2023-12-29,Books,Cookbook,South,Debit Card,1,324.38,0,324.38
ORD104439,CUST00320,2024-11-17,Beauty,Perfume,West,UPI,1,1276.65,0,1276.65
ORD108806,CUST00612,2024-10-30,Fashion,Leather Wallet,East,Credit Card,1,1063.76,0,1063.76
ORD105007,CUST00614,2024-06-25,Fashion,Leather Wallet,West,UPI,2,2426.05,0,4852.1
ORD104734,CUST00363,2024-04-05,Sports,Yoga Mat,East,UPI,1,1949.93,0,1949.93
ORD106444,CUST00995,2024-09-25,Sports,Yoga Mat,East,Net Banking,1,1167.51,5,1109.13
ORD103362,CUST00317,2024-12-07,Fashion,Denim Jacket,South,Debit Card,1,556.93,10,501.24
ORD107981,CUST00503,2024-04-03,Fashion,Running Shoes,South,Cash on Delivery,1,2058.02,5,1955.12
ORD105645,CUST00866,2024-02-22,Electronics,Laptop Sleeve,East,Debit Card,2,2161.21,10,3890.18
ORD102885,CUST00918,2023-08-25,electronics,Bluetooth Speaker,,UPI,1,3999.87,5,3799.88
ORD108449,CUST01053,2023-12-27,Electronics,Power Bank,South,Debit Card,1,3986.72,10,3588.05
ORD106979,CUST00111,2023-06-09,Electronics,Bluetooth Speaker,Central,Credit Card,2,2626.5,0,5253.0
ORD104339,CUST00624,2024-10-27,Books,Kids Storybook,North,UPI,1,764.95,15,650.21
ORD103996,CUST00409,2024-02-09,Sports,Cricket Bat,South,Credit Card,1,1787.17,5,1697.81
ORD104457,CUST00222,2024-05-22,Sports,Dumbbell Set,South,UPI,2,2145.81,10,3862.46
ORD106688,CUST00249,2024-06-24,Electronics,Smartwatch,North,Net Banking,3,3768.28,0,11304.84
ORD101067,CUST00035,2024-05-25,Fashion,Cotton T-Shirt,West,UPI,1,979.34,0,979.34
ORD102897,CUST00312,2024-05-17,Home & Kitchen,Cushion Cover,,Credit Card,1,1574.18,0,1574.18
ORD101265,CUST00158,2024-07-20,Home & Kitchen,Cushion Cover,North,UPI,1,1723.96,0,1723.96
ORD105193,CUST00569,2023-09-12,Electronics,Wireless Earbuds,East,Debit Card,1,2761.92,20,2209.54
ORD101678,CUST00892,2024-07-21,Sports,Dumbbell Set,South,Cash on Delivery,1,1690.76,30,1183.53
ORD108698,CUST00302,2024-11-23,Home & Kitchen,Non-stick Pan,South,Credit Card,1,1815.19,0,1815.19
ORD102629,CUST00875,2024-10-05,Home & Kitchen,Non-stick Pan,Central,Credit Card,1,1007.77,5,957.38
ORD100760,CUST00565,2024-06-25,Fashion,Sunglasses,North,Debit Card,1,1219.89,5,1158.9
ORD102461,CUST00120,2024-11-23,Electronics,Bluetooth Speaker,West,UPI,1,4071.21,5,3867.65
ORD107941,CUST00024,2024-07-16,Beauty,Face Serum,,Net Banking,1,1223.86,30,856.7
ORD100978,CUST01038,2023-07-22,Home & Kitchen,LED Lamp,North,Credit Card,1,297.44,0,297.44
ORD102443,CUST00521,2024-03-03,Fashion,Running Shoes,West,UPI,1,1818.06,10,1636.25
ORD107933,CUST00221,2023-06-30,Home & Kitchen,Cushion Cover,North,UPI,1,1160.07,0,1160.07
ORD106916,CUST00797,2024-02-07,Fashion,Leather Wallet,North,UPI,2,710.94,0,1421.88
ORD106556,CUST00309,2024-03-05,Electronics,Bluetooth Speaker,Central,Credit Card,1,1353.29,0,1353.29
ORD101554,CUST00081,2024-06-24,Sports,Yoga Mat,East,Credit Card,2,2571.92,0,5143.84
ORD108038,CUST00708,2023-11-06,Electronics,Bluetooth Speaker,Central,Credit Card,2,1631.39,0,3262.78
ORD101795,CUST00927,2024-09-09,Books,Business Biography,South,UPI,1,184.55,0,184.55
ORD106567,CUST01176,2024-12-30,Electronics,Bluetooth Speaker,West,Credit Card,1,1777.93,0,1777.93
ORD103681,CUST00361,2023-07-02,Fashion,Denim Jacket,Central,UPI,1,2120.97,0,2120.97
ORD104351,CUST00498,2024-11-19,Home & Kitchen,Cushion Cover,West,UPI,2,576.05,0,1152.1
ORD105843,CUST00892,2024-09-13,Electronics,Smartwatch,South,Cash on Delivery,1,2788.2,0,2788.2
ORD104284,CUST00749,2023-10-23,Electronics,Smartwatch,West,UPI,1,2248.25,10,2023.42
ORD103326,CUST00221,2023-08-23,Beauty,Sunscreen SPF50,West,Credit Card,1,1054.56,0,1054.56
ORD107266,CUST00058,2024-06-05,Home & Kitchen,Cushion Cover,South,Cash on Delivery,1,836.41,20,669.13
ORD103145,CUST00507,2024-12-19,Sports,Resistance Bands,South,Credit Card,1,1547.59,5,1470.21
ORD105145,CUST00456,2023-08-10,Sports,Cricket Bat,South,Cash on Delivery,1,1760.57,5,1672.54
ORD105079,CUST00338,2024-07-11,Beauty,Hair Dryer,West,Debit Card,1,1377.46,0,1377.46
ORD105887,CUST00930,2024-07-12,Electronics,Smartwatch,North,Debit Card,2,2355.66,10,4240.19
ORD101814,CUST00535,2024-03-11,Fashion,Leather Wallet,South,UPI,1,2065.29,10,1858.76
ORD106147,CUST00038,2024-12-10,Electronics,Wireless Earbuds,East,UPI,1,1648.24,15,1401.0
ORD107232,CUST00971,2024-09-12,Sports,Yoga Mat,Central,UPI,1,2387.27,0,2387.27
ORD105126,CUST01000,2023-11-23,Fashion,Running Shoes,Central,UPI,1,481.17,10,433.05
ORD106434,CUST00916,2023-09-16,Beauty,Face Serum,North,Credit Card,2,1245.27,15,2116.96
ORD100483,CUST00696,2023-09-28,Beauty,Sunscreen SPF50,East,Credit Card,1,273.43,15,232.42
ORD103571,CUST00109,2024-12-26,Electronics,Bluetooth Speaker,West,Credit Card,1,1306.08,0,1306.08
ORD101701,CUST00142,2024-11-17,Fashion,Sunglasses,West,UPI,2,1462.36,0,2924.72
ORD106611,CUST00799,2024-12-13,Electronics,Smartwatch,North,Net Banking,1,3699.83,0,3699.83
ORD104159,CUST01010,2023-09-16,Beauty,Hair Dryer,West,Net Banking,1,885.71,5,841.42
ORD103611,CUST00396,2024-02-04,Home & Kitchen,LED Lamp,Central,Credit Card,1,1215.03,0,1215.03
ORD103594,CUST00473,2024-01-31,Sports,Cricket Bat,West,Debit Card,1,1391.5,0,1391.5
ORD100422,CUST00128,2024-05-26,Electronics,Laptop Sleeve,South,Debit Card,1,2816.43,0,2816.43
ORD104191,CUST00674,2023-05-03,Electronics,Bluetooth Speaker,West,Credit Card,1,3288.66,0,3288.66
ORD103894,CUST01169,2023-10-14,Fashion,Cotton T-Shirt,East,Credit Card,1,2400.19,0,2400.19
ORD104964,CUST00210,2024-03-08,Electronics,Smartwatch,West,Credit Card,1,3856.72,10,3471.05
ORD107445,CUST00675,2023-12-25,Beauty,Face Serum,South,Cash on Delivery,1,1191.37,30,833.96
ORD105285,CUST00996,2023-05-13,Books,Business Biography,Central,Debit Card,1,547.3,15,465.2
ORD108207,CUST00140,2024-08-05,Beauty,Sunscreen SPF50,East,UPI,1,1129.63,10,1016.67
ORD108147,CUST00671,2024-11-17,Sports,Dumbbell Set,Central,UPI,1,2587.77,10,2328.99
ORD102742,CUST00151,2024-08-04,home & kitchen,Non-stick Pan,East,Cash on Delivery,1,1106.52,0,1106.52
ORD106858,CUST01111,2024-11-02,Electronics,Smartwatch,East,UPI,1,4280.05,0,4280.05
ORD108663,CUST00381,2024-10-24,Books,Self-Help Book,West,UPI,1,280.17,0,280.17
ORD104228,CUST00384,2023-06-12,Home & Kitchen,Storage Organizer,North,UPI,1,624.14,0,624.14
ORD102099,CUST00138,2023-07-17,Electronics,Bluetooth Speaker,South,Debit Card,1,934.3,20,747.44
ORD100438,CUST00128,2024-02-02,Electronics,Smartwatch,Central,Debit Card,1,2410.58,0,2410.58
ORD101698,CUST00329,2023-11-21,Electronics,Power Bank,South,Debit Card,1,2651.55,15,2253.82
ORD105646,CUST00418,2024-10-24,Beauty,Face Serum,East,UPI,1,203.62,0,203.62
ORD101076,CUST00469,2024-10-06,Fashion,Running Shoes,South,Debit Card,1,1327.33,0,1327.33
ORD105440,CUST00825,2024-03-09,Fashion,Cotton T-Shirt,South,Debit Card,1,704.94,0,704.94
ORD100644,CUST00686,2023-09-27,Books,Cookbook,East,Credit Card,1,178.5,5,169.58
ORD100529,CUST00101,2024-10-14,Fashion,Denim Jacket,South,UPI,1,826.61,0,826.61
ORD107349,CUST00474,2024-06-28,Sports,Cycling Gloves,South,Credit Card,1,1504.96,0,1504.96
ORD103861,CUST00128,2024-04-15,fashion,Running Shoes,North,UPI,1,404.53,0,404.53
ORD105203,CUST00690,2023-09-24,Home & Kitchen,Water Bottle,East,Credit Card,2,566.71,0,1133.42
ORD104674,CUST00804,2024-06-28,Home & Kitchen,Water Bottle,West,Debit Card,1,1314.9,10,1183.41
ORD105289,CUST00521,2024-02-02,Electronics,Wireless Earbuds,West,Debit Card,2,1594.0,0,3188.0
ORD107079,CUST00308,2023-03-19,Electronics,Wireless Earbuds,East,Debit Card,1,4125.17,0,4125.17
ORD106892,CUST00278,2024-04-29,Books,Self-Help Book,East,Credit Card,1,778.96,20,623.17
ORD100525,CUST00114,2023-12-02,Electronics,Laptop Sleeve,Central,UPI,1,2364.0,0,2364.0
ORD107036,CUST00962,2024-09-09,Books,Fiction Novel,Central,UPI,1,777.73,0,777.73
ORD101954,CUST00916,2024-09-04,Beauty,Hair Dryer,North,Debit Card,1,195.66,10,176.09
ORD102083,CUST00228,2024-08-06,Electronics,Wireless Earbuds,North,Net Banking,2,3582.57,0,7165.14
ORD106925,CUST00983,2024-12-07,electronics,Bluetooth Speaker,South,Credit Card,2,4315.71,15,7336.71
ORD106717,CUST00280,2024-02-07,Home & Kitchen,LED Lamp,West,Net Banking,1,1042.43,0,1042.43
ORD101990,CUST00745,2023-05-03,Sports,Dumbbell Set,Central,UPI,1,2070.84,10,1863.76
ORD104881,CUST00040,2024-11-25,Books,Self-Help Book,Central,Debit Card,1,273.14,15,232.17
ORD103503,CUST00205,2024-10-30,Beauty,Perfume,North,UPI,1,747.73,0,747.73
ORD103249,CUST00210,2024-07-31,Fashion,Running Shoes,East,UPI,1,905.24,30,633.67
ORD106165,CUST00479,2023-11-14,Books,Cookbook,South,Debit Card,1,604.35,10,543.92
ORD102334,CUST00350,2023-11-25,Sports,Resistance Bands,East,UPI,1,2809.54,0,2809.54
ORD103063,CUST00551,2024-09-27,Fashion,Sunglasses,North,Credit Card,1,1590.31,0,1590.31
ORD107535,CUST00958,2023-09-28,Home & Kitchen,Storage Organizer,North,Debit Card,1,1654.1,20,1323.28
ORD101592,CUST00186,2024-09-06,Sports,Resistance Bands,East,Debit Card,1,1494.03,15,1269.93
ORD100019,CUST00644,2023-10-17,Fashion,Leather Wallet,East,Net Banking,1,2303.49,0,2303.49
ORD108441,CUST00198,2023-11-13,Fashion,Running Shoes,East,Net Banking,1,2016.58,0,2016.58
ORD107447,CUST00794,2024-01-14,Sports,Yoga Mat,Central,Credit Card,3,2699.37,0,8098.11
ORD101718,CUST00659,2023-07-27,Books,Fiction Novel,Central,Net Banking,1,778.18,0,778.18
ORD107600,CUST00211,2024-12-30,Electronics,Bluetooth Speaker,North,UPI,1,3073.97,0,3073.97
ORD108922,CUST00128,2024-02-21,Home & Kitchen,LED Lamp,Central,UPI,2,813.69,0,1627.38
ORD102378,CUST00407,2023-07-12,Fashion,Cotton T-Shirt,South,UPI,2,1403.17,10,2525.71
ORD107111,CUST00227,2024-07-04,Fashion,Cotton T-Shirt,North,Cash on Delivery,2,2328.76,0,4657.52
ORD104755,CUST00900,2024-04-19,Beauty,Sunscreen SPF50,North,Debit Card,3,540.72,0,1622.16
ORD100343,CUST00685,2023-10-03,home & kitchen,Storage Organizer,West,Credit Card,2,445.47,15,757.3
ORD108718,CUST00276,2024-09-20,Electronics,Smartwatch,West,Credit Card,1,3418.99,15,2906.14
ORD102147,CUST01173,2023-09-04,Beauty,Face Serum,South,UPI,1,452.03,15,384.23
ORD108459,CUST00199,2024-11-25,Home & Kitchen,LED Lamp,West,Cash on Delivery,1,497.53,5,472.65
ORD103474,CUST00916,2024-02-02,Sports,Yoga Mat,North,Cash on Delivery,1,1277.66,0,1277.66
ORD103125,CUST01148,2024-01-08,Electronics,Power Bank,South,Cash on Delivery,1,3268.67,15,2778.37
ORD102852,CUST00109,2023-11-13,Electronics,Smartwatch,East,Credit Card,1,1414.95,0,1414.95
ORD100947,CUST01105,2023-11-18,Books,Kids Storybook,West,UPI,1,408.67,0,408.67
ORD106950,CUST00300,2024-10-02,Fashion,Running Shoes,South,Debit Card,1,1116.78,0,1116.78
ORD108458,CUST00198,2023-05-14,Sports,Dumbbell Set,East,UPI,1,1669.21,0,1669.21
ORD107389,CUST00945,2024-08-02,Fashion,Denim Jacket,East,Credit Card,1,2211.13,5,2100.57
ORD103841,CUST00511,2024-10-31,Electronics,Wireless Earbuds,West,Credit Card,1,3074.05,0,3074.05
ORD107167,CUST00078,2023-11-04,Electronics,Bluetooth Speaker,North,Debit Card,2,2762.46,0,5524.92
ORD100904,CUST00620,2024-10-28,Home & Kitchen,Cushion Cover,West,Credit Card,2,591.0,0,1182.0
ORD107383,CUST00866,2023-08-20,Beauty,Lip Balm Set,North,UPI,1,1194.4,15,1015.24
ORD104883,CUST00892,2024-08-24,Books,Business Biography,Central,UPI,1,708.98,0,708.98
ORD107129,CUST01189,2023-12-01,Home & Kitchen,Water Bottle,South,UPI,1,1706.2,15,1450.27
ORD104582,CUST01008,2024-02-18,Books,Kids Storybook,,Net Banking,1,347.0,20,277.6
ORD102585,CUST00128,2024-02-07,Fashion,Leather Wallet,North,UPI,2,730.92,5,1388.75
ORD107806,CUST00529,2023-03-10,home & kitchen,Storage Organizer,North,Credit Card,2,1090.99,30,1527.39
ORD103377,CUST00050,2023-10-03,Home & Kitchen,Storage Organizer,North,UPI,1,1691.5,0,1691.5
ORD101523,CUST00937,2024-06-07,Sports,Cricket Bat,Central,Net Banking,1,1744.74,20,1395.79
ORD106606,CUST00060,2024-02-27,Home & Kitchen,Water Bottle,North,Debit Card,1,1508.29,20,1206.63
ORD101023,CUST01073,2024-07-06,Electronics,Smartwatch,South,UPI,1,1022.82,5,971.68
ORD101625,CUST01197,2024-11-09,Sports,Resistance Bands,West,Net Banking,1,2804.95,0,2804.95
ORD108044,CUST01155,2023-06-02,fashion,Cotton T-Shirt,West,Net Banking,1,1077.0,15,915.45
ORD102646,CUST00615,2024-07-10,Electronics,Bluetooth Speaker,South,Credit Card,1,1126.7,0,1126.7
ORD104347,CUST00121,2024-10-17,Electronics,Laptop Sleeve,Central,UPI,1,1883.18,15,1600.7
ORD108162,CUST00916,2023-10-19,Electronics,Laptop Sleeve,West,Debit Card,1,810.83,0,810.83
ORD106509,CUST00588,2023-11-06,Home & Kitchen,Water Bottle,,Debit Card,1,1637.21,5,1555.35
ORD107705,CUST00742,2023-10-01,sports,Resistance Bands,West,Credit Card,4,2830.3,0,11321.2
ORD107451,CUST00415,2023-11-11,Electronics,Smartwatch,South,Debit Card,1,857.08,0,857.08
ORD104841,CUST01003,2024-11-24,Books,Cookbook,Central,Credit Card,1,153.82,15,130.75
ORD101668,CUST01000,2024-02-24,Sports,Dumbbell Set,West,Debit Card,1,2797.82,10,2518.04
ORD104660,CUST01090,2024-05-08,electronics,Laptop Sleeve,West,Cash on Delivery,1,3947.96,0,3947.96
ORD106707,CUST00481,2024-11-01,Electronics,Wireless Earbuds,North,UPI,1,893.96,10,804.56
ORD101514,CUST00466,2024-07-05,Beauty,Perfume,East,Credit Card,1,595.86,0,595.86
ORD107420,CUST00923,2023-05-02,Electronics,Wireless Earbuds,South,Credit Card,1,2532.84,5,2406.2
ORD105674,CUST00412,2024-05-16,Electronics,Smartwatch,East,Credit Card,1,3056.59,5,2903.76
ORD103028,CUST00550,2024-05-20,Electronics,Bluetooth Speaker,East,Cash on Delivery,2,1278.3,5,2428.77
ORD101555,CUST00299,2024-07-19,Sports,Yoga Mat,South,Debit Card,1,345.49,5,328.22
ORD105475,CUST00525,2023-07-23,Home & Kitchen,Non-stick Pan,East,UPI,1,602.78,15,512.36
ORD107868,CUST00651,2024-10-29,Electronics,Wireless Earbuds,South,UPI,1,1409.1,10,1268.19
ORD104954,CUST00274,2024-12-10,beauty,Hair Dryer,East,UPI,1,308.65,10,277.78
ORD107396,CUST00736,2023-02-18,Fashion,Leather Wallet,West,Credit Card,1,2322.82,0,2322.82
ORD104830,CUST00111,2023-04-27,Electronics,Power Bank,South,UPI,1,3619.48,0,3619.48
ORD107615,CUST00084,2024-06-25,Electronics,Power Bank,Central,Debit Card,1,2896.51,10,2606.86
ORD103437,CUST00221,2023-05-13,Electronics,Power Bank,West,Debit Card,3,884.04,20,2121.7
ORD101724,CUST01161,2024-02-12,Fashion,Leather Wallet,Central,UPI,1,1357.27,0,1357.27
ORD100635,CUST00587,2023-08-11,Home & Kitchen,Storage Organizer,East,UPI,1,1114.22,15,947.09
ORD107549,CUST00255,2024-09-27,Electronics,Wireless Earbuds,West,Debit Card,1,944.87,5,897.63
ORD101591,CUST00195,2024-05-29,Sports,Resistance Bands,West,UPI,1,1830.27,0,1830.27
ORD106934,CUST00344,2024-12-04,Home & Kitchen,Water Bottle,North,Debit Card,2,495.17,20,792.27
ORD103506,CUST00947,2024-10-15,Electronics,Laptop Sleeve,East,Debit Card,1,3874.42,5,3680.7
ORD102892,CUST01055,2024-11-18,Fashion,Sunglasses,West,UPI,1,2256.87,15,1918.34
ORD102686,CUST00005,2023-08-01,Fashion,Leather Wallet,West,UPI,2,741.42,5,1408.7
ORD107585,CUST00612,2024-08-28,Beauty,Perfume,South,UPI,1,563.47,0,563.47
ORD104048,CUST00422,2024-01-13,Fashion,Denim Jacket,North,UPI,1,605.04,0,605.04
ORD108084,CUST00884,2024-12-11,Fashion,Running Shoes,North,Credit Card,1,732.85,0,732.85
ORD104408,CUST00793,2024-06-03,Electronics,Smartwatch,South,UPI,2,1660.42,20,2656.67
ORD106918,CUST00333,2024-05-21,Electronics,Power Bank,South,Credit Card,1,2159.21,30,1511.45
ORD102436,CUST00571,2023-11-05,Books,Self-Help Book,East,Debit Card,1,270.98,0,270.98
ORD108276,CUST00816,2024-04-05,Books,Business Biography,South,Cash on Delivery,1,418.86,15,356.03
ORD105841,CUST00736,2024-07-03,Books,Cookbook,West,UPI,1,644.08,10,579.67
ORD108467,CUST01010,2023-06-20,Electronics,Smartwatch,Central,UPI,2,896.27,10,1613.29
ORD100960,CUST00556,2023-05-20,Home & Kitchen,LED Lamp,South,Credit Card,1,1631.83,15,1387.06
ORD102321,CUST00503,2023-12-29,Electronics,Bluetooth Speaker,North,UPI,2,1924.52,0,3849.04
ORD106499,CUST00612,2023-07-07,Fashion,Sunglasses,East,Credit Card,1,405.97,15,345.07
ORD106468,CUST00589,2024-03-13,Home & Kitchen,Cushion Cover,East,Debit Card,1,1422.53,0,1422.53
ORD107993,CUST00337,2024-05-14,Home & Kitchen,Cushion Cover,South,Debit Card,1,907.49,0,907.49
ORD100607,CUST00074,2024-07-24,Electronics,Smartwatch,North,UPI,3,2438.12,0,7314.36
ORD101561,CUST00212,2023-07-11,Electronics,Power Bank,Central,Debit Card,3,1480.91,10,3998.46
ORD106636,CUST00128,2024-04-17,Electronics,Laptop Sleeve,West,UPI,1,1026.62,5,975.29
ORD105530,CUST00128,2024-05-13,Electronics,Laptop Sleeve,North,Debit Card,1,1891.72,20,1513.38
ORD105445,CUST00349,2024-10-18,Electronics,Smartwatch,Central,Debit Card,2,2047.94,0,4095.88
ORD108188,CUST00962,2024-11-29,Fashion,Running Shoes,South,Net Banking,1,2147.52,0,2147.52
ORD107772,CUST00759,2023-12-20,Electronics,Smartwatch,East,UPI,1,1363.05,20,1090.44
ORD106765,CUST00308,2023-03-09,Home & Kitchen,Water Bottle,East,Debit Card,3,1180.23,30,2478.48
ORD103521,CUST00796,2024-12-26,Electronics,Smartwatch,Central,Credit Card,1,3271.87,15,2781.09
ORD108053,CUST00471,2024-07-06,Electronics,Bluetooth Speaker,South,Debit Card,2,1818.98,10,3274.16
ORD103698,CUST01134,2024-11-26,Sports,Cricket Bat,East,UPI,1,1723.77,0,1723.77
ORD104935,CUST01137,2024-12-28,Beauty,Perfume,South,Credit Card,2,407.87,0,815.74
ORD106987,CUST01018,2024-11-18,Electronics,Laptop Sleeve,South,Credit Card,1,2836.74,30,1985.72
ORD106696,CUST00970,2024-01-05,Fashion,Cotton T-Shirt,East,Debit Card,1,1520.5,0,1520.5
ORD102278,CUST00970,2023-07-03,Fashion,Denim Jacket,Central,Credit Card,1,1987.65,10,1788.89
ORD102260,CUST00662,2024-02-07,Home & Kitchen,Non-stick Pan,East,Debit Card,2,416.66,15,708.32
ORD104676,CUST00937,2024-06-17,Electronics,Laptop Sleeve,North,UPI,1,2533.28,0,2533.28
ORD107657,CUST01080,2024-07-23,Electronics,Laptop Sleeve,North,Credit Card,2,996.33,10,1793.39
ORD104842,CUST01051,2023-10-19,Fashion,Denim Jacket,North,Credit Card,1,1920.47,0,1920.47
ORD105062,CUST00560,2024-05-16,Fashion,Sunglasses,North,UPI,1,1523.21,0,1523.21
ORD102249,CUST00225,2024-09-21,Home & Kitchen,Storage Organizer,East,Credit Card,1,662.04,10,595.84
ORD103294,CUST00904,2024-08-21,Fashion,Running Shoes,South,Credit Card,2,1711.74,0,3423.48
ORD102126,CUST01134,2024-11-20,Fashion,Denim Jacket,South,Debit Card,1,1528.59,0,1528.59
ORD101055,CUST00773,2024-08-03,Home & Kitchen,LED Lamp,,Credit Card,1,1701.88,0,1701.88
ORD103636,CUST00378,2023-11-28,Fashion,Denim Jacket,West,Cash on Delivery,1,733.05,0,733.05
ORD106320,CUST01146,2023-05-19,Beauty,Lip Balm Set,South,Cash on Delivery,1,959.63,10,863.67
ORD101604,CUST00034,2023-05-27,Sports,Cricket Bat,,Credit Card,1,620.83,30,434.58
ORD108299,CUST00004,2024-06-18,Home & Kitchen,Water Bottle,West,UPI,1,1591.79,0,1591.79
ORD103207,CUST00785,2024-03-04,Electronics,Bluetooth Speaker,West,UPI,1,2651.34,10,2386.21
ORD100115,CUST00008,2024-09-19,Electronics,Smartwatch,East,Credit Card,1,2467.54,5,2344.16
ORD108516,CUST00114,2023-02-18,Home & Kitchen,LED Lamp,North,Net Banking,2,1383.52,15,2351.98
ORD108018,CUST00224,2024-03-02,Electronics,Wireless Earbuds,North,Debit Card,1,2780.73,15,2363.62
ORD104568,CUST00904,2024-09-30,Beauty,Perfume,Central,Net Banking,1,384.72,0,384.72
ORD101444,CUST01007,2024-10-09,Home & Kitchen,LED Lamp,North,Debit Card,1,825.98,0,825.98
ORD103691,CUST00252,2023-09-25,Beauty,Hair Dryer,North,Credit Card,1,364.61,0,364.61
ORD104555,CUST00471,2024-04-05,Home & Kitchen,LED Lamp,Central,UPI,2,747.6,10,1345.68
ORD100334,CUST00412,2024-02-19,Sports,Yoga Mat,South,UPI,1,2719.38,10,2447.44
ORD106658,CUST00415,2024-06-21,Fashion,Sunglasses,South,Credit Card,1,2356.36,0,2356.36
ORD102092,CUST00128,2024-06-26,Books,Business Biography,East,UPI,1,532.16,0,532.16
ORD108046,CUST00324,2023-10-06,Beauty,Lip Balm Set,South,Debit Card,1,558.24,0,558.24
ORD100651,CUST01055,2024-11-19,Home & Kitchen,Non-stick Pan,West,Credit Card,1,1420.62,10,1278.56
ORD102388,CUST00417,2024-11-21,Electronics,Laptop Sleeve,,Credit Card,1,4380.27,10,3942.24
ORD102123,CUST00636,2024-06-15,electronics,Smartwatch,West,Credit Card,1,3840.18,0,3840.18
ORD108772,CUST00904,2024-08-28,Home & Kitchen,Cushion Cover,West,Net Banking,3,1505.06,20,3612.14
ORD103111,CUST00248,2023-12-23,Home & Kitchen,LED Lamp,North,UPI,1,948.4,5,900.98
ORD102373,CUST00215,2024-12-12,Beauty,Lip Balm Set,East,UPI,1,755.25,30,528.67
ORD104061,CUST01089,2023-04-19,Home & Kitchen,Cushion Cover,West,UPI,1,818.99,0,818.99
ORD107991,CUST00071,2024-08-13,Sports,Dumbbell Set,East,Credit Card,1,430.15,0,430.15
ORD104079,CUST00365,2024-01-29,Fashion,Denim Jacket,Central,Net Banking,1,1922.99,5,1826.84
ORD102831,CUST00426,2024-02-21,Home & Kitchen,Storage Organizer,North,UPI,1,548.48,20,438.78
ORD106035,CUST00248,2023-08-17,Home & Kitchen,Water Bottle,Central,Credit Card,1,1028.69,0,1028.69
ORD101189,CUST00612,2023-07-19,Fashion,Denim Jacket,South,UPI,2,2084.54,0,4169.08
ORD104936,CUST00646,2023-08-02,Books,Kids Storybook,South,Debit Card,1,201.35,10,181.22
ORD103073,CUST00381,2024-10-17,Electronics,Bluetooth Speaker,West,Credit Card,1,1169.72,0,1169.72
ORD105940,CUST01066,2024-07-23,Fashion,Denim Jacket,Central,Debit Card,1,1012.48,0,1012.48
ORD102844,CUST00067,2024-09-16,Fashion,Denim Jacket,East,Credit Card,2,2234.84,20,3575.74
ORD105201,CUST01131,2023-08-29,Home & Kitchen,Cushion Cover,South,Debit Card,1,902.68,0,902.68
ORD107249,CUST00091,2023-06-13,Home & Kitchen,Water Bottle,West,Net Banking,2,1002.86,5,1905.43
ORD105223,CUST00888,2024-09-17,Electronics,Bluetooth Speaker,Central,Cash on Delivery,1,1140.6,0,1140.6
ORD105617,CUST00049,2023-07-03,Fashion,Running Shoes,East,Debit Card,1,1020.09,0,1020.09
ORD100800,CUST00505,2024-10-07,Home & Kitchen,Water Bottle,Central,UPI,1,1057.82,5,1004.93
ORD102001,CUST00882,2023-10-01,Home & Kitchen,Cushion Cover,East,UPI,1,883.84,0,883.84
ORD107104,CUST00455,2024-02-21,Home & Kitchen,Storage Organizer,West,Debit Card,2,737.19,0,1474.38
ORD108315,CUST01140,2024-06-26,Beauty,Hair Dryer,Central,Cash on Delivery,1,987.52,15,839.39
ORD103323,CUST00128,2024-03-24,Sports,Dumbbell Set,West,Cash on Delivery,3,2585.63,10,6981.2
ORD108908,CUST00332,2023-09-19,Home & Kitchen,LED Lamp,West,Credit Card,1,358.34,0,358.34
ORD100882,CUST00120,2024-11-30,Fashion,Sunglasses,East,UPI,2,755.22,5,1434.92
ORD103094,CUST00189,2024-12-06,Home & Kitchen,Cushion Cover,North,UPI,1,368.89,0,368.89
ORD106914,CUST00560,2024-06-21,Electronics,Power Bank,North,Debit Card,1,1583.94,10,1425.55
ORD108479,CUST00195,2024-05-28,Home & Kitchen,Water Bottle,,Credit Card,2,1803.58,20,2885.73
ORD101309,CUST01047,2024-12-20,Beauty,Perfume,North,,1,1140.48,0,1140.48
ORD107333,CUST01085,2024-02-08,Electronics,Bluetooth Speaker,North,UPI,1,2001.52,0,2001.52
ORD103517,CUST00138,2023-07-13,Sports,Cycling Gloves,West,Credit Card,1,2409.43,0,2409.43
ORD108836,CUST00932,2023-02-04,books,Kids Storybook,North,Net Banking,1,732.2,0,732.2
ORD106329,CUST00904,2024-05-24,Home & Kitchen,Cushion Cover,West,Credit Card,2,790.55,0,1581.1
ORD103126,CUST00128,2024-12-19,Home & Kitchen,Non-stick Pan,North,UPI,1,538.11,10,484.3
ORD106715,CUST00199,2024-09-16,Fashion,Running Shoes,East,Cash on Delivery,1,1424.99,0,1424.99
ORD102501,CUST00557,2024-02-06,Home & Kitchen,Cushion Cover,East,Debit Card,1,237.05,0,237.05
ORD105232,CUST00788,2023-06-22,Electronics,Smartwatch,Central,Credit Card,2,3723.49,10,6702.28
ORD102387,CUST00190,2023-06-15,Electronics,Bluetooth Speaker,West,Debit Card,1,1455.77,0,1455.77
ORD106493,CUST00967,2024-07-22,Fashion,Denim Jacket,North,UPI,1,1470.78,0,1470.78
ORD106181,CUST00571,2024-02-18,Fashion,Running Shoes,West,Credit Card,2,2056.91,0,4113.82
ORD108545,CUST00259,2023-12-01,Electronics,Laptop Sleeve,South,UPI,1,2840.38,15,2414.32
ORD106349,CUST00797,2023-07-16,Home & Kitchen,Storage Organizer,West,Debit Card,4,461.83,10,1662.59
ORD106727,CUST01160,2024-10-18,Electronics,Bluetooth Speaker,East,Credit Card,1,1527.85,0,1527.85
ORD104458,CUST01189,2024-05-31,Fashion,Running Shoes,West,UPI,3,1041.23,20,2498.95
ORD105316,CUST01065,2024-05-16,home & kitchen,Storage Organizer,North,Net Banking,2,1716.41,20,2746.26
ORD103775,CUST01140,2024-07-23,Electronics,Bluetooth Speaker,East,UPI,1,1340.05,0,1340.05
ORD102574,CUST00161,2024-10-07,Fashion,Sunglasses,North,UPI,1,725.28,20,580.22
ORD104370,CUST00034,2023-05-07,Beauty,Perfume,East,Credit Card,3,258.58,0,775.74
ORD105064,CUST00935,2023-12-02,Home & Kitchen,Non-stick Pan,Central,UPI,3,647.68,10,1748.74
ORD108872,CUST00795,2024-11-27,Fashion,Leather Wallet,Central,Credit Card,1,1156.34,5,1098.52
ORD103576,CUST00517,2024-01-18,Electronics,Smartwatch,North,Credit Card,1,4268.99,15,3628.64
ORD108061,CUST00945,2023-07-23,Fashion,Running Shoes,North,Debit Card,1,2147.07,20,1717.66
ORD105262,CUST00430,2024-06-04,Sports,Yoga Mat,East,Debit Card,2,2946.73,5,5598.79
ORD104410,CUST00401,2024-09-05,Fashion,Sunglasses,,UPI,1,697.48,0,697.48
ORD105266,CUST00962,2024-09-16,Electronics,Bluetooth Speaker,South,Cash on Delivery,1,1653.17,15,1405.19
ORD104121,CUST00231,2023-07-22,Fashion,Sunglasses,East,UPI,2,2481.66,0,4963.32
ORD102889,CUST00795,2024-12-08,Electronics,Smartwatch,Central,Credit Card,1,1375.39,0,1375.39
ORD101227,CUST00870,2024-09-17,Fashion,Sunglasses,East,Credit Card,1,855.38,15,727.07
ORD106800,CUST00580,2023-03-27,Home & Kitchen,LED Lamp,South,Debit Card,1,1007.04,0,1007.04
ORD105370,CUST00558,2024-05-25,Home & Kitchen,Cushion Cover,East,Cash on Delivery,1,548.17,20,438.54
ORD102400,CUST01195,2024-08-25,Beauty,Face Serum,Central,Credit Card,1,975.72,0,975.72
ORD107672,CUST00646,2024-06-25,Fashion,Sunglasses,South,Debit Card,1,1466.88,5,1393.54
ORD101293,CUST00568,2023-05-09,Books,Cookbook,West,Credit Card,1,340.76,0,340.76
ORD107173,CUST00382,2024-05-29,Fashion,Leather Wallet,East,Credit Card,1,585.2,0,585.2
ORD108431,CUST01176,2024-04-16,Electronics,Wireless Earbuds,West,Credit Card,1,4184.86,0,4184.86
ORD107220,CUST00191,2024-09-17,Sports,Dumbbell Set,South,Debit Card,2,2709.01,20,4334.42
ORD107047,CUST00830,2024-08-14,Sports,Cycling Gloves,Central,,1,1470.27,20,1176.22
ORD106121,CUST01154,2024-06-24,Beauty,Face Serum,East,Cash on Delivery,1,868.31,15,738.06
ORD102452,CUST00962,2024-10-06,Fashion,Running Shoes,,Credit Card,2,1306.43,0,2612.86
ORD104595,CUST00887,2024-10-23,Fashion,Running Shoes,South,UPI,1,1008.81,20,807.05
ORD107395,CUST00245,2024-07-30,Fashion,Denim Jacket,South,Debit Card,1,1318.97,15,1121.12
ORD107803,CUST00091,2023-10-29,Fashion,Leather Wallet,South,Credit Card,2,2401.84,0,4803.68
ORD108173,CUST00814,2023-09-27,Electronics,Power Bank,North,UPI,2,3884.65,0,7769.3
ORD100324,CUST00184,2024-01-22,Sports,Yoga Mat,North,Net Banking,1,2130.64,10,1917.58
ORD107703,CUST00128,2024-02-22,Books,Cookbook,South,Debit Card,1,252.03,15,214.23
ORD107197,CUST01114,2024-07-25,Electronics,Wireless Earbuds,North,UPI,1,2453.82,5,2331.13
ORD103454,CUST01086,2024-08-26,Sports,Yoga Mat,South,Debit Card,1,1687.95,0,1687.95
ORD101422,CUST01140,2024-07-06,Home & Kitchen,Water Bottle,East,UPI,1,1899.83,0,1899.83
ORD100048,CUST00500,2023-12-12,Home & Kitchen,Water Bottle,West,Credit Card,1,1651.86,30,1156.3
ORD104406,CUST00231,2024-05-21,fashion,Denim Jacket,Central,Cash on Delivery,2,2331.73,0,4663.46
ORD104894,CUST01119,2024-07-15,Sports,Resistance Bands,South,Debit Card,2,1120.48,0,2240.96
ORD108082,CUST00332,2023-04-08,Electronics,Bluetooth Speaker,Central,UPI,1,3491.64,5,3317.06
ORD100109,CUST00721,2023-04-28,Beauty,Perfume,North,UPI,2,242.28,0,484.56
ORD105077,CUST00413,2024-04-17,Electronics,Wireless Earbuds,East,Credit Card,1,3160.14,0,3160.14
ORD105622,CUST00917,2024-07-11,beauty,Hair Dryer,South,UPI,1,573.4,5,544.73
ORD100203,CUST01087,2024-04-20,Electronics,Laptop Sleeve,Central,Credit Card,2,2932.95,10,5279.31
ORD107050,CUST00128,2024-02-12,Beauty,Hair Dryer,South,Net Banking,1,582.81,0,582.81
ORD104243,CUST00894,2023-11-13,Books,Cookbook,North,UPI,1,386.9,0,386.9
ORD103838,CUST00368,2023-05-02,Home & Kitchen,Non-stick Pan,South,Credit Card,1,1290.89,0,1290.89
ORD100416,CUST00322,2024-06-11,Electronics,Wireless Earbuds,West,Credit Card,2,1416.06,0,2832.12
ORD104091,CUST00005,2024-03-07,Books,Business Biography,East,Debit Card,1,226.01,5,214.71
ORD100693,CUST00128,2024-04-05,Fashion,Sunglasses,North,Net Banking,1,2424.44,0,2424.44
ORD107623,CUST00902,2024-01-02,Beauty,Lip Balm Set,South,Debit Card,2,824.16,30,1153.82
ORD101425,CUST00988,2024-04-26,Home & Kitchen,Non-stick Pan,West,UPI,2,1524.12,15,2591.0
ORD105941,CUST00109,2023-09-24,Fashion,Leather Wallet,West,UPI,1,505.36,5,480.09
ORD108471,CUST01077,2024-09-28,Home & Kitchen,Non-stick Pan,Central,Net Banking,4,896.4,0,3585.6
ORD102571,CUST01142,2023-12-01,Beauty,Hair Dryer,South,Net Banking,1,988.53,0,988.53
ORD107644,CUST00221,2023-08-30,Electronics,Laptop Sleeve,West,Debit Card,1,2832.42,5,2690.8
ORD103272,CUST00646,2023-11-09,Fashion,Cotton T-Shirt,South,Debit Card,2,2348.18,0,4696.36
ORD106517,CUST00419,2024-01-09,Fashion,Leather Wallet,North,UPI,2,1209.6,5,2298.24
ORD107881,CUST00503,2023-03-31,Fashion,Cotton T-Shirt,Central,Debit Card,1,414.28,20,331.42
ORD104633,CUST00081,2024-07-27,Fashion,Denim Jacket,Central,UPI,1,2244.84,5,2132.6
ORD105557,CUST00772,2023-06-15,Fashion,Running Shoes,North,Credit Card,4,725.77,0,2903.08
ORD103657,CUST00556,2023-07-01,Home & Kitchen,Cushion Cover,North,Debit Card,1,1760.52,15,1496.44
ORD106905,CUST00128,2024-05-28,Fashion,Running Shoes,East,UPI,1,1010.65,10,909.58
ORD108294,CUST01070,2024-11-26,sports,Resistance Bands,East,Credit Card,1,2844.56,15,2417.88
ORD102763,CUST00183,2024-11-30,Home & Kitchen,Water Bottle,North,Net Banking,1,616.62,30,431.63
ORD104151,CUST00928,2024-10-02,Sports,Cricket Bat,Central,Credit Card,2,481.25,0,962.5
ORD100603,CUST00758,2024-03-15,Electronics,Power Bank,North,Cash on Delivery,1,3103.43,5,2948.26
ORD106633,CUST00646,2023-10-19,Fashion,Running Shoes,South,Credit Card,1,2409.5,5,2289.02
ORD101459,CUST00410,2024-04-14,Sports,Cycling Gloves,South,Cash on Delivery,1,1081.89,0,1081.89
ORD105057,CUST00248,2024-01-19,Sports,Resistance Bands,North,Credit Card,1,1908.46,5,1813.04
ORD107110,CUST00128,2024-02-03,Books,Self-Help Book,Central,Net Banking,1,782.03,15,664.73
ORD108032,CUST00363,2024-04-17,Electronics,Smartwatch,West,UPI,2,3745.32,0,7490.64
ORD107695,CUST00098,2024-09-11,Electronics,Wireless Earbuds,North,UPI,3,3704.28,0,11112.84
ORD102467,CUST00612,2023-07-19,Home & Kitchen,LED Lamp,South,Credit Card,2,225.75,0,451.5
ORD107918,CUST00128,2024-05-12,Home & Kitchen,Non-stick Pan,West,Cash on Delivery,1,873.23,15,742.25
ORD108671,CUST00004,2024-04-12,Home & Kitchen,Water Bottle,North,UPI,3,1169.52,0,3508.56
ORD102483,CUST00002,2024-05-25,Beauty,Lip Balm Set,Central,UPI,2,1030.6,0,2061.2
ORD103182,CUST00213,2023-08-20,Home & Kitchen,Non-stick Pan,North,Debit Card,3,472.87,0,1418.61
ORD106749,CUST00794,2024-01-28,Fashion,Sunglasses,South,Cash on Delivery,2,400.69,20,641.1
ORD105894,CUST00234,2024-05-28,Electronics,Bluetooth Speaker,North,Net Banking,1,3573.89,0,3573.89
ORD103135,CUST00612,2023-12-18,Fashion,Leather Wallet,East,Net Banking,1,1927.38,5,1831.01
ORD100680,CUST00165,2023-09-01,Beauty,Hair Dryer,East,Credit Card,2,1265.71,15,2151.71
ORD102553,CUST00789,2024-12-01,Home & Kitchen,Water Bottle,North,Debit Card,3,476.74,5,1358.71
ORD107939,CUST00519,2024-07-14,Electronics,Bluetooth Speaker,Central,Credit Card,1,4436.81,0,4436.81
ORD100977,CUST00679,2024-12-18,Electronics,Laptop Sleeve,West,UPI,2,2327.22,5,4421.72
ORD100698,CUST00405,2024-09-12,Sports,Dumbbell Set,Central,UPI,1,795.99,10,716.39
ORD101535,CUST00344,2024-11-30,Electronics,Smartwatch,South,Credit Card,2,3463.37,0,6926.74
ORD101082,CUST00114,2023-10-20,Electronics,Laptop Sleeve,Central,Debit Card,1,2461.23,15,2092.05
ORD104862,CUST00151,2024-08-26,Fashion,Running Shoes,West,Net Banking,2,829.77,0,1659.54
ORD106616,CUST00167,2023-08-16,Fashion,Sunglasses,East,Debit Card,2,1346.77,20,2154.83
ORD108608,CUST00547,2023-03-21,Fashion,Denim Jacket,North,Debit Card,1,2088.15,0,2088.15
ORD103959,CUST00995,2024-09-07,Sports,Cycling Gloves,South,Credit Card,2,495.37,0,990.74
ORD100104,CUST00881,2023-07-30,Electronics,Power Bank,South,Debit Card,2,1260.22,5,2394.42
ORD107215,CUST00884,2024-05-20,Fashion,Running Shoes,West,Credit Card,1,555.43,0,555.43
ORD107963,CUST00276,2024-09-23,Home & Kitchen,Water Bottle,South,Credit Card,1,1008.39,0,1008.39
ORD105039,CUST00399,2023-07-21,Electronics,Laptop Sleeve,East,UPI,1,1823.2,0,1823.2
ORD101690,CUST00718,2024-08-15,Home & Kitchen,LED Lamp,West,UPI,2,1329.72,10,2393.5
ORD101328,CUST00869,2024-08-06,Electronics,Laptop Sleeve,South,Credit Card,2,1498.98,0,2997.96
ORD105051,CUST00324,2023-11-21,Electronics,Laptop Sleeve,South,UPI,2,2954.63,0,5909.26
ORD103759,CUST00648,2023-11-08,Fashion,Denim Jacket,West,UPI,1,1991.21,0,1991.21
ORD100689,CUST00917,2024-10-14,Electronics,Power Bank,Central,Credit Card,1,3176.18,0,3176.18
ORD103783,CUST01140,2024-02-13,Fashion,Running Shoes,Central,Debit Card,1,2269.84,0,2269.84
ORD100916,CUST00626,2024-05-06,Fashion,Cotton T-Shirt,West,Net Banking,3,1583.56,0,4750.68
ORD106624,CUST01048,2023-08-02,Electronics,Smartwatch,South,Debit Card,2,2140.99,5,4067.88
ORD105732,CUST00237,2024-02-18,Books,Business Biography,South,Net Banking,1,220.09,10,198.08
ORD105856,CUST01107,2023-08-08,Fashion,Denim Jacket,Central,UPI,2,1098.52,0,2197.04
ORD105352,CUST00338,2023-12-30,fashion,Leather Wallet,South,Cash on Delivery,2,2496.8,10,4494.24
ORD103032,CUST01068,2024-04-18,Fashion,Denim Jacket,South,Debit Card,2,1206.32,20,1930.11
ORD107208,CUST00958,2024-03-04,Fashion,Leather Wallet,Central,Debit Card,2,2400.79,5,4561.5
ORD107473,CUST00568,2023-10-09,Home & Kitchen,Water Bottle,North,UPI,1,793.03,0,793.03
ORD103682,CUST00734,2024-03-30,Fashion,Running Shoes,North,Credit Card,1,937.98,5,891.08
ORD108219,CUST00928,2024-12-03,Home & Kitchen,LED Lamp,Central,Net Banking,2,1119.89,0,2239.78
ORD108846,CUST00232,2023-09-30,Electronics,Wireless Earbuds,South,UPI,2,1254.1,0,2508.2
ORD105364,CUST00120,2024-12-01,Fashion,Cotton T-Shirt,North,UPI,2,1631.27,5,3099.41
ORD100731,CUST00673,2023-01-30,Home & Kitchen,Storage Organizer,West,UPI,1,1543.26,0,1543.26
ORD106943,CUST00071,2024-07-30,Home & Kitchen,Non-stick Pan,South,Debit Card,1,1674.43,0,1674.43
ORD107628,CUST01031,2023-08-23,Home & Kitchen,Storage Organizer,North,UPI,2,516.38,0,1032.76
ORD102411,CUST00731,2023-05-07,Electronics,Laptop Sleeve,South,Credit Card,1,3521.81,0,3521.81
ORD105100,CUST00091,2023-07-01,Fashion,Sunglasses,North,,1,566.19,10,509.57
ORD104662,CUST01086,2024-08-29,Home & Kitchen,LED Lamp,North,Credit Card,1,310.53,20,248.42
ORD101605,CUST00248,2024-07-10,Fashion,Sunglasses,South,Credit Card,1,1596.54,0,1596.54
ORD108523,CUST00902,2024-03-09,Home & Kitchen,Cushion Cover,South,Credit Card,1,1932.03,30,1352.42
ORD107978,CUST00002,2024-11-01,Electronics,Smartwatch,Central,Cash on Delivery,1,3910.36,10,3519.32
ORD103911,CUST00024,2024-03-21,Fashion,Denim Jacket,West,Credit Card,1,1139.93,15,968.94
ORD105491,CUST00195,2024-07-01,Fashion,Denim Jacket,North,Debit Card,1,855.88,10,770.29
ORD108900,CUST01181,2024-01-15,Sports,Cricket Bat,North,Cash on Delivery,1,1729.95,0,1729.95
ORD108756,CUST00051,2024-02-25,Sports,Resistance Bands,South,,2,2866.42,0,5732.84
ORD106609,CUST00191,2024-07-17,Home & Kitchen,Non-stick Pan,East,,1,1262.51,5,1199.38
ORD101104,CUST01157,2023-10-15,Beauty,Lip Balm Set,North,Credit Card,1,1094.4,15,930.24
ORD108794,CUST00630,2024-02-12,Fashion,Sunglasses,North,Credit Card,1,1407.1,20,1125.68
ORD103549,CUST00731,2023-10-25,Electronics,Smartwatch,South,UPI,1,1431.44,5,1359.87
ORD108381,CUST01077,2024-10-22,Fashion,Running Shoes,Central,UPI,1,1056.19,15,897.76
ORD100161,CUST00200,2024-09-17,home & kitchen,Non-stick Pan,North,UPI,1,1707.26,0,1707.26
ORD100196,CUST00731,2023-09-06,Fashion,Cotton T-Shirt,East,Cash on Delivery,1,399.55,0,399.55
ORD102297,CUST00404,2024-09-17,Electronics,Laptop Sleeve,North,Cash on Delivery,1,881.03,5,836.98
ORD105253,CUST00128,2024-02-25,Electronics,Power Bank,South,UPI,2,1687.29,10,3037.12
ORD103986,CUST00066,2023-12-17,Electronics,Smartwatch,West,UPI,4,2370.17,15,8058.58
ORD101700,CUST00958,2023-08-13,Fashion,Running Shoes,Central,Cash on Delivery,1,1341.38,5,1274.31
ORD101397,CUST00571,2024-01-29,Home & Kitchen,Cushion Cover,East,Net Banking,1,1951.22,20,1560.98
ORD105059,CUST00646,2024-05-04,Beauty,Lip Balm Set,Central,Cash on Delivery,1,1457.83,0,1457.83
ORD103545,CUST01070,2023-12-30,Beauty,Lip Balm Set,East,Credit Card,1,1094.56,0,1094.56
ORD105421,CUST00042,2024-08-15,Electronics,Wireless Earbuds,South,Credit Card,3,2197.16,20,5273.18
ORD107023,CUST00929,2024-08-02,Sports,Cricket Bat,Central,Debit Card,2,492.4,20,787.84
ORD100410,CUST00021,2024-05-22,Home & Kitchen,LED Lamp,South,UPI,1,816.31,0,816.31
ORD101537,CUST00731,2023-08-02,Home & Kitchen,Water Bottle,North,Net Banking,1,445.49,15,378.67
ORD104993,CUST01176,2023-12-29,electronics,Power Bank,East,Debit Card,3,3616.56,0,10849.68
ORD101731,CUST01171,2023-09-17,Home & Kitchen,Water Bottle,North,UPI,2,1545.55,0,3091.1
ORD103090,CUST00412,2023-12-17,Home & Kitchen,Cushion Cover,North,Debit Card,1,477.72,10,429.95
ORD100676,CUST00793,2024-08-08,Beauty,Lip Balm Set,North,Debit Card,1,313.71,0,313.71
ORD102234,CUST00511,2024-10-24,Sports,Cycling Gloves,West,Credit Card,1,2733.63,20,2186.9
ORD107608,CUST00916,2023-12-11,Books,Cookbook,North,UPI,1,577.54,0,577.54
ORD108229,CUST00361,2023-12-25,Electronics,Smartwatch,South,UPI,1,2277.18,20,1821.74
ORD103536,CUST00407,2023-05-09,Beauty,Lip Balm Set,West,Debit Card,1,1248.8,0,1248.8
ORD101386,CUST00782,2024-09-07,Electronics,Laptop Sleeve,Central,Net Banking,1,2830.1,0,2830.1
ORD102966,CUST00812,2024-06-19,Home & Kitchen,Storage Organizer,Central,Debit Card,1,1449.33,15,1231.93
ORD106125,CUST00845,2023-08-14,Fashion,Denim Jacket,West,Credit Card,1,1914.48,0,1914.48
ORD101747,CUST01194,2024-01-22,Beauty,Perfume,North,UPI,1,1272.59,10,1145.33
ORD104641,CUST00402,2023-10-21,Sports,Resistance Bands,South,UPI,1,609.25,20,487.4
ORD107096,CUST01086,2024-09-05,Fashion,Denim Jacket,North,Cash on Delivery,1,1433.73,20,1146.98
ORD103872,CUST00030,2023-04-24,Fashion,Sunglasses,East,UPI,1,1397.84,10,1258.06
ORD102498,CUST00579,2023-02-02,Books,Fiction Novel,North,Cash on Delivery,1,158.25,0,158.25
ORD101712,CUST00012,2024-05-05,Books,Self-Help Book,North,Net Banking,2,423.88,0,847.76
ORD106968,CUST01027,2023-12-12,Home & Kitchen,LED Lamp,Central,UPI,2,898.27,20,1437.23
ORD104494,CUST00191,2024-05-14,Home & Kitchen,Water Bottle,West,Credit Card,1,608.0,5,577.6
ORD106150,CUST00286,2023-09-18,Sports,Yoga Mat,South,Debit Card,1,585.27,0,585.27
ORD101527,CUST01094,2024-09-14,Beauty,Face Serum,South,Debit Card,1,699.56,0,699.56
ORD107319,CUST00407,2023-10-30,Home & Kitchen,LED Lamp,South,Debit Card,3,1551.28,15,3955.76
ORD101283,CUST00954,2024-11-30,Sports,Dumbbell Set,East,Net Banking,1,1794.49,5,1704.77
ORD107885,CUST00426,2024-04-11,Electronics,Smartwatch,South,Credit Card,1,3911.46,30,2738.02
ORD103024,CUST00028,2024-09-20,Fashion,Running Shoes,South,Credit Card,2,2310.14,0,4620.28
ORD107878,CUST00295,2024-05-27,Electronics,Wireless Earbuds,South,Debit Card,1,1908.97,0,1908.97
ORD101921,CUST00918,2024-04-28,Home & Kitchen,Water Bottle,East,Cash on Delivery,1,246.92,0,246.92
ORD106474,CUST00917,2024-08-10,Fashion,Cotton T-Shirt,East,Credit Card,2,2251.23,15,3827.09
ORD104375,CUST01055,2024-12-08,Fashion,Leather Wallet,South,Net Banking,1,2312.16,15,1965.34
ORD108345,CUST00245,2024-08-15,Sports,Cycling Gloves,,Net Banking,2,1057.83,0,2115.66
ORD104033,CUST00191,2024-07-12,Electronics,Smartwatch,South,,1,2198.11,10,1978.3
ORD106360,CUST00916,2023-11-25,Electronics,Power Bank,North,Net Banking,1,2190.8,15,1862.18
ORD102757,CUST00837,2024-11-24,Beauty,Hair Dryer,North,Credit Card,1,1315.78,5,1249.99
ORD107123,CUST00989,2023-01-16,Fashion,Sunglasses,East,UPI,2,2360.16,0,4720.32
ORD102825,CUST00073,2024-08-01,Home & Kitchen,LED Lamp,West,UPI,1,1170.61,5,1112.08
ORD105591,CUST01135,2024-11-13,Home & Kitchen,Non-stick Pan,West,Credit Card,1,1315.9,10,1184.31
ORD108154,CUST00892,2024-12-26,Fashion,Running Shoes,North,Cash on Delivery,1,941.22,0,941.22
ORD105178,CUST00217,2024-10-04,Fashion,Denim Jacket,North,UPI,1,497.64,10,447.88
ORD102607,CUST00541,2023-02-20,Sports,Resistance Bands,Central,Cash on Delivery,1,1982.07,5,1882.97
ORD101369,CUST00395,2024-11-02,Electronics,Smartwatch,West,Credit Card,2,1654.03,0,3308.06
ORD103277,CUST00278,2024-09-07,electronics,Wireless Earbuds,North,Cash on Delivery,2,1964.49,0,3928.98
ORD106563,CUST00048,2023-01-30,Fashion,Running Shoes,East,UPI,1,434.73,0,434.73
ORD104471,CUST00904,2024-12-02,Fashion,Running Shoes,North,Net Banking,1,1910.28,5,1814.77
ORD106202,CUST00884,2024-04-26,Home & Kitchen,Non-stick Pan,North,Credit Card,1,1641.03,0,1641.03
ORD106614,CUST00462,2024-01-31,Electronics,Bluetooth Speaker,North,Credit Card,1,3879.53,0,3879.53
ORD101528,CUST00710,2024-05-17,Fashion,Cotton T-Shirt,North,Cash on Delivery,2,1480.15,10,2664.27
ORD106042,CUST01156,2024-12-20,Fashion,Sunglasses,East,Credit Card,1,1566.52,30,1096.56
ORD104529,CUST01192,2023-05-26,Electronics,Bluetooth Speaker,South,UPI,1,2770.97,5,2632.42
ORD105303,CUST00822,2023-11-18,Fashion,Cotton T-Shirt,North,Credit Card,1,2360.34,0,2360.34
ORD101483,CUST00659,2024-09-27,Fashion,Leather Wallet,South,Debit Card,1,653.13,0,653.13
ORD105001,CUST00917,2024-07-20,Fashion,Running Shoes,Central,Net Banking,1,1954.87,0,1954.87
ORD107119,CUST00124,2024-10-05,Electronics,Smartwatch,South,UPI,1,1989.19,5,1889.73
ORD108006,CUST00541,2023-05-08,Electronics,Wireless Earbuds,South,Credit Card,1,1679.04,0,1679.04
ORD102605,CUST00734,2024-07-12,electronics,Smartwatch,Central,Net Banking,2,4387.47,0,8774.94
ORD107570,CUST00375,2023-02-05,Electronics,Wireless Earbuds,East,UPI,2,3486.78,0,6973.56
ORD101759,CUST00199,2024-09-13,Home & Kitchen,Storage Organizer,West,UPI,2,1552.08,0,3104.16
ORD107737,CUST01176,2023-09-27,home & kitchen,Water Bottle,West,UPI,1,1129.43,5,1072.96
ORD100342,CUST01157,2024-04-22,Books,Fiction Novel,East,UPI,1,618.74,0,618.74
ORD102621,CUST00518,2024-12-09,Sports,Cricket Bat,Central,UPI,1,2704.33,5,2569.11
ORD107093,CUST01140,2024-02-11,Electronics,Smartwatch,Central,UPI,2,2335.58,0,4671.16
ORD105981,CUST00221,2023-08-14,Beauty,Hair Dryer,South,,1,1476.71,5,1402.87
ORD108121,CUST00385,2024-01-26,Electronics,Power Bank,East,Debit Card,1,1715.48,0,1715.48
ORD100390,CUST00847,2024-02-07,Beauty,Lip Balm Set,West,Net Banking,1,159.98,0,159.98
ORD100127,CUST00276,2024-10-07,Electronics,Wireless Earbuds,Central,UPI,1,1762.88,0,1762.88
ORD103641,CUST00812,2024-06-10,Books,Cookbook,Central,UPI,1,689.23,5,654.77
ORD100609,CUST00061,2024-04-06,Books,Business Biography,West,Debit Card,1,324.53,5,308.3
ORD101453,CUST00916,2024-04-10,Home & Kitchen,LED Lamp,Central,Net Banking,2,1910.8,0,3821.6
ORD105626,CUST01100,2023-03-26,Electronics,Wireless Earbuds,Central,UPI,1,4378.22,0,4378.22
ORD104445,CUST00745,2023-06-12,Electronics,Wireless Earbuds,North,UPI,1,3217.15,10,2895.44
ORD105220,CUST00128,2024-02-15,Sports,Cricket Bat,East,UPI,1,2330.29,5,2213.78
ORD104460,CUST01158,2023-11-27,Fashion,Denim Jacket,East,UPI,1,1472.54,0,1472.54
ORD101576,CUST00928,2024-08-12,Home & Kitchen,LED Lamp,East,UPI,1,713.47,15,606.45
ORD101038,CUST01155,2024-06-23,electronics,Laptop Sleeve,West,UPI,1,3435.86,10,3092.27
ORD102783,CUST00051,2024-07-02,Fashion,Sunglasses,East,Credit Card,1,2108.47,0,2108.47
ORD107966,CUST01001,2024-09-13,Electronics,Wireless Earbuds,East,Credit Card,2,3869.83,15,6578.71
ORD106557,CUST00310,2024-03-21,Home & Kitchen,Cushion Cover,East,Debit Card,1,1575.02,0,1575.02
ORD105996,CUST00574,2024-02-23,Beauty,Sunscreen SPF50,Central,UPI,1,765.93,5,727.63
ORD108748,CUST00221,2023-08-05,Electronics,Bluetooth Speaker,North,Credit Card,1,848.86,5,806.42
ORD102937,CUST00132,2024-07-09,Electronics,Wireless Earbuds,North,Debit Card,1,3832.23,10,3449.01
ORD107591,CUST00758,2024-07-06,Fashion,Running Shoes,North,Net Banking,1,688.0,0,688.0
ORD102689,CUST00916,2024-06-14,Sports,Dumbbell Set,Central,UPI,1,1996.96,0,1996.96
ORD101771,CUST00731,2023-12-02,Electronics,Smartwatch,East,Credit Card,2,1636.03,0,3272.06
ORD105186,CUST00983,2024-09-22,Beauty,Sunscreen SPF50,North,Debit Card,1,956.47,0,956.47
ORD101269,CUST00382,2024-05-05,Sports,Yoga Mat,Central,Cash on Delivery,1,736.95,30,515.86
ORD105067,CUST01138,2023-10-16,Sports,Dumbbell Set,,Net Banking,1,2916.35,5,2770.53
ORD106985,CUST01177,2023-08-20,Sports,Yoga Mat,West,UPI,2,2146.63,15,3649.27
ORD107634,CUST00397,2024-11-22,Electronics,Bluetooth Speaker,North,UPI,1,3805.02,5,3614.77
ORD100404,CUST00970,2023-11-11,Home & Kitchen,Storage Organizer,East,Debit Card,1,1170.54,10,1053.49
ORD104240,CUST00471,2024-04-20,Electronics,Power Bank,Central,Debit Card,2,3885.44,10,6993.79
ORD106039,CUST00773,2024-07-27,books,Self-Help Book,Central,UPI,3,651.61,10,1759.35
ORD104655,CUST00970,2024-05-16,Fashion,Denim Jacket,North,Debit Card,3,2172.72,15,5540.44
ORD103361,CUST00731,2024-08-26,Sports,Cricket Bat,Central,Cash on Delivery,1,1072.17,5,1018.56
ORD101883,CUST00322,2024-08-14,Fashion,Running Shoes,East,UPI,1,1100.43,0,1100.43
ORD108094,CUST00838,2024-06-14,Sports,Cycling Gloves,East,UPI,2,1153.97,0,2307.94
ORD104009,CUST00690,2024-05-09,Books,Self-Help Book,North,Credit Card,1,626.5,0,626.5
ORD102853,CUST00731,2023-10-25,Books,Business Biography,North,Credit Card,2,564.59,10,1016.26
ORD107154,CUST00221,2024-09-19,Beauty,Sunscreen SPF50,North,Credit Card,1,897.28,0,897.28
ORD108324,CUST00128,2024-02-04,Electronics,Wireless Earbuds,East,Cash on Delivery,1,2431.93,5,2310.33
ORD101723,CUST00128,2024-07-12,Home & Kitchen,Non-stick Pan,West,UPI,1,1933.11,10,1739.8
ORD105356,CUST00047,2024-11-15,Electronics,Laptop Sleeve,North,Debit Card,2,2178.33,15,3703.16
ORD103066,CUST00905,2024-10-06,Electronics,Laptop Sleeve,North,Cash on Delivery,1,2961.57,15,2517.33
ORD107149,CUST01074,2023-09-15,Home & Kitchen,Water Bottle,Central,Credit Card,1,1878.07,30,1314.65
ORD105224,CUST01116,2023-11-26,Fashion,Denim Jacket,Central,UPI,3,997.33,15,2543.19
ORD108234,CUST00334,2024-10-01,Books,Cookbook,South,UPI,2,539.31,5,1024.69
ORD102979,CUST00425,2024-02-17,Fashion,Sunglasses,South,,1,2011.9,0,2011.9
ORD108491,CUST00307,2024-11-21,Electronics,Laptop Sleeve,Central,UPI,1,3785.1,20,3028.08
ORD100132,CUST00783,2023-04-07,Beauty,Perfume,West,UPI,1,373.13,10,335.82
ORD100371,CUST00128,2024-03-01,Home & Kitchen,Cushion Cover,West,UPI,1,342.58,0,342.58
ORD103340,CUST00250,2024-01-28,Electronics,Power Bank,East,UPI,2,1208.75,0,2417.5
ORD106991,CUST00005,2023-04-16,Beauty,Lip Balm Set,Central,Credit Card,1,477.25,0,477.25
ORD104105,CUST00736,2023-08-25,Fashion,Sunglasses,Central,Credit Card,1,2021.04,0,2021.04
ORD100328,CUST00385,2024-06-16,Fashion,Denim Jacket,West,Credit Card,1,1404.42,5,1334.2
ORD104570,CUST00824,2023-10-01,Electronics,Wireless Earbuds,South,Credit Card,1,1810.17,0,1810.17
ORD102697,CUST00771,2024-08-15,Fashion,Cotton T-Shirt,Central,UPI,1,571.57,0,571.57
ORD106019,CUST00361,2023-07-17,Fashion,Leather Wallet,Central,Credit Card,1,1938.49,5,1841.57
ORD106164,CUST00557,2024-03-09,Electronics,Bluetooth Speaker,West,Debit Card,1,3724.48,0,3724.48
ORD106807,CUST00133,2024-10-10,Electronics,Bluetooth Speaker,North,UPI,1,2956.29,0,2956.29
ORD106177,CUST00529,2023-10-19,Home & Kitchen,Water Bottle,South,Debit Card,1,1846.56,0,1846.56
ORD102604,CUST00654,2024-08-26,Books,Self-Help Book,North,Cash on Delivery,1,565.84,5,537.55
ORD107852,CUST00550,2024-12-03,Electronics,Bluetooth Speaker,East,UPI,3,3541.35,5,10092.85
ORD105786,CUST00063,2024-06-02,fashion,Cotton T-Shirt,North,Credit Card,1,518.87,15,441.04
ORD104714,CUST01176,2023-12-08,Home & Kitchen,Non-stick Pan,West,Credit Card,1,1884.75,30,1319.32
ORD104817,CUST00199,2024-10-21,Electronics,Smartwatch,Central,UPI,1,3067.03,0,3067.03
ORD100167,CUST00404,2024-07-28,Electronics,Smartwatch,West,Debit Card,1,2557.32,20,2045.86
ORD105416,CUST00738,2023-08-15,Electronics,Bluetooth Speaker,North,UPI,1,2580.64,5,2451.61
ORD104045,CUST00738,2023-09-24,Home & Kitchen,Cushion Cover,West,Net Banking,2,611.76,20,978.82
ORD105199,CUST00115,2024-04-05,Sports,Resistance Bands,,Credit Card,2,736.69,0,1473.38
ORD108321,CUST00550,2024-02-29,Sports,Yoga Mat,West,Cash on Delivery,1,2455.25,15,2086.96
ORD106521,CUST00818,2024-07-25,Sports,Yoga Mat,North,Debit Card,1,1809.9,0,1809.9
ORD102343,CUST00807,2024-04-20,Electronics,Power Bank,Central,Net Banking,1,984.86,0,984.86
ORD101958,CUST01095,2024-04-02,Books,Business Biography,East,UPI,2,595.35,0,1190.7
ORD103552,CUST01183,2023-12-04,Fashion,Sunglasses,North,UPI,1,2420.2,0,2420.2
ORD104095,CUST00115,2023-10-23,Fashion,Sunglasses,South,UPI,1,2083.55,20,1666.84
ORD105162,CUST00778,2024-07-14,Sports,Yoga Mat,West,UPI,1,320.37,15,272.31
ORD105477,CUST00465,2023-08-24,Sports,Resistance Bands,West,Debit Card,2,2831.49,0,5662.98
ORD102496,CUST00404,2024-12-01,Fashion,Denim Jacket,Central,Credit Card,1,1016.94,0,1016.94
ORD101699,CUST01190,2024-04-08,Electronics,Wireless Earbuds,North,Net Banking,2,2740.19,0,5480.38
ORD100361,CUST00346,2023-10-11,Electronics,Laptop Sleeve,East,UPI,2,2407.76,0,4815.52
ORD100099,CUST00138,2023-07-16,Fashion,Denim Jacket,North,Credit Card,1,1860.51,10,1674.46
ORD107238,CUST00120,2024-12-29,Home & Kitchen,LED Lamp,Central,UPI,2,908.6,0,1817.2
ORD102792,CUST00972,2024-11-07,Fashion,Leather Wallet,West,Credit Card,1,1141.35,10,1027.21
ORD104532,CUST01160,2024-09-26,Fashion,Running Shoes,Central,Cash on Delivery,1,1202.89,0,1202.89
ORD104236,CUST00698,2023-08-19,Books,Fiction Novel,West,Debit Card,4,483.41,10,1740.28
ORD100722,CUST00937,2024-03-30,Books,Self-Help Book,East,Net Banking,1,168.96,0,168.96
ORD105314,CUST01116,2023-05-10,Electronics,Bluetooth Speaker,South,Cash on Delivery,1,2934.57,0,2934.57
ORD106674,CUST00656,2024-03-13,Beauty,Sunscreen SPF50,East,Debit Card,1,1155.29,0,1155.29
ORD104174,CUST00877,2024-05-15,Beauty,Lip Balm Set,East,UPI,1,769.55,0,769.55
ORD102750,CUST01146,2024-06-16,Fashion,Denim Jacket,,Debit Card,1,1627.13,0,1627.13
ORD104368,CUST00918,2023-11-15,Electronics,Smartwatch,South,UPI,1,3516.02,0,3516.02
ORD103415,CUST00022,2024-05-11,Beauty,Perfume,South,Credit Card,1,1128.3,0,1128.3
ORD102335,CUST01080,2024-04-30,Books,Kids Storybook,Central,Debit Card,1,749.51,0,749.51
ORD108745,CUST00298,2024-01-28,Electronics,Smartwatch,East,,2,3698.35,5,7026.86
ORD108617,CUST00308,2023-03-01,Beauty,Face Serum,South,UPI,1,1391.5,15,1182.77
ORD102652,CUST00385,2024-09-08,electronics,Smartwatch,Central,Net Banking,1,4313.84,0,4313.84
ORD105730,CUST00700,2024-01-21,Home & Kitchen,Storage Organizer,South,UPI,1,757.94,5,720.04
ORD103505,CUST01150,2024-04-12,fashion,Leather Wallet,West,UPI,1,1064.78,0,1064.78
ORD105173,CUST00493,2024-11-30,Sports,Dumbbell Set,East,UPI,2,1978.64,5,3759.42
ORD106436,CUST00538,2023-12-09,Sports,Cycling Gloves,West,Debit Card,1,2005.16,0,2005.16
ORD101621,CUST00257,2023-01-21,Beauty,Lip Balm Set,Central,Cash on Delivery,1,639.72,0,639.72
ORD102254,CUST00776,2024-03-11,Beauty,Sunscreen SPF50,Central,Cash on Delivery,1,1134.49,0,1134.49
ORD104666,CUST00699,2024-05-01,Fashion,Denim Jacket,North,Credit Card,1,745.49,15,633.67
ORD102561,CUST00046,2024-08-31,Home & Kitchen,Cushion Cover,Central,Net Banking,1,486.97,0,486.97
ORD106491,CUST00061,2024-09-07,Fashion,Sunglasses,South,UPI,2,1882.1,5,3575.99
ORD104466,CUST00894,2024-06-17,Sports,Cycling Gloves,South,UPI,1,1381.96,0,1381.96
ORD106340,CUST00090,2023-06-23,Beauty,Hair Dryer,Central,Net Banking,1,317.45,0,317.45
ORD103217,CUST00587,2023-08-02,Home & Kitchen,LED Lamp,North,UPI,1,423.75,0,423.75
ORD105755,CUST00580,2023-03-17,Books,Kids Storybook,North,Credit Card,1,404.02,0,404.02
ORD107337,CUST00043,2023-09-16,Fashion,Leather Wallet,South,Credit Card,1,843.89,0,843.89
ORD108627,CUST00191,2024-08-11,Electronics,Power Bank,Central,Credit Card,1,1395.54,10,1255.99
ORD102463,CUST00706,2023-11-15,Home & Kitchen,Storage Organizer,West,Cash on Delivery,1,507.61,5,482.23
ORD103738,CUST00016,2023-04-15,Home & Kitchen,LED Lamp,West,Debit Card,1,1997.29,5,1897.43
ORD102006,CUST00590,2024-11-12,Home & Kitchen,Non-stick Pan,West,UPI,2,470.66,5,894.25
ORD100755,CUST00586,2024-10-25,Home & Kitchen,Storage Organizer,South,Net Banking,1,202.44,10,182.2
ORD100315,CUST00245,2024-08-17,Electronics,Laptop Sleeve,West,Cash on Delivery,1,2586.55,0,2586.55
ORD108588,CUST00299,2024-04-18,Fashion,Leather Wallet,Central,UPI,1,2255.58,0,2255.58
ORD108366,CUST00983,2024-07-28,Books,Fiction Novel,South,Net Banking,1,200.64,20,160.51
ORD102650,CUST00083,2024-02-27,Fashion,Running Shoes,South,Debit Card,1,589.11,5,559.65
ORD106010,CUST00177,2024-10-15,Home & Kitchen,LED Lamp,East,UPI,1,1242.47,10,1118.22
ORD100214,CUST00919,2023-01-16,Electronics,Wireless Earbuds,South,UPI,1,2394.64,0,2394.64
ORD102256,CUST00128,2024-07-29,Fashion,Sunglasses,West,Credit Card,2,430.69,0,861.38
ORD106944,CUST00022,2024-11-23,electronics,Wireless Earbuds,Central,Credit Card,2,1666.67,0,3333.34
ORD102136,CUST00120,2024-12-07,Sports,Resistance Bands,North,Cash on Delivery,1,2533.12,10,2279.81
ORD105274,CUST00626,2024-07-17,Fashion,Cotton T-Shirt,Central,UPI,2,1001.51,10,1802.72
ORD102173,CUST01073,2023-08-06,Fashion,Sunglasses,South,Debit Card,1,576.8,0,576.8
ORD100658,CUST00632,2024-08-10,Books,Self-Help Book,Central,Debit Card,1,729.68,5,693.2
ORD104756,CUST01073,2024-01-02,Fashion,Denim Jacket,South,UPI,3,2326.66,10,6281.98
ORD103853,CUST00560,2024-08-26,Home & Kitchen,Storage Organizer,South,UPI,3,1075.58,10,2904.07
ORD107308,CUST00636,2024-03-16,Home & Kitchen,Water Bottle,East,UPI,1,967.89,0,967.89
ORD108413,CUST00937,2023-12-16,Home & Kitchen,Water Bottle,West,UPI,1,403.86,0,403.86
ORD107758,CUST00089,2024-06-16,Sports,Resistance Bands,West,UPI,1,1024.34,0,1024.34
ORD108198,CUST00703,2023-11-20,Fashion,Leather Wallet,Central,UPI,1,1497.08,10,1347.37
ORD103016,CUST00114,2023-05-08,Home & Kitchen,Non-stick Pan,Central,Debit Card,1,218.43,0,218.43
ORD106612,CUST00923,2023-05-09,Sports,Resistance Bands,South,UPI,1,988.86,0,988.86
ORD107520,CUST00464,2024-04-06,Electronics,Power Bank,West,Debit Card,1,1881.89,0,1881.89
ORD106263,CUST01189,2023-12-02,Fashion,Denim Jacket,South,Credit Card,1,898.21,0,898.21
ORD100336,CUST01017,2024-12-25,Fashion,Denim Jacket,West,UPI,1,2182.21,0,2182.21
ORD104915,CUST00067,2024-07-24,Fashion,Denim Jacket,North,Credit Card,2,500.13,30,700.18
ORD101509,CUST00974,2024-04-24,Sports,Cycling Gloves,East,UPI,1,1126.91,0,1126.91
ORD101308,CUST00962,2024-12-22,Fashion,Denim Jacket,West,Debit Card,2,653.57,0,1307.14
ORD102109,CUST00571,2023-10-31,Home & Kitchen,LED Lamp,South,UPI,1,1758.37,20,1406.7
ORD100746,CUST00550,2024-07-19,Home & Kitchen,LED Lamp,Central,UPI,1,1077.65,5,1023.77
ORD106519,CUST00931,2024-04-09,Electronics,Laptop Sleeve,West,Credit Card,1,2038.0,0,2038.0
ORD105307,CUST00742,2024-08-07,Home & Kitchen,Water Bottle,North,UPI,1,447.99,5,425.59
ORD105604,CUST00308,2024-08-15,Home & Kitchen,Non-stick Pan,Central,Cash on Delivery,1,1214.83,10,1093.35
ORD104685,CUST00509,2023-10-01,Sports,Cycling Gloves,Central,Credit Card,1,1503.17,0,1503.17
ORD107597,CUST00404,2024-11-17,Home & Kitchen,Storage Organizer,,UPI,1,1644.36,0,1644.36
ORD103769,CUST00322,2024-08-02,Home & Kitchen,Cushion Cover,East,Credit Card,1,1613.21,0,1613.21
ORD107474,CUST00773,2024-07-21,Books,Fiction Novel,North,UPI,2,666.38,15,1132.85
ORD105574,CUST00711,2024-10-01,Fashion,Denim Jacket,West,UPI,1,1274.12,0,1274.12
ORD106802,CUST00253,2024-01-26,Sports,Cycling Gloves,Central,UPI,3,1337.05,15,3409.48
ORD107569,CUST00210,2024-04-10,Home & Kitchen,Storage Organizer,East,Cash on Delivery,1,1075.2,15,913.92
ORD101981,CUST00617,2023-06-01,Sports,Cricket Bat,North,UPI,2,933.84,5,1774.3
ORD103613,CUST00120,2024-11-26,Electronics,Smartwatch,South,Debit Card,1,1792.63,0,1792.63
ORD106769,CUST00371,2024-07-10,Fashion,Denim Jacket,Central,Debit Card,2,1604.47,5,3048.49
ORD102494,CUST00470,2024-11-09,Books,Business Biography,South,Debit Card,1,410.41,5,389.89
ORD105549,CUST01013,2024-12-24,Electronics,Smartwatch,East,Cash on Delivery,1,2227.51,0,2227.51
ORD104490,CUST00097,2024-12-07,Electronics,Laptop Sleeve,South,UPI,1,942.57,0,942.57
ORD104622,CUST00338,2024-07-02,Fashion,Running Shoes,Central,Net Banking,1,1224.11,15,1040.49
ORD107527,CUST00091,2023-06-11,Fashion,Running Shoes,West,Debit Card,1,1236.71,10,1113.04
ORD108335,CUST00099,2023-07-28,Beauty,Perfume,Central,UPI,1,1341.24,5,1274.18
ORD102972,CUST00827,2024-02-13,Electronics,Laptop Sleeve,North,Credit Card,1,3178.16,0,3178.16
ORD105953,CUST00128,2024-06-29,Sports,Cycling Gloves,Central,Cash on Delivery,1,736.34,20,589.07
ORD100289,CUST00336,2023-02-18,Electronics,Wireless Earbuds,East,Debit Card,1,3498.45,0,3498.45
ORD105417,CUST00855,2024-09-07,Electronics,Laptop Sleeve,Central,Debit Card,1,3826.0,10,3443.4
ORD101801,CUST00030,2023-08-31,Books,Kids Storybook,West,UPI,1,280.35,10,252.32
ORD107080,CUST00507,2023-07-03,Sports,Cycling Gloves,Central,Cash on Delivery,1,1712.88,5,1627.24
ORD107435,CUST00424,2023-05-21,Fashion,Running Shoes,East,Credit Card,1,1677.08,5,1593.23
ORD102882,CUST00031,2024-08-25,Electronics,Power Bank,East,Debit Card,1,1684.95,5,1600.7
ORD100920,CUST00882,2023-09-12,Sports,Resistance Bands,North,,1,2048.23,0,2048.23
ORD104302,CUST00038,2024-12-06,Home & Kitchen,Storage Organizer,East,Debit Card,1,1769.68,0,1769.68
ORD103181,CUST00325,2023-10-13,Fashion,Leather Wallet,South,Credit Card,2,2101.01,10,3781.82
ORD107121,CUST01072,2024-04-18,Electronics,Laptop Sleeve,Central,Debit Card,4,2428.66,0,9714.64
ORD101919,CUST00894,2024-05-02,Home & Kitchen,LED Lamp,South,UPI,2,1731.08,0,3462.16
ORD102916,CUST01140,2024-02-06,Electronics,Wireless Earbuds,Central,Credit Card,1,821.67,5,780.59
ORD101058,CUST00984,2024-01-28,Electronics,Laptop Sleeve,Central,Debit Card,3,2381.46,0,7144.38
ORD106058,CUST00631,2023-09-07,Beauty,Perfume,South,Debit Card,2,1170.41,0,2340.82
ORD101715,CUST00151,2024-08-25,Home & Kitchen,Water Bottle,North,UPI,2,1977.89,5,3757.99
ORD103673,CUST00958,2024-04-10,Sports,Yoga Mat,Central,Debit Card,1,350.51,0,-350.51
ORD104245,CUST00579,2023-10-10,Electronics,Power Bank,North,Cash on Delivery,1,1502.95,0,1502.95
ORD100513,CUST00944,2024-08-21,Electronics,Laptop Sleeve,South,Credit Card,1,3564.77,5,3386.53
ORD100845,CUST01055,2024-11-20,Electronics,Bluetooth Speaker,West,Net Banking,2,4449.86,5,8454.73
ORD108487,CUST00659,2023-07-31,electronics,Power Bank,,Credit Card,2,2670.8,0,5341.6
ORD104583,CUST00317,2024-11-26,Fashion,Denim Jacket,North,Credit Card,1,490.79,10,441.71
ORD101342,CUST00288,2024-02-18,Home & Kitchen,LED Lamp,South,Cash on Delivery,1,1320.16,15,1122.14
ORD106053,CUST00214,2024-12-20,Beauty,Perfume,West,Net Banking,1,151.14,0,151.14
ORD108914,CUST00916,2023-08-21,Electronics,Laptop Sleeve,West,Credit Card,2,3230.17,0,6460.34
ORD102050,CUST00211,2024-10-21,Home & Kitchen,Cushion Cover,East,Debit Card,1,967.06,10,870.35
ORD102832,CUST00380,2024-06-03,Electronics,Smartwatch,West,UPI,1,3113.47,0,3113.47
ORD107561,CUST00337,2023-11-07,Beauty,Hair Dryer,Central,UPI,1,891.12,0,891.12
ORD105072,CUST00252,2024-03-23,Home & Kitchen,Non-stick Pan,East,Credit Card,1,1800.64,0,1800.64
ORD106598,CUST01067,2024-09-07,Home & Kitchen,LED Lamp,East,UPI,2,1081.87,15,1839.18
ORD105181,CUST00293,2024-06-16,Home & Kitchen,Storage Organizer,Central,UPI,1,881.02,0,881.02
ORD100073,CUST00579,2023-04-21,Fashion,Running Shoes,East,Credit Card,1,1758.62,15,1494.83
ORD101489,CUST00447,2023-04-04,Fashion,Sunglasses,Central,Credit Card,1,1031.38,10,928.24
ORD107950,CUST01115,2024-11-12,Sports,Resistance Bands,Central,UPI,2,2965.12,0,5930.24
ORD100391,CUST00446,2024-05-06,Fashion,Running Shoes,West,UPI,1,886.95,10,798.26
ORD107877,CUST00050,2024-08-03,Home & Kitchen,Water Bottle,West,UPI,1,872.48,0,872.48
ORD100825,CUST01055,2024-11-17,Sports,Cricket Bat,East,Debit Card,1,1362.0,10,1225.8
ORD106290,CUST00108,2024-11-16,Home & Kitchen,LED Lamp,Central,,2,1412.46,5,2683.67
ORD103922,CUST00396,2023-12-06,Electronics,Power Bank,Central,Credit Card,1,4471.7,20,3577.36
ORD101812,CUST00335,2023-06-06,Home & Kitchen,Water Bottle,Central,UPI,2,446.46,0,892.92
ORD100492,CUST00375,2023-02-24,Electronics,Wireless Earbuds,North,Credit Card,1,1967.04,15,1671.98
ORD106927,CUST00451,2023-04-15,Home & Kitchen,Cushion Cover,West,Debit Card,3,1579.22,15,4027.01
ORD107710,CUST00587,2024-11-13,Electronics,Smartwatch,South,Credit Card,1,2022.5,0,2022.5
ORD104548,CUST00118,2024-08-25,Electronics,Power Bank,East,Credit Card,2,2688.64,0,5377.28
ORD106244,CUST00731,2023-12-02,Beauty,Perfume,East,Debit Card,1,679.77,15,577.8
ORD105418,CUST00793,2024-08-01,Beauty,Hair Dryer,North,Credit Card,2,713.39,5,1355.44
ORD106778,CUST00916,2024-06-14,Fashion,Cotton T-Shirt,East,Credit Card,1,2211.99,0,2211.99
ORD100649,CUST00647,2024-03-21,Books,Kids Storybook,West,UPI,2,323.48,0,646.96
ORD104369,CUST00507,2023-10-27,home & kitchen,Water Bottle,North,Net Banking,1,752.38,10,677.14
ORD105478,CUST01065,2023-09-12,Sports,Cricket Bat,Central,Credit Card,2,2987.99,15,5079.58
ORD105694,CUST00937,2024-02-04,Books,Cookbook,East,Cash on Delivery,2,605.37,5,1150.2
ORD105454,CUST00267,2024-11-05,Beauty,Lip Balm Set,East,UPI,2,788.4,0,1576.8
ORD106141,CUST00586,2024-11-06,Beauty,Hair Dryer,West,Credit Card,2,379.81,15,645.68
ORD103464,CUST00865,2023-10-20,Home & Kitchen,Water Bottle,West,UPI,3,1226.38,0,3679.14
ORD105110,CUST00983,2024-07-31,Electronics,Smartwatch,West,Debit Card,1,996.36,10,896.72
ORD108382,CUST01155,2023-06-27,Books,Business Biography,South,UPI,2,576.98,0,1153.96
ORD102748,CUST01074,2023-06-06,Fashion,Leather Wallet,West,Cash on Delivery,1,770.97,10,693.87
ORD100255,CUST00034,2023-06-09,Electronics,Laptop Sleeve,East,UPI,1,1740.77,5,1653.73
ORD101684,CUST00647,2023-09-12,Fashion,Sunglasses,North,UPI,1,1557.98,10,1402.18
ORD104626,CUST00322,2024-06-25,Electronics,Power Bank,North,Cash on Delivery,2,2906.32,15,4940.74
ORD103893,CUST00426,2024-02-03,Fashion,Cotton T-Shirt,Central,Debit Card,2,1727.45,10,3109.41
ORD105536,CUST00954,2024-11-27,Electronics,Wireless Earbuds,North,Debit Card,1,3364.27,0,3364.27
ORD100942,CUST01053,2024-05-22,Home & Kitchen,LED Lamp,West,Debit Card,2,1472.22,0,2944.44
ORD105580,CUST00511,2024-10-26,Beauty,Hair Dryer,South,Debit Card,1,927.79,0,927.79
ORD100868,CUST00397,2024-11-27,Beauty,Face Serum,East,Credit Card,1,490.56,20,392.45
ORD104023,CUST00602,2024-10-20,Books,Cookbook,Central,Credit Card,2,527.31,0,1054.62
ORD100432,CUST01176,2024-02-22,Fashion,Sunglasses,South,Credit Card,1,2293.42,0,2293.42
ORD105305,CUST00046,2024-07-23,Beauty,Sunscreen SPF50,North,Debit Card,1,824.04,10,741.64
ORD102354,CUST00252,2023-09-23,Electronics,Smartwatch,North,Cash on Delivery,1,1434.97,15,1219.72
ORD104828,CUST00013,2024-09-28,Home & Kitchen,LED Lamp,Central,Credit Card,1,1757.44,0,1757.44
ORD106596,CUST00845,2024-01-28,Books,Self-Help Book,West,Net Banking,2,480.1,10,864.18
ORD100773,CUST00128,2024-02-13,Home & Kitchen,Cushion Cover,South,Credit Card,2,554.48,15,942.62
ORD108915,CUST00731,2023-03-09,Home & Kitchen,LED Lamp,Central,UPI,2,714.65,10,1286.37
ORD105754,CUST00455,2023-09-24,Books,Cookbook,East,Debit Card,2,600.98,10,1081.76
ORD106692,CUST00513,2023-04-11,Electronics,Power Bank,North,UPI,1,4088.57,30,2862.0
ORD100953,CUST00406,2024-11-17,Fashion,Leather Wallet,Central,Credit Card,2,476.74,0,953.48
ORD107717,CUST00123,2024-04-06,Electronics,Laptop Sleeve,East,Debit Card,1,2097.23,10,1887.51
ORD102053,CUST00644,2023-07-11,Beauty,Sunscreen SPF50,East,UPI,1,902.28,15,766.94
ORD105812,CUST00395,2023-12-23,books,Kids Storybook,Central,Credit Card,3,369.32,15,941.77
ORD102838,CUST00152,2024-11-29,Fashion,Sunglasses,West,Cash on Delivery,1,483.53,0,483.53
ORD100742,CUST00910,2024-08-29,Books,Business Biography,Central,Net Banking,1,676.7,0,676.7
ORD102985,CUST00564,2024-08-17,Electronics,Laptop Sleeve,East,Net Banking,1,2932.12,5,2785.51
ORD103086,CUST00587,2024-03-14,Electronics,Power Bank,South,Credit Card,1,2836.05,10,2552.45
ORD104279,CUST00454,2024-06-02,Electronics,Power Bank,West,Debit Card,1,1026.33,20,821.06
ORD102057,CUST00324,2024-04-04,Books,Kids Storybook,North,UPI,1,473.96,20,379.17
ORD104080,CUST00048,2023-02-27,Electronics,Laptop Sleeve,North,Debit Card,2,3020.27,5,5738.51
ORD105949,CUST00120,2024-11-20,Sports,Cycling Gloves,South,UPI,1,1342.78,10,1208.5
ORD100116,CUST00677,2024-06-02,Books,Self-Help Book,East,Net Banking,1,441.91,0,441.91
ORD102922,CUST00081,2024-08-30,Books,Fiction Novel,East,Debit Card,1,586.1,0,586.1
ORD105555,CUST00028,2024-07-26,Fashion,Cotton T-Shirt,South,UPI,2,2275.84,15,3868.93
ORD103390,CUST00488,2024-09-15,Electronics,Power Bank,West,UPI,1,1965.09,0,1965.09
ORD104804,CUST00136,2023-09-20,Beauty,Hair Dryer,Central,UPI,1,738.2,0,738.2
ORD103058,CUST00865,2024-01-17,Electronics,Smartwatch,South,UPI,1,3885.65,30,2719.96
ORD101351,CUST00227,2024-06-09,Home & Kitchen,Water Bottle,Central,UPI,1,1676.62,0,1676.62
ORD104267,CUST00855,2024-03-25,Books,Kids Storybook,East,UPI,1,284.87,0,284.87
ORD108621,CUST00128,2024-04-18,Fashion,Leather Wallet,South,Credit Card,1,2495.42,0,2495.42
ORD105817,CUST01039,2024-09-05,Home & Kitchen,Water Bottle,North,Cash on Delivery,2,399.66,15,679.42
ORD106235,CUST01146,2023-07-07,Fashion,Running Shoes,West,Cash on Delivery,1,1790.7,10,1611.63
ORD108576,CUST00884,2024-09-19,Electronics,Laptop Sleeve,North,UPI,1,3772.96,0,3772.96
ORD102901,CUST00862,2024-08-22,Electronics,Power Bank,Central,Credit Card,1,4147.95,0,4147.95
ORD106086,CUST00692,2024-09-19,Sports,Yoga Mat,South,Debit Card,1,2614.9,0,2614.9
ORD100082,CUST00120,2024-11-29,fashion,Running Shoes,North,Cash on Delivery,1,2458.52,0,2458.52
ORD103234,CUST00270,2024-11-08,Fashion,Denim Jacket,East,Cash on Delivery,3,1163.39,20,2792.14
ORD102366,CUST01169,2024-03-17,Fashion,Leather Wallet,West,UPI,2,1145.5,10,2061.9
ORD105396,CUST00302,2024-12-26,Electronics,Wireless Earbuds,Central,Net Banking,3,2860.55,15,7294.4
ORD107724,CUST00077,2023-08-04,Home & Kitchen,Water Bottle,North,Net Banking,2,1371.03,10,2467.85
ORD100588,CUST00309,2024-02-12,Electronics,Laptop Sleeve,East,Debit Card,1,4093.82,15,3479.75
ORD105170,CUST00651,2024-11-30,Books,Cookbook,Central,Credit Card,1,765.33,30,535.73
ORD103582,CUST00083,2024-01-01,Beauty,Lip Balm Set,Central,Debit Card,1,395.84,0,395.84
ORD100657,CUST00165,2024-03-31,Fashion,Cotton T-Shirt,West,UPI,1,582.97,15,495.52
ORD108443,CUST00746,2024-01-25,Sports,Cricket Bat,East,UPI,1,2916.69,0,2916.69
ORD106132,CUST01086,2024-09-02,Home & Kitchen,LED Lamp,South,Net Banking,2,438.07,0,876.14
ORD103353,CUST00340,2023-11-29,Home & Kitchen,Storage Organizer,North,UPI,2,1375.13,15,2337.72
ORD101785,CUST00893,2024-12-04,Sports,Dumbbell Set,North,Net Banking,4,1160.74,0,4642.96
ORD108586,CUST00997,2023-05-30,Beauty,Perfume,East,Credit Card,3,795.33,5,2266.69
ORD105080,CUST00885,2023-11-13,Fashion,Sunglasses,Central,Cash on Delivery,1,325.45,0,325.45
ORD105802,CUST01077,2024-10-05,Fashion,Leather Wallet,Central,Debit Card,1,698.15,5,663.24
ORD100737,CUST00751,2024-04-04,Electronics,Wireless Earbuds,South,UPI,2,2890.77,0,5781.54
ORD106747,CUST01159,2024-04-04,Fashion,Leather Wallet,South,Credit Card,1,1860.29,0,1860.29
ORD100080,CUST01150,2024-04-01,Books,Self-Help Book,East,Credit Card,1,505.46,0,505.46
ORD105973,CUST00882,2024-05-18,Electronics,Bluetooth Speaker,West,Net Banking,3,2159.09,0,6477.27
ORD106187,CUST00648,2024-03-06,Electronics,Power Bank,North,UPI,1,2673.06,0,2673.06
ORD102736,CUST00346,2023-11-16,Fashion,Leather Wallet,West,Credit Card,1,1272.16,5,1208.55
ORD104341,CUST00972,2024-06-02,Electronics,Smartwatch,Central,UPI,1,3058.14,0,3058.14
ORD105277,CUST00259,2023-11-29,Electronics,Laptop Sleeve,Central,UPI,1,3105.04,0,3105.04
ORD104927,CUST00628,2023-12-20,Home & Kitchen,Non-stick Pan,East,Credit Card,1,1780.51,0,1780.51
ORD106200,CUST01001,2024-10-05,Electronics,Wireless Earbuds,East,Credit Card,2,2067.9,0,4135.8
ORD102017,CUST00421,2023-03-22,Books,Cookbook,North,Credit Card,1,170.99,5,162.44
ORD103303,CUST00315,2023-11-01,Home & Kitchen,LED Lamp,Central,UPI,1,1674.71,20,1339.77
ORD108886,CUST00503,2024-01-10,Sports,Cycling Gloves,East,Credit Card,3,544.97,0,1634.91
ORD108417,CUST01173,2023-11-02,Sports,Cricket Bat,West,Cash on Delivery,1,353.49,0,353.49
ORD107031,CUST00701,2023-11-20,Fashion,Running Shoes,North,UPI,1,2148.14,0,2148.14
ORD100173,CUST00322,2024-07-24,Sports,Yoga Mat,Central,UPI,3,2354.19,0,7062.57
ORD104116,CUST00247,2024-05-16,Fashion,Denim Jacket,East,Debit Card,2,1770.04,10,3186.07
ORD103455,CUST00859,2024-01-08,Home & Kitchen,LED Lamp,North,Cash on Delivery,1,1979.93,0,1979.93
ORD105119,CUST00047,2024-10-17,Sports,Cycling Gloves,West,Debit Card,1,1649.54,5,1567.06
ORD104425,CUST00109,2023-10-02,Books,Fiction Novel,East,UPI,3,457.03,30,959.76
ORD101166,CUST00026,2023-10-06,Electronics,Wireless Earbuds,East,Credit Card,2,2366.34,0,4732.68
ORD100909,CUST00580,2023-10-22,Electronics,Power Bank,West,Net Banking,1,3194.52,10,2875.07
ORD101719,CUST00642,2024-11-02,Sports,Cricket Bat,Central,Cash on Delivery,1,1666.85,0,1666.85
ORD107813,CUST00468,2023-12-11,Electronics,Bluetooth Speaker,Central,Credit Card,1,2829.77,0,2829.77
ORD107399,CUST01199,2024-01-07,Books,Business Biography,West,Debit Card,1,171.18,0,171.18
ORD108542,CUST00402,2023-11-05,Fashion,Running Shoes,Central,Cash on Delivery,1,884.18,0,884.18
ORD106286,CUST00173,2023-09-29,Electronics,Smartwatch,West,Credit Card,1,1793.68,0,1793.68
ORD102031,CUST00338,2024-06-03,Electronics,Bluetooth Speaker,Central,Net Banking,1,1407.62,0,1407.62
ORD101978,CUST00580,2023-10-01,Electronics,Laptop Sleeve,North,Debit Card,3,4067.86,10,10983.22
ORD103600,CUST01136,2023-08-01,Home & Kitchen,LED Lamp,East,Credit Card,1,1777.32,5,1688.45
ORD104029,CUST00580,2024-03-06,Electronics,Bluetooth Speaker,North,Credit Card,4,1960.91,15,6667.09
ORD101974,CUST00354,2024-08-25,Fashion,Denim Jacket,West,UPI,1,1236.72,0,1236.72
ORD101945,CUST00852,2023-03-18,books,Kids Storybook,North,UPI,1,328.58,0,328.58
ORD102905,CUST00018,2024-06-12,Electronics,Bluetooth Speaker,Central,UPI,1,1838.75,0,1838.75
ORD105704,CUST00749,2023-09-03,Fashion,Sunglasses,North,UPI,1,1333.22,0,1333.22
ORD101420,CUST01180,2023-06-19,Electronics,Smartwatch,South,Debit Card,2,2361.05,10,4249.89
ORD103791,CUST01018,2024-08-07,Books,Self-Help Book,Central,Credit Card,1,360.5,15,306.42
ORD101536,CUST00723,2024-11-07,Fashion,Sunglasses,North,Credit Card,1,603.17,30,422.22
ORD104869,CUST00335,2024-09-05,Electronics,Bluetooth Speaker,East,Cash on Delivery,1,2250.02,10,2025.02
ORD104038,CUST00802,2023-04-20,Beauty,Lip Balm Set,West,Credit Card,1,480.24,0,480.24
ORD104596,CUST00887,2024-01-30,Fashion,Sunglasses,North,UPI,2,2146.56,0,4293.12
ORD105782,CUST00916,2024-02-17,Electronics,Smartwatch,East,Credit Card,1,3238.13,10,2914.32
ORD100184,CUST01013,2024-12-17,Books,Business Biography,West,UPI,1,166.23,0,166.23
ORD107071,CUST00030,2023-03-13,Home & Kitchen,LED Lamp,South,Credit Card,1,342.0,0,342.0
ORD107092,CUST00245,2023-12-08,Electronics,Power Bank,West,Debit Card,1,3870.21,0,3870.21
ORD106355,CUST00915,2023-03-11,Home & Kitchen,LED Lamp,Central,UPI,1,1116.6,10,1004.94
ORD106953,CUST01159,2024-07-09,Beauty,Hair Dryer,Central,,2,1139.95,0,2279.9
ORD100225,CUST00433,2023-06-23,Home & Kitchen,Non-stick Pan,Central,Credit Card,1,453.99,0,453.99
ORD106878,CUST01015,2023-05-30,Sports,Cycling Gloves,West,UPI,1,2916.66,5,2770.83
ORD108186,CUST00284,2024-08-09,Electronics,Wireless Earbuds,South,UPI,1,2630.05,0,2630.05
ORD101071,CUST00804,2024-09-25,Fashion,Leather Wallet,East,Debit Card,1,1544.8,0,1544.8
ORD107461,CUST00390,2024-03-10,Fashion,Running Shoes,South,UPI,2,1131.85,0,2263.7
ORD102556,CUST00175,2024-04-27,Beauty,Perfume,Central,Cash on Delivery,4,1020.71,15,3470.41
ORD103700,CUST00981,2023-12-20,Beauty,Face Serum,South,UPI,1,899.09,10,809.18
ORD104972,CUST00931,2024-05-17,Sports,Dumbbell Set,East,Credit Card,1,1903.71,0,1903.71
ORD102316,CUST00818,2024-08-01,Electronics,Bluetooth Speaker,West,UPI,2,2756.54,20,4410.46
ORD107109,CUST00268,2024-05-05,Electronics,Smartwatch,Central,Credit Card,1,1446.11,15,1229.19
ORD103796,CUST00151,2024-09-11,Electronics,Laptop Sleeve,Central,UPI,1,2369.0,0,2369.0
ORD105465,CUST00096,2023-08-22,Home & Kitchen,Storage Organizer,South,Debit Card,1,728.37,5,691.95
ORD100932,CUST01189,2023-12-15,Home & Kitchen,Water Bottle,,UPI,1,421.95,5,400.85
ORD101649,CUST00196,2024-04-10,Fashion,Running Shoes,South,Cash on Delivery,1,1390.46,20,1112.37
ORD100355,CUST00268,2023-10-01,Sports,Resistance Bands,Central,Debit Card,1,2110.1,0,2110.1
ORD100067,CUST00745,2024-03-18,beauty,Perfume,South,UPI,1,548.66,10,493.79
ORD108805,CUST00593,2024-07-27,Electronics,Power Bank,Central,Debit Card,2,1287.27,5,2445.81
ORD101349,CUST00128,2024-04-03,Electronics,Smartwatch,Central,UPI,2,3230.19,5,6137.36
ORD106224,CUST00011,2024-07-15,Sports,Yoga Mat,East,Debit Card,2,1805.7,10,3250.26
ORD105397,CUST00783,2023-03-06,Fashion,Sunglasses,South,Credit Card,1,1073.31,30,751.32
ORD104990,CUST00128,2024-03-01,Home & Kitchen,Cushion Cover,East,UPI,3,1421.77,15,3625.51
ORD106505,CUST00234,2024-07-24,Books,Self-Help Book,Central,UPI,4,531.46,0,2125.84
ORD108211,CUST00198,2024-09-07,Home & Kitchen,Water Bottle,North,Credit Card,3,1650.17,0,4950.51
ORD107959,CUST00225,2024-09-07,Fashion,Running Shoes,Central,UPI,1,1167.45,5,1109.08
ORD101817,CUST00738,2024-03-25,Fashion,Denim Jacket,West,UPI,2,1546.08,0,3092.16
ORD107904,CUST00128,2024-02-06,Electronics,Power Bank,Central,UPI,2,4013.19,0,8026.38
ORD106283,CUST00731,2023-02-20,Electronics,Wireless Earbuds,North,Credit Card,1,1397.9,10,1258.11
ORD106691,CUST00904,2024-11-26,Sports,Dumbbell Set,East,Cash on Delivery,2,1237.17,0,2474.34
ORD103984,CUST00214,2024-11-18,Home & Kitchen,Storage Organizer,Central,Credit Card,1,1531.39,0,1531.39
ORD103561,CUST00846,2024-08-02,Books,Cookbook,South,Credit Card,2,374.29,0,748.58
ORD102765,CUST00545,2024-03-28,Beauty,Hair Dryer,North,Cash on Delivery,1,549.59,0,549.59
ORD102492,CUST00837,2024-12-26,Sports,Resistance Bands,West,UPI,2,888.22,0,1776.44
ORD101252,CUST00457,2024-10-11,Fashion,Leather Wallet,South,Net Banking,2,324.13,0,648.26
ORD105534,CUST00751,2024-06-05,Electronics,Bluetooth Speaker,North,Debit Card,1,1688.3,0,1688.3
ORD108305,CUST00128,2024-05-04,Electronics,Smartwatch,East,Credit Card,1,1714.26,5,1628.55
ORD108289,CUST00697,2023-10-12,Electronics,Laptop Sleeve,North,UPI,1,1306.47,0,1306.47
ORD106037,CUST00493,2023-12-06,Beauty,Face Serum,West,Credit Card,2,947.88,0,1895.76
ORD101670,CUST00324,2023-07-29,Fashion,Running Shoes,South,Debit Card,1,1780.85,0,1780.85
ORD101125,CUST00002,2024-09-06,Electronics,Bluetooth Speaker,,Credit Card,2,2463.47,0,4926.94
ORD108140,CUST00386,2023-04-09,Electronics,Wireless Earbuds,East,Credit Card,1,1554.49,5,1476.77
ORD100243,CUST00795,2024-11-30,Electronics,Bluetooth Speaker,West,UPI,1,3532.47,0,3532.47
ORD103258,CUST00892,2024-06-14,Fashion,Cotton T-Shirt,South,Debit Card,1,1275.62,0,1275.62
ORD102012,CUST00475,2023-05-05,Home & Kitchen,Non-stick Pan,East,Credit Card,1,354.42,0,354.42
ORD105635,CUST01002,2024-07-21,Fashion,Leather Wallet,West,UPI,1,1162.94,0,1162.94
ORD105548,CUST00807,2024-04-20,Fashion,Sunglasses,West,Credit Card,1,1041.15,20,832.92
ORD108252,CUST00128,2024-03-18,Beauty,Sunscreen SPF50,South,Cash on Delivery,1,1290.25,5,1225.74
ORD108739,CUST00802,2023-07-07,Home & Kitchen,Non-stick Pan,East,Debit Card,1,969.88,0,969.88
ORD101216,CUST00208,2024-04-13,Books,Cookbook,South,UPI,1,301.9,0,301.9
ORD107859,CUST01074,2023-08-31,Electronics,Bluetooth Speaker,East,Debit Card,1,3814.56,5,3623.83
ORD104232,CUST00248,2024-01-15,Books,Fiction Novel,North,UPI,1,278.94,5,264.99
ORD106371,CUST00448,2024-11-30,Sports,Dumbbell Set,North,Debit Card,1,1123.9,0,1123.9
ORD104300,CUST00210,2024-08-12,Books,Kids Storybook,Central,,1,479.91,5,455.91
ORD102958,CUST00854,2024-10-29,Fashion,Cotton T-Shirt,South,UPI,1,1493.56,20,1194.85
ORD105533,CUST00245,2024-01-12,Books,Business Biography,South,Credit Card,1,794.5,0,794.5
ORD103733,CUST00128,2024-03-12,Home & Kitchen,Water Bottle,South,UPI,1,381.58,10,343.42
ORD103349,CUST00199,2024-09-15,Fashion,Cotton T-Shirt,,UPI,1,1954.56,30,1368.19
ORD106656,CUST00569,2023-12-08,Electronics,Power Bank,South,UPI,1,2655.41,0,2655.41
ORD102432,CUST00624,2024-11-11,Books,Cookbook,East,Credit Card,2,283.8,0,567.6
ORD106607,CUST00958,2023-09-21,Beauty,Lip Balm Set,West,Credit Card,1,895.09,0,895.09
ORD105363,CUST00160,2024-01-21,Fashion,Sunglasses,North,Debit Card,1,2250.52,10,2025.47
ORD104459,CUST01084,2023-07-02,Home & Kitchen,Water Bottle,North,Net Banking,1,1839.08,10,1655.17
ORD108354,CUST00165,2023-11-03,Electronics,Bluetooth Speaker,South,UPI,2,873.22,0,1746.44
ORD108966,CUST00128,2024-02-07,Fashion,Sunglasses,South,Credit Card,1,2027.83,15,1723.66
ORD106478,CUST01065,2023-11-06,Sports,Cycling Gloves,North,Credit Card,2,313.93,30,439.5
ORD108007,CUST00640,2024-08-24,Home & Kitchen,Water Bottle,Central,Credit Card,1,1573.24,10,1415.92
ORD106669,CUST01171,2023-06-05,Fashion,Running Shoes,East,UPI,1,400.9,0,400.9
ORD108310,CUST00916,2024-01-19,Beauty,Perfume,West,Credit Card,1,248.86,0,248.86
ORD108522,CUST00965,2024-11-07,Fashion,Leather Wallet,Central,Credit Card,2,1219.14,0,2438.28
ORD107814,CUST00815,2024-06-07,Home & Kitchen,Water Bottle,West,Credit Card,1,1268.24,20,1014.59
ORD103008,CUST00212,2024-04-25,Sports,Cycling Gloves,South,UPI,3,1112.99,5,3172.02
ORD103438,CUST01158,2024-06-21,Books,Business Biography,North,Debit Card,1,590.92,10,531.83
ORD100060,CUST00114,2023-03-22,Beauty,Lip Balm Set,South,Debit Card,2,522.83,0,1045.66
ORD102998,CUST00288,2023-12-16,Fashion,Running Shoes,North,UPI,1,1952.6,0,1952.6
ORD102128,CUST00477,2024-05-07,Electronics,Power Bank,Central,Net Banking,1,4228.58,5,4017.15
ORD104379,CUST01155,2023-12-22,Home & Kitchen,Storage Organizer,North,UPI,1,504.1,0,504.1
ORD104831,CUST00360,2024-09-30,Fashion,Running Shoes,West,UPI,1,1311.58,0,1311.58
ORD105109,CUST00804,2023-06-18,Fashion,Leather Wallet,South,Debit Card,2,2111.78,20,3378.85
ORD102162,CUST01155,2023-03-23,Electronics,Bluetooth Speaker,Central,Cash on Delivery,1,2841.09,0,2841.09
ORD102718,CUST00122,2024-10-11,Electronics,Wireless Earbuds,North,Credit Card,1,2502.36,10,2252.12
ORD107830,CUST00035,2024-06-17,Sports,Resistance Bands,West,Debit Card,2,642.44,5,1220.64
ORD104761,CUST00034,2023-04-11,Electronics,Bluetooth Speaker,West,Net Banking,2,3966.32,0,7932.64
ORD103076,CUST01055,2024-12-09,Books,Business Biography,Central,UPI,2,163.99,0,327.98
ORD102982,CUST00375,2023-11-30,Fashion,Leather Wallet,South,Debit Card,1,789.64,0,789.64
ORD108302,CUST00954,2024-12-02,Home & Kitchen,Water Bottle,East,Credit Card,1,1840.99,0,1840.99
ORD108377,CUST00081,2024-10-24,Fashion,Leather Wallet,South,UPI,2,1051.41,0,-2102.82
ORD106945,CUST00046,2024-05-20,Beauty,Lip Balm Set,East,UPI,1,712.29,0,712.29
ORD102923,CUST00410,2024-11-17,Fashion,Sunglasses,East,Debit Card,1,2147.1,0,2147.1
ORD103452,CUST00333,2024-03-12,Electronics,Power Bank,East,Cash on Delivery,1,2307.22,5,2191.86
ORD103481,CUST01152,2024-06-20,Fashion,Cotton T-Shirt,East,Credit Card,1,1424.43,0,1424.43
ORD105359,CUST00879,2024-03-08,Fashion,Sunglasses,North,Debit Card,1,1682.4,0,1682.4
ORD100876,CUST00560,2024-05-29,Electronics,Smartwatch,Central,Credit Card,2,3287.37,5,6246.0
ORD104398,CUST00876,2024-05-26,Fashion,Running Shoes,East,Debit Card,1,2010.42,0,2010.42
ORD103368,CUST00375,2023-03-29,Sports,Dumbbell Set,East,UPI,1,1755.65,10,1580.08
ORD104872,CUST00815,2024-07-10,Home & Kitchen,Water Bottle,South,UPI,2,659.17,20,1054.67
ORD102152,CUST00202,2024-12-16,Books,Fiction Novel,North,UPI,3,755.13,20,1812.31
ORD107633,CUST00351,2024-03-12,Sports,Cycling Gloves,Central,UPI,1,2126.25,0,-2126.25
ORD106400,CUST01059,2024-10-06,Beauty,Hair Dryer,East,Credit Card,1,836.87,10,753.18
ORD103532,CUST00566,2023-05-04,Electronics,Laptop Sleeve,East,Credit Card,1,4097.66,0,4097.66
ORD101066,CUST00199,2024-12-28,Fashion,Leather Wallet,Central,UPI,1,1855.67,0,1855.67
ORD100542,CUST00071,2024-08-20,Home & Kitchen,LED Lamp,South,Debit Card,1,1955.16,15,1661.89
ORD107423,CUST00265,2024-03-07,Sports,Cycling Gloves,East,Net Banking,1,1768.79,0,1768.79
ORD107968,CUST00221,2024-04-13,Electronics,Laptop Sleeve,West,Debit Card,2,3329.66,0,6659.32
ORD102941,CUST00404,2024-07-26,Books,Kids Storybook,South,UPI,2,637.13,0,1274.26
ORD103110,CUST01074,2023-07-13,Electronics,Power Bank,West,UPI,1,2150.69,0,2150.69
ORD106962,CUST01147,2024-12-02,Home & Kitchen,Storage Organizer,East,Debit Card,2,844.33,10,1519.79
ORD108885,CUST00030,2023-07-28,Sports,Cricket Bat,West,Cash on Delivery,2,1123.9,0,2247.8
ORD104376,CUST00453,2023-07-03,Electronics,Wireless Earbuds,Central,Cash on Delivery,1,4314.06,5,4098.36
ORD100457,CUST00855,2024-01-11,Home & Kitchen,Storage Organizer,Central,Credit Card,1,1825.16,0,1825.16
ORD102257,CUST01059,2024-09-22,Electronics,Power Bank,Central,UPI,1,3189.84,30,2232.89
ORD103722,CUST00085,2024-08-04,Books,Fiction Novel,Central,Debit Card,2,271.39,5,515.64
ORD104094,CUST00322,2024-06-08,Fashion,Running Shoes,North,UPI,1,690.44,15,586.87
ORD108093,CUST00128,2024-05-28,Books,Cookbook,East,Credit Card,2,439.42,0,878.84
ORD102470,CUST00571,2023-08-20,Home & Kitchen,Water Bottle,West,Credit Card,2,1604.24,0,3208.48
ORD108090,CUST00128,2024-02-23,Fashion,Cotton T-Shirt,North,Credit Card,1,1917.59,0,1917.59
ORD106652,CUST00031,2024-03-10,Books,Self-Help Book,East,Credit Card,1,221.86,0,221.86
ORD103291,CUST00962,2024-10-29,Electronics,Bluetooth Speaker,North,UPI,2,4312.96,15,7332.03
ORD104643,CUST00692,2024-10-02,Electronics,Laptop Sleeve,North,UPI,2,1610.16,0,3220.32
ORD101177,CUST01055,2024-11-25,Electronics,Wireless Earbuds,North,UPI,2,833.71,10,1500.68
ORD101490,CUST00962,2024-10-07,Electronics,Power Bank,,Credit Card,2,3644.32,0,7288.64
ORD100945,CUST00931,2024-06-04,Electronics,Smartwatch,South,Cash on Delivery,2,1993.05,10,3587.49
ORD105526,CUST00965,2024-09-04,Electronics,Bluetooth Speaker,Central,Credit Card,1,3783.31,5,3594.14
ORD105954,CUST00360,2024-11-10,Sports,Cycling Gloves,Central,Debit Card,2,1487.67,20,2380.27
ORD103675,CUST00155,2024-12-09,Sports,Resistance Bands,South,Debit Card,2,1720.91,15,2925.55
ORD104250,CUST00559,2024-09-18,Home & Kitchen,LED Lamp,West,Net Banking,2,735.04,0,1470.08
ORD101077,CUST00398,2024-11-12,Beauty,Face Serum,South,Credit Card,1,799.94,15,679.95
ORD100368,CUST00970,2023-06-23,Fashion,Cotton T-Shirt,South,Credit Card,2,1332.7,0,-2665.4
ORD102518,CUST00587,2023-08-03,Books,Self-Help Book,Central,UPI,2,269.32,5,511.71
ORD102864,CUST00793,2024-07-31,Books,Kids Storybook,Central,Debit Card,1,187.11,0,187.11
ORD104515,CUST00916,2024-02-24,Books,Self-Help Book,South,Cash on Delivery,1,432.95,5,411.3
ORD106841,CUST00904,2024-08-17,Home & Kitchen,Water Bottle,West,Credit Card,1,1256.39,0,1256.39
ORD103293,CUST00337,2023-10-25,Home & Kitchen,Water Bottle,West,Net Banking,1,1573.72,0,1573.72
ORD100562,CUST01023,2024-08-03,Home & Kitchen,LED Lamp,South,UPI,3,431.76,0,1295.28
ORD103691,CUST00252,2023-09-25,Beauty,Hair Dryer,North,Credit Card,1,364.61,0,364.61
ORD105424,CUST00047,2024-10-26,Fashion,Running Shoes,East,Credit Card,1,1848.51,0,1848.51
ORD101449,CUST00268,2024-04-06,Sports,Dumbbell Set,West,Debit Card,1,2563.6,10,2307.24
ORD103642,CUST00650,2024-04-02,Electronics,Laptop Sleeve,West,Net Banking,1,2702.72,0,2702.72
ORD104200,CUST00309,2023-12-16,Home & Kitchen,LED Lamp,North,UPI,2,1008.43,0,2016.86
ORD104344,CUST00195,2024-06-11,Beauty,Face Serum,South,Net Banking,1,847.9,10,763.11
ORD100823,CUST00122,2024-10-18,Beauty,Hair Dryer,West,Credit Card,1,456.3,30,319.41
ORD101311,CUST00507,2023-10-13,Beauty,Face Serum,Central,UPI,1,1341.8,15,1140.53
ORD100699,CUST00128,2024-07-22,Electronics,Power Bank,North,UPI,2,1837.71,0,3675.42
ORD101298,CUST00002,2024-04-18,Electronics,Wireless Earbuds,South,UPI,2,2203.95,0,4407.9
ORD105272,CUST00804,2024-02-12,Books,Business Biography,Central,UPI,1,207.58,0,207.58
ORD101363,CUST00210,2024-03-14,Home & Kitchen,Water Bottle,South,Net Banking,1,934.88,0,934.88
ORD105209,CUST00793,2024-06-21,Beauty,Perfume,North,Debit Card,1,954.24,0,954.24
ORD108848,CUST00296,2024-02-16,Home & Kitchen,Storage Organizer,Central,Net Banking,1,1379.92,5,1310.92
ORD101379,CUST00083,2024-03-01,electronics,Power Bank,South,UPI,1,1068.46,0,1068.46
ORD100880,CUST00416,2024-11-17,Books,Cookbook,North,Credit Card,1,479.81,5,455.82
ORD102811,CUST00128,2024-04-13,Fashion,Sunglasses,West,Debit Card,1,2174.23,0,2174.23
ORD104711,CUST01122,2024-08-14,Fashion,Running Shoes,North,UPI,1,1167.85,5,1109.46
ORD103026,CUST00191,2024-08-08,Electronics,Laptop Sleeve,West,Credit Card,1,2686.83,0,2686.83
ORD100152,CUST00731,2024-05-07,Beauty,Face Serum,Central,Debit Card,2,1362.19,0,2724.38
ORD103425,CUST00873,2023-10-19,Electronics,Power Bank,East,UPI,1,1511.72,0,1511.72
ORD104588,CUST00627,2024-04-16,Books,Self-Help Book,North,Net Banking,2,569.47,5,1081.99
ORD105824,CUST00244,2024-10-24,Fashion,Leather Wallet,North,Net Banking,2,478.07,0,956.14
ORD108999,CUST00404,2024-08-08,Books,Kids Storybook,North,UPI,2,253.52,15,430.98
ORD108525,CUST00221,2023-05-20,Electronics,Smartwatch,Central,Credit Card,2,1353.79,0,2707.58
ORD105816,CUST00805,2024-11-28,Sports,Cricket Bat,North,UPI,1,1390.53,0,1390.53
ORD100228,CUST00459,2024-01-28,Home & Kitchen,Cushion Cover,Central,UPI,1,973.32,0,973.32
ORD106309,CUST01147,2024-12-15,Home & Kitchen,Storage Organizer,West,Credit Card,1,777.54,20,622.03
ORD105571,CUST00855,2024-06-09,Fashion,Denim Jacket,East,UPI,1,356.27,5,338.46
ORD103490,CUST00521,2024-06-29,Electronics,Bluetooth Speaker,West,Credit Card,1,3085.89,0,3085.89
ORD108323,CUST00471,2024-04-11,Beauty,Perfume,South,Debit Card,2,461.02,0,922.04
ORD102472,CUST00972,2024-11-26,Beauty,Hair Dryer,Central,UPI,1,1287.56,15,1094.43
ORD101953,CUST00884,2024-06-12,Electronics,Wireless Earbuds,West,Debit Card,1,2854.95,5,2712.2
ORD105147,CUST00384,2023-05-28,Home & Kitchen,Non-stick Pan,North,Cash on Delivery,2,501.45,0,1002.9
ORD108901,CUST00471,2024-04-26,Beauty,Lip Balm Set,South,Credit Card,2,1165.23,5,2213.94
ORD103631,CUST00131,2023-09-10,fashion,Denim Jacket,East,Credit Card,1,906.79,5,861.45
ORD101899,CUST00387,2024-12-01,Home & Kitchen,Water Bottle,East,UPI,1,713.35,10,642.02
ORD105904,CUST00993,2024-08-08,Sports,Cycling Gloves,East,Net Banking,1,752.02,10,676.82
ORD106817,CUST00904,2024-07-06,Electronics,Bluetooth Speaker,East,Credit Card,2,1753.63,30,2455.08
ORD102919,CUST00069,2023-10-22,Electronics,Bluetooth Speaker,South,Credit Card,2,3066.83,0,6133.66
ORD105976,CUST00782,2024-07-31,Books,Kids Storybook,North,Debit Card,1,605.4,5,575.13
ORD104727,CUST01055,2024-12-15,Electronics,Smartwatch,West,Credit Card,3,3282.07,15,8369.28
ORD106883,CUST01077,2024-09-15,Home & Kitchen,Non-stick Pan,,Credit Card,1,1128.94,0,1128.94
ORD102420,CUST01019,2024-03-06,Electronics,Smartwatch,West,Credit Card,1,2318.06,5,2202.16
ORD101130,CUST00114,2023-08-27,Beauty,Lip Balm Set,North,Net Banking,1,502.52,5,477.39
ORD100130,CUST00373,2024-07-26,Books,Fiction Novel,Central,UPI,2,357.1,0,714.2
ORD105722,CUST00916,2023-09-24,Sports,Resistance Bands,,Debit Card,1,2478.76,5,2354.82
ORD101404,CUST00248,2023-07-29,Fashion,Sunglasses,North,Net Banking,1,352.37,20,281.9
ORD100493,CUST00851,2024-02-23,Home & Kitchen,LED Lamp,West,Cash on Delivery,1,369.92,0,369.92
ORD108028,CUST00052,2024-09-19,Books,Fiction Novel,Central,UPI,1,561.48,0,561.48
ORD107516,CUST00237,2024-09-25,Electronics,Smartwatch,,Cash on Delivery,1,3697.55,0,3697.55
ORD107284,CUST01168,2023-07-12,Beauty,Lip Balm Set,Central,Credit Card,2,736.25,0,1472.5
ORD106074,CUST00245,2024-02-03,Sports,Yoga Mat,West,Credit Card,1,2413.24,0,2413.24
ORD103101,CUST00937,2023-12-28,Fashion,Sunglasses,West,Credit Card,1,2164.79,5,2056.55
ORD102638,CUST00640,2024-09-06,Electronics,Power Bank,East,Credit Card,1,3839.2,0,3839.2
ORD105221,CUST00970,2024-03-31,electronics,Smartwatch,North,Net Banking,1,3376.11,0,3376.11
ORD107126,CUST00615,2024-06-14,Fashion,Denim Jacket,Central,Debit Card,1,2247.46,15,1910.34
ORD103119,CUST00021,2024-11-18,Electronics,Wireless Earbuds,East,UPI,1,3214.93,0,3214.93
ORD107675,CUST00308,2023-09-29,Home & Kitchen,Water Bottle,West,Credit Card,1,1037.41,5,985.54
ORD101598,CUST01065,2024-05-21,Fashion,Cotton T-Shirt,Central,Debit Card,2,697.06,0,1394.12
ORD103790,CUST00466,2024-06-06,Electronics,Laptop Sleeve,North,Net Banking,2,1355.45,0,2710.9
ORD105746,CUST00259,2023-12-14,Fashion,Denim Jacket,West,Credit Card,1,2374.48,15,2018.31
ORD108023,CUST00612,2023-07-13,Fashion,Leather Wallet,West,UPI,1,762.95,10,686.66
ORD105024,CUST00599,2024-01-25,Home & Kitchen,Non-stick Pan,West,Credit Card,2,900.89,0,1801.78
ORD107472,CUST00211,2024-10-18,Beauty,Perfume,South,Debit Card,2,729.66,10,1313.39
ORD106061,CUST00079,2024-09-20,Fashion,Denim Jacket,West,UPI,2,1967.35,0,3934.7
ORD100927,CUST00904,2024-06-05,Electronics,Power Bank,West,Debit Card,1,2087.71,30,1461.4
ORD105514,CUST01140,2024-01-16,Electronics,Wireless Earbuds,South,Debit Card,2,3081.71,0,6163.42
ORD106723,CUST00333,2024-07-02,Books,Cookbook,East,UPI,1,470.64,0,470.64
ORD107686,CUST01019,2024-02-05,Beauty,Face Serum,West,UPI,1,485.12,0,485.12
ORD102234,CUST00511,2024-10-24,Sports,Cycling Gloves,West,Credit Card,1,2733.63,20,2186.9
ORD102247,CUST01038,2023-12-23,sports,Cricket Bat,West,Net Banking,2,1747.51,0,3495.02
ORD103416,CUST01198,2024-09-08,Electronics,Power Bank,Central,Cash on Delivery,1,2690.51,0,2690.51
ORD106060,CUST00671,2024-11-19,Home & Kitchen,Water Bottle,East,Credit Card,2,346.58,0,693.16
ORD107375,CUST00753,2024-01-10,Books,Fiction Novel,West,Credit Card,1,620.01,15,527.01
ORD102946,CUST01004,2024-11-13,Home & Kitchen,LED Lamp,North,Debit Card,1,1476.69,30,1033.68
ORD101376,CUST00221,2023-12-03,Beauty,Perfume,South,UPI,1,852.55,5,809.92
ORD107905,CUST00199,2024-10-30,Electronics,Wireless Earbuds,East,Net Banking,2,1854.62,0,3709.24
ORD101102,CUST00259,2023-10-07,Beauty,Perfume,South,UPI,2,669.81,20,1071.7
ORD102264,CUST01173,2024-01-16,Fashion,Sunglasses,North,Cash on Delivery,1,1560.76,20,1248.61
ORD104910,CUST01127,2023-10-19,Fashion,Denim Jacket,East,Credit Card,1,1385.07,10,1246.56
ORD103938,CUST00918,2024-07-09,electronics,Bluetooth Speaker,South,Credit Card,4,3930.0,0,15720.0
ORD105819,CUST00515,2024-01-11,Electronics,Wireless Earbuds,Central,Debit Card,4,1883.57,10,6780.85
ORD108258,CUST00030,2023-10-25,Books,Cookbook,South,UPI,2,329.98,15,560.97
ORD100057,CUST00213,2023-06-23,Beauty,Face Serum,West,UPI,2,1121.72,0,2243.44
ORD106759,CUST00172,2024-10-20,Electronics,Bluetooth Speaker,West,UPI,2,2001.48,0,4002.96
ORD103813,CUST00479,2023-07-04,Electronics,Wireless Earbuds,West,UPI,4,4033.75,15,13714.75
ORD108949,CUST00350,2024-12-16,Electronics,Laptop Sleeve,East,Credit Card,1,4153.88,0,4153.88
ORD108010,CUST00145,2023-08-27,Home & Kitchen,Storage Organizer,East,Credit Card,3,1651.83,0,4955.49
ORD106533,CUST00557,2024-03-13,Electronics,Power Bank,West,UPI,1,2629.08,0,2629.08
ORD106352,CUST01013,2024-11-03,Home & Kitchen,LED Lamp,North,Net Banking,1,1209.83,0,1209.83
ORD102063,CUST00125,2023-01-26,Sports,Dumbbell Set,East,Credit Card,1,2188.71,0,2188.71
ORD106176,CUST00754,2024-02-19,Books,Cookbook,West,Credit Card,2,723.99,10,1303.18
ORD104392,CUST00191,2024-05-14,Home & Kitchen,LED Lamp,East,Credit Card,1,1519.53,15,1291.6
ORD104840,CUST01189,2024-12-25,Electronics,Laptop Sleeve,North,Credit Card,3,4332.44,5,12347.45
ORD108869,CUST01015,2023-11-10,Beauty,Perfume,West,Debit Card,1,785.92,15,668.03
ORD101402,CUST01156,2024-11-07,Home & Kitchen,Storage Organizer,East,Credit Card,1,431.42,0,431.42
ORD104522,CUST00245,2024-01-13,Electronics,Wireless Earbuds,East,Credit Card,1,2127.06,0,2127.06
ORD103224,CUST00317,2024-10-03,Electronics,Power Bank,South,UPI,1,1788.41,0,1788.41
ORD107143,CUST00161,2024-10-08,electronics,Power Bank,Central,Credit Card,1,3507.77,0,3507.77
ORD102370,CUST00128,2024-06-20,Beauty,Hair Dryer,East,Cash on Delivery,3,1027.26,10,2773.6
ORD104350,CUST00153,2024-08-20,Fashion,Sunglasses,South,Credit Card,1,1386.31,0,1386.31
ORD104283,CUST00758,2024-09-16,Fashion,Running Shoes,Central,UPI,1,1970.39,10,1773.35
ORD107117,CUST00104,2024-11-05,Sports,Yoga Mat,Central,UPI,1,1888.56,10,1699.7
ORD102276,CUST01074,2023-06-06,Fashion,Leather Wallet,West,Debit Card,2,1478.74,0,2957.48
ORD107107,CUST00983,2024-08-03,Fashion,Denim Jacket,North,Debit Card,1,458.93,0,458.93
ORD101793,CUST00433,2023-05-21,Fashion,Sunglasses,South,Net Banking,1,2326.83,0,2326.83
ORD108178,CUST00751,2024-11-26,Home & Kitchen,Cushion Cover,East,Debit Card,2,1044.89,30,1462.85
ORD107273,CUST00469,2023-10-14,Sports,Cricket Bat,East,UPI,2,1037.54,15,1763.82
ORD102790,CUST01146,2023-07-28,Home & Kitchen,Cushion Cover,East,Debit Card,1,419.65,5,398.67
ORD103547,CUST00128,2024-07-20,Sports,Resistance Bands,East,UPI,1,685.04,20,548.03
ORD105133,CUST00379,2024-06-03,Books,Business Biography,Central,UPI,1,671.5,20,537.2
ORD108816,CUST00659,2023-05-29,Home & Kitchen,Cushion Cover,Central,UPI,2,567.12,15,964.1
ORD105826,CUST00384,2023-04-04,Fashion,Sunglasses,East,Credit Card,1,2417.72,5,2296.83
ORD106617,CUST00147,2023-07-19,Books,Self-Help Book,North,UPI,3,352.62,0,1057.86
ORD102265,CUST01011,2023-11-23,Sports,Dumbbell Set,West,UPI,1,2033.33,0,2033.33
ORD106597,CUST00513,2023-10-06,Fashion,Leather Wallet,Central,Credit Card,2,1431.8,15,2434.06
ORD106973,CUST00037,2024-07-25,fashion,Sunglasses,West,Debit Card,2,2345.37,0,4690.74
ORD103554,CUST00217,2023-11-23,Sports,Yoga Mat,South,UPI,1,275.72,5,261.93
ORD108192,CUST00979,2024-10-18,Fashion,Sunglasses,North,Credit Card,3,1772.24,0,5316.72
ORD103184,CUST00161,2024-11-19,Electronics,Bluetooth Speaker,East,Debit Card,1,2522.47,0,2522.47
ORD106902,CUST00380,2024-07-13,Sports,Cricket Bat,Central,Cash on Delivery,1,711.74,0,711.74
ORD100041,CUST00602,2024-11-22,Sports,Cricket Bat,South,Credit Card,2,1229.51,10,2213.12
ORD108416,CUST01134,2024-11-16,Beauty,Perfume,North,UPI,1,1078.6,15,916.81
ORD108952,CUST00981,2024-02-22,fashion,Running Shoes,East,UPI,1,394.62,0,394.62
ORD100838,CUST00621,2023-08-25,Sports,Yoga Mat,East,Net Banking,1,2855.72,0,2855.72
ORD100259,CUST00651,2024-12-24,Home & Kitchen,Non-stick Pan,North,Net Banking,2,468.45,5,890.06
ORD105227,CUST00201,2023-07-23,Books,Fiction Novel,East,Cash on Delivery,1,335.24,0,335.24
ORD104688,CUST00128,2024-09-27,Electronics,Bluetooth Speaker,South,Net Banking,2,1420.29,0,2840.58
ORD103320,CUST00789,2024-11-02,Sports,Cricket Bat,South,UPI,4,1918.23,5,7289.27
ORD106239,CUST01089,2023-10-04,Fashion,Sunglasses,West,Cash on Delivery,2,1640.16,5,3116.3
ORD107603,CUST00736,2023-10-17,Beauty,Hair Dryer,West,UPI,1,351.1,0,351.1
ORD101729,CUST00749,2023-09-20,fashion,Denim Jacket,North,Debit Card,2,600.86,10,1081.55
ORD105433,CUST01055,2024-11-27,Sports,Yoga Mat,North,Credit Card,1,1763.07,0,1763.07
ORD100587,CUST01135,2024-10-30,Beauty,Sunscreen SPF50,Central,Credit Card,1,212.64,5,202.01
ORD108169,CUST01107,2023-10-29,Fashion,Running Shoes,North,Debit Card,3,2263.3,0,6789.9
ORD107226,CUST00855,2024-07-07,Electronics,Bluetooth Speaker,North,Credit Card,1,3691.33,0,3691.33
ORD106729,CUST00675,2024-05-20,Electronics,Wireless Earbuds,East,Debit Card,2,3774.72,0,7549.44
ORD104015,CUST00332,2023-04-15,Home & Kitchen,Water Bottle,East,Debit Card,1,1420.53,0,1420.53
ORD106304,CUST00367,2023-07-09,Fashion,Denim Jacket,North,Net Banking,1,1535.31,0,1535.31
ORD102970,CUST00128,2024-03-06,Fashion,Running Shoes,East,Credit Card,2,1353.1,5,2570.89
ORD104600,CUST00431,2024-10-27,Electronics,Bluetooth Speaker,South,Credit Card,1,2290.65,0,2290.65
ORD106701,CUST00793,2024-07-22,Home & Kitchen,Water Bottle,East,Credit Card,1,1524.6,0,1524.6
ORD104450,CUST00120,2024-11-28,Electronics,Laptop Sleeve,South,Credit Card,4,997.75,0,3991.0
ORD103190,CUST00568,2024-01-28,Electronics,Smartwatch,East,UPI,3,1262.59,0,3787.77
ORD103896,CUST00114,2023-05-29,Electronics,Power Bank,East,UPI,1,2870.07,0,2870.07
ORD102079,CUST01194,2024-04-01,Sports,Cricket Bat,East,UPI,2,1575.75,20,2521.2
ORD107380,CUST00981,2023-10-26,Books,Kids Storybook,West,Credit Card,1,555.06,0,555.06
ORD103727,CUST01153,2024-04-23,Home & Kitchen,Water Bottle,West,Credit Card,1,1670.66,0,1670.66
ORD101764,CUST00383,2023-09-27,fashion,Denim Jacket,East,UPI,2,497.69,0,995.38
ORD100713,CUST00199,2024-09-27,Beauty,Perfume,Central,Credit Card,1,299.9,0,299.9
ORD106458,CUST00222,2024-03-29,Fashion,Denim Jacket,Central,UPI,1,1910.01,0,1910.01
ORD103537,CUST00013,2024-05-16,Home & Kitchen,Water Bottle,East,UPI,1,1761.41,0,1761.41
ORD100195,CUST00981,2023-11-10,Beauty,Face Serum,West,UPI,1,307.85,20,246.28
ORD101873,CUST00016,2023-05-01,Fashion,Denim Jacket,East,Credit Card,1,516.73,0,516.73
ORD102016,CUST00916,2024-03-14,Home & Kitchen,Water Bottle,East,Debit Card,2,1735.31,15,2950.03
ORD105138,CUST00128,2024-03-22,Fashion,Sunglasses,East,UPI,1,499.78,0,499.78
ORD101090,CUST00439,2024-04-12,Home & Kitchen,Water Bottle,Central,Debit Card,1,1937.25,0,1937.25
ORD101447,CUST00185,2024-11-19,Electronics,Power Bank,East,UPI,3,2992.99,15,7632.12
ORD105869,CUST00475,2023-07-25,Fashion,Running Shoes,Central,Debit Card,1,1051.25,15,893.56
ORD100093,CUST00668,2023-12-23,Fashion,Leather Wallet,East,UPI,1,1699.29,0,1699.29
ORD102326,CUST00845,2024-01-12,Books,Business Biography,North,UPI,2,671.65,30,940.31
ORD102654,CUST00015,2024-02-07,Home & Kitchen,Non-stick Pan,North,Net Banking,2,1202.35,0,2404.7
ORD102952,CUST00128,2024-04-24,Beauty,Perfume,West,Debit Card,1,316.86,5,301.02
ORD101644,CUST01107,2024-01-11,Beauty,Lip Balm Set,Central,UPI,1,261.69,15,222.44
ORD102670,CUST00288,2024-01-28,Sports,Cycling Gloves,Central,Debit Card,2,807.47,0,1614.94
ORD108408,CUST00894,2023-12-14,Sports,Cycling Gloves,West,Cash on Delivery,1,2314.51,0,2314.51
ORD103151,CUST00468,2023-07-31,Sports,Dumbbell Set,South,UPI,2,1234.41,0,2468.82
ORD104452,CUST00793,2024-07-19,Books,Kids Storybook,East,Debit Card,1,730.72,0,730.72
ORD103621,CUST00387,2024-10-29,Electronics,Smartwatch,South,UPI,1,1334.7,0,1334.7
ORD103925,CUST00560,2024-07-13,Beauty,Face Serum,Central,Cash on Delivery,1,501.13,0,501.13
ORD106089,CUST01058,2023-05-28,Fashion,Denim Jacket,East,Credit Card,2,2193.97,5,4168.54
ORD103411,CUST00932,2024-07-29,Electronics,Bluetooth Speaker,West,Debit Card,2,4163.19,10,7493.74
ORD100772,CUST00457,2024-05-17,Electronics,Smartwatch,West,Credit Card,1,3516.07,5,3340.27
ORD103310,CUST01074,2023-09-03,Sports,Cricket Bat,North,UPI,1,2416.14,0,2416.14
ORD104825,CUST00104,2024-11-09,Beauty,Lip Balm Set,South,UPI,1,1030.04,20,824.03
ORD106784,CUST01075,2024-09-30,Home & Kitchen,Non-stick Pan,Central,Debit Card,1,1261.38,10,1135.24
ORD107042,CUST01124,2023-09-29,Beauty,Lip Balm Set,East,Debit Card,3,1318.86,0,3956.58
ORD102622,CUST01057,2024-03-07,Books,Self-Help Book,South,Credit Card,1,239.42,5,227.45
ORD106016,CUST00348,2023-11-09,Beauty,Sunscreen SPF50,Central,UPI,2,1162.45,0,2324.9
ORD103941,CUST00128,2024-08-20,Sports,Resistance Bands,North,UPI,1,2309.08,10,2078.17
ORD101987,CUST00128,2024-09-16,Fashion,Cotton T-Shirt,South,Net Banking,1,649.31,30,454.52
ORD102425,CUST01132,2024-09-19,Electronics,Bluetooth Speaker,Central,UPI,1,1851.58,0,1851.58
ORD100474,CUST00128,2024-02-08,Home & Kitchen,Non-stick Pan,East,Net Banking,1,1705.59,5,1620.31
ORD103153,CUST00435,2024-09-22,Electronics,Wireless Earbuds,South,UPI,1,2161.65,0,2161.65
ORD103465,CUST00404,2024-09-20,Electronics,Smartwatch,West,Net Banking,2,4098.87,0,8197.74
ORD100397,CUST00161,2024-10-11,Home & Kitchen,LED Lamp,North,Net Banking,1,1819.54,0,1819.54
ORD107401,CUST00343,2023-06-02,Home & Kitchen,Storage Organizer,South,,1,1318.84,0,1318.84
ORD105442,CUST00680,2024-09-13,Fashion,Sunglasses,Central,Credit Card,2,1175.55,0,2351.1
ORD100512,CUST00033,2024-07-19,Fashion,Leather Wallet,North,Net Banking,2,2313.31,10,4163.96
ORD102943,CUST00036,2024-11-27,Home & Kitchen,Storage Organizer,,Credit Card,2,1471.07,5,2795.03
ORD100369,CUST00572,2024-11-04,Books,Business Biography,South,Net Banking,1,297.86,0,297.86
ORD100193,CUST00963,2024-05-28,Electronics,Bluetooth Speaker,South,Net Banking,1,1586.05,0,1586.05
ORD106018,CUST00028,2024-09-29,Fashion,Sunglasses,North,Credit Card,1,874.84,0,874.84
ORD102236,CUST00614,2023-10-06,Fashion,Leather Wallet,South,UPI,1,1813.98,0,1813.98
ORD108766,CUST00795,2024-11-28,Home & Kitchen,Water Bottle,East,UPI,1,1362.59,30,953.81
ORD105101,CUST00769,2024-06-06,Electronics,Bluetooth Speaker,Central,Debit Card,1,2664.7,15,2265.0
ORD103979,CUST00221,2023-05-28,Home & Kitchen,Cushion Cover,North,Debit Card,2,573.97,20,918.35
ORD103865,CUST00221,2023-08-05,Home & Kitchen,Non-stick Pan,West,UPI,2,1566.83,0,3133.66
ORD106687,CUST01065,2023-11-05,Fashion,Sunglasses,West,Credit Card,1,980.72,0,980.72
ORD106887,CUST00128,2024-08-25,Sports,Cricket Bat,West,UPI,1,2780.06,0,2780.06
ORD106862,CUST00128,2024-03-11,Home & Kitchen,Non-stick Pan,West,UPI,1,1827.24,20,1461.79
ORD106036,CUST00361,2023-07-18,Beauty,Sunscreen SPF50,North,UPI,1,777.79,0,777.79
ORD108271,CUST00916,2023-11-23,Fashion,Leather Wallet,,,1,310.33,15,263.78
ORD104165,CUST00071,2024-09-09,Home & Kitchen,Storage Organizer,South,Debit Card,1,1285.59,0,1285.59
ORD106824,CUST00909,2024-02-26,Electronics,Power Bank,East,Credit Card,1,2550.78,10,2295.7
ORD101765,CUST00369,2024-10-24,Fashion,Sunglasses,West,UPI,2,1609.99,5,3058.98
ORD100716,CUST00115,2023-04-03,Electronics,Laptop Sleeve,West,Debit Card,1,1116.72,10,1005.05
ORD108311,CUST00900,2024-04-25,Electronics,Smartwatch,East,Credit Card,1,3666.84,5,3483.5
ORD107315,CUST00322,2024-07-04,Sports,Dumbbell Set,North,UPI,1,775.98,0,775.98
ORD102376,CUST01127,2023-09-04,Home & Kitchen,Water Bottle,East,UPI,4,1232.44,30,3450.83
ORD102703,CUST00976,2024-06-13,Electronics,Bluetooth Speaker,North,UPI,1,3603.98,10,3243.58
ORD106344,CUST01124,2023-09-23,Beauty,Lip Balm Set,West,UPI,1,1022.24,10,920.02
ORD102220,CUST00128,2024-03-31,Fashion,Running Shoes,West,Net Banking,1,499.14,10,449.23
ORD105217,CUST00929,2024-05-23,Electronics,Wireless Earbuds,North,,1,3459.39,0,3459.39
ORD101689,CUST00712,2023-05-23,Beauty,Hair Dryer,South,Net Banking,1,440.93,10,396.84
ORD104221,CUST00677,2023-10-15,Electronics,Power Bank,East,Debit Card,1,2776.08,0,2776.08
ORD105633,CUST00971,2024-08-11,Electronics,Smartwatch,South,Credit Card,1,835.68,0,835.68
ORD105706,CUST01181,2024-04-14,Beauty,Face Serum,West,UPI,1,719.98,20,575.98
ORD108051,CUST00469,2024-08-28,Electronics,Bluetooth Speaker,North,Debit Card,4,2902.96,5,11031.25
ORD105034,CUST00918,2023-10-14,Fashion,Denim Jacket,North,UPI,1,2287.32,10,2058.59
ORD103138,CUST00925,2024-04-20,Sports,Cycling Gloves,West,Debit Card,1,1755.08,15,1491.82
ORD108615,CUST00114,2024-08-19,Electronics,Bluetooth Speaker,West,UPI,1,1550.08,0,1550.08
ORD108597,CUST00083,2024-10-09,Home & Kitchen,Cushion Cover,Central,Credit Card,1,1169.82,0,1169.82
ORD108578,CUST00375,2023-08-15,Beauty,Lip Balm Set,South,UPI,1,364.04,5,345.84
ORD105853,CUST00671,2024-12-08,Books,Fiction Novel,Central,Credit Card,1,778.89,20,623.11
ORD101238,CUST00199,2024-10-25,Home & Kitchen,Cushion Cover,West,Credit Card,1,461.12,5,438.06
ORD104835,CUST00104,2024-11-24,Fashion,Sunglasses,West,Debit Card,1,1451.2,0,1451.2
ORD105146,CUST01198,2024-10-22,Fashion,Sunglasses,East,UPI,1,1663.94,15,1414.35
ORD107826,CUST00818,2024-08-05,Electronics,Wireless Earbuds,West,UPI,1,2492.09,10,2242.88
ORD102513,CUST00770,2024-01-08,Fashion,Sunglasses,Central,UPI,1,488.59,0,488.59
ORD106988,CUST01107,2023-09-19,Fashion,Sunglasses,North,Debit Card,2,939.9,0,1879.8
ORD102462,CUST01048,2023-07-04,Electronics,Smartwatch,North,Credit Card,1,2874.79,30,2012.35
ORD107292,CUST00731,2023-03-25,Books,Fiction Novel,West,UPI,1,639.28,20,511.42
ORD106411,CUST00090,2023-08-07,Beauty,Perfume,,Net Banking,1,196.07,20,156.86
ORD107979,CUST00091,2023-06-13,Electronics,Wireless Earbuds,East,Credit Card,1,3500.28,10,3150.25
ORD101836,CUST00047,2024-10-22,Sports,Dumbbell Set,East,UPI,1,2504.28,5,2379.07
ORD108779,CUST01147,2024-12-04,Books,Fiction Novel,South,UPI,1,291.41,0,291.41
ORD101611,CUST00588,2023-12-11,Fashion,Denim Jacket,East,UPI,3,2110.04,0,6330.12
ORD107763,CUST00799,2024-10-28,Home & Kitchen,Storage Organizer,East,Debit Card,1,1486.69,0,1486.69
ORD108391,CUST00279,2024-07-25,Electronics,Laptop Sleeve,South,Debit Card,1,967.18,0,967.18
ORD105249,CUST01136,2023-08-11,Beauty,Hair Dryer,East,UPI,2,249.45,5,473.96
ORD107005,CUST01047,2024-11-28,Books,Kids Storybook,North,Credit Card,1,728.47,20,582.78
ORD103070,CUST01136,2024-05-29,Home & Kitchen,Storage Organizer,North,Credit Card,3,899.33,0,2697.99
ORD103890,CUST00445,2024-10-28,Books,Business Biography,Central,Cash on Delivery,1,539.96,5,512.96
ORD100160,CUST00560,2024-08-02,Beauty,Face Serum,West,Debit Card,1,244.23,10,219.81
ORD103632,CUST00455,2023-10-01,sports,Yoga Mat,North,Debit Card,1,2127.7,5,2021.31
ORD103483,CUST00772,2023-05-25,Electronics,Power Bank,East,Credit Card,1,2938.91,15,2498.07
ORD106711,CUST00653,2024-05-15,electronics,Laptop Sleeve,South,UPI,1,2386.11,15,2028.19
ORD101971,CUST00111,2024-04-20,Home & Kitchen,Storage Organizer,Central,UPI,2,587.76,20,940.42
ORD102772,CUST01022,2024-05-31,Sports,Cricket Bat,East,Debit Card,2,2585.54,15,4395.42
ORD107446,CUST01173,2023-10-23,Home & Kitchen,Water Bottle,East,Debit Card,2,474.04,0,948.08
ORD104154,CUST00292,2024-09-06,Fashion,Running Shoes,South,Credit Card,1,1342.63,10,1208.37
ORD102087,CUST00146,2024-07-21,Beauty,Perfume,West,UPI,1,1084.66,0,1084.66
ORD103930,CUST00080,2024-04-02,Electronics,Smartwatch,Central,Debit Card,1,2809.82,30,1966.87
ORD103860,CUST00745,2023-07-09,Home & Kitchen,Non-stick Pan,East,Cash on Delivery,1,393.31,15,334.31
ORD102700,CUST00128,2024-06-19,Electronics,Laptop Sleeve,West,UPI,1,1109.53,5,1054.05
ORD100449,CUST00128,2024-05-23,Sports,Cycling Gloves,West,UPI,1,2480.07,20,1984.06
ORD106117,CUST00931,2024-05-20,Beauty,Perfume,West,Credit Card,2,712.71,10,1282.88
ORD103091,CUST00539,2024-05-04,Beauty,Hair Dryer,East,Credit Card,1,880.26,5,836.25
ORD105331,CUST00772,2024-04-23,Home & Kitchen,LED Lamp,North,Debit Card,1,835.2,5,793.44
ORD101380,CUST00417,2024-11-22,Electronics,Bluetooth Speaker,North,Cash on Delivery,1,1795.35,0,1795.35
ORD101717,CUST00361,2023-12-06,home & kitchen,LED Lamp,Central,Debit Card,3,851.7,15,2171.84
ORD102155,CUST00337,2024-04-20,Home & Kitchen,Cushion Cover,Central,Credit Card,1,873.89,10,786.5
ORD104411,CUST00314,2024-08-07,Home & Kitchen,Storage Organizer,South,Debit Card,4,439.51,0,1758.04
ORD104797,CUST00002,2024-11-06,Electronics,Power Bank,East,Credit Card,2,1150.62,0,2301.24
ORD106482,CUST00116,2024-06-30,Books,Business Biography,East,Debit Card,2,679.77,0,1359.54
ORD104963,CUST01086,2024-09-23,Fashion,Running Shoes,North,Credit Card,1,1000.1,0,1000.1
ORD103556,CUST00978,2024-09-05,Books,Self-Help Book,East,UPI,1,657.47,0,657.47
ORD101109,CUST00161,2024-10-19,Sports,Resistance Bands,North,Credit Card,4,2610.48,5,9919.82
ORD105000,CUST00078,2023-11-13,Home & Kitchen,Water Bottle,West,Credit Card,2,1690.75,0,3381.5
ORD106420,CUST00916,2023-11-21,fashion,Leather Wallet,East,Credit Card,1,620.47,5,589.45
ORD104930,CUST00468,2023-08-23,Fashion,Denim Jacket,East,UPI,2,2459.73,5,4673.49
ORD107200,CUST00361,2023-11-08,Beauty,Lip Balm Set,East,Debit Card,2,644.03,0,1288.06
ORD100163,CUST00272,2024-09-18,Home & Kitchen,Water Bottle,South,Credit Card,1,838.86,0,838.86
ORD105191,CUST01066,2024-10-17,Electronics,Wireless Earbuds,West,Credit Card,1,1040.86,0,1040.86
ORD100444,CUST00521,2024-06-19,Books,Self-Help Book,East,UPI,1,422.3,0,422.3
ORD100640,CUST00387,2024-10-31,Beauty,Hair Dryer,South,Net Banking,1,388.52,20,310.82
ORD103371,CUST00646,2024-10-29,Books,Self-Help Book,West,Debit Card,2,517.35,0,1034.7
ORD107745,CUST00958,2024-07-07,Beauty,Perfume,West,Net Banking,1,1158.59,15,984.8
ORD104539,CUST00211,2024-11-30,Fashion,Leather Wallet,East,Debit Card,1,2147.87,0,2147.87
ORD103256,CUST01001,2024-12-08,Fashion,Running Shoes,Central,UPI,1,2053.54,5,1950.86
ORD103886,CUST00075,2024-08-03,Sports,Dumbbell Set,East,Credit Card,1,426.21,0,426.21
ORD108284,CUST00772,2023-08-13,fashion,Denim Jacket,Central,Net Banking,1,1804.39,0,1804.39
ORD107949,CUST00028,2024-09-02,Electronics,Power Bank,West,UPI,1,2068.64,0,2068.64
ORD102606,CUST01033,2024-06-08,Fashion,Leather Wallet,Central,,1,2454.86,30,1718.4
ORD103487,CUST00938,2024-04-06,Electronics,Smartwatch,North,Debit Card,1,2744.78,0,2744.78
ORD102921,CUST01155,2023-03-29,Fashion,Denim Jacket,West,Debit Card,2,1900.08,15,3230.14
ORD105945,CUST00141,2023-11-03,Books,Cookbook,South,Cash on Delivery,2,626.71,0,1253.42
ORD101153,CUST00299,2024-07-23,Beauty,Lip Balm Set,East,Debit Card,1,415.67,0,415.67
ORD103585,CUST00573,2024-04-30,Books,Fiction Novel,South,Net Banking,2,357.18,20,571.49
ORD101207,CUST00199,2024-11-21,Fashion,Sunglasses,Central,Credit Card,1,646.92,10,582.23
ORD106867,CUST00361,2023-07-27,electronics,Laptop Sleeve,North,UPI,1,3773.5,0,3773.5
ORD102635,CUST00199,2024-11-23,Electronics,Wireless Earbuds,Central,Debit Card,1,1662.36,0,1662.36
ORD106201,CUST00336,2023-09-03,Electronics,Bluetooth Speaker,West,Net Banking,1,4418.63,30,3093.04
ORD103758,CUST00731,2023-08-31,Electronics,Smartwatch,North,Cash on Delivery,1,2017.52,0,2017.52
ORD103588,CUST00515,2024-06-16,sports,Cricket Bat,East,Net Banking,1,2369.66,20,1895.73
ORD103421,CUST01016,2024-02-16,Home & Kitchen,Water Bottle,Central,UPI,2,1914.53,0,3829.06
ORD105292,CUST00438,2023-11-15,Beauty,Perfume,East,Debit Card,3,363.79,0,1091.37
ORD108135,CUST00322,2024-08-23,Beauty,Lip Balm Set,Central,UPI,2,1261.05,15,2143.78
ORD108619,CUST00904,2024-06-27,Beauty,Sunscreen SPF50,North,Credit Card,1,1246.78,0,1246.78
ORD103442,CUST00248,2023-09-01,Fashion,Cotton T-Shirt,Central,Cash on Delivery,1,505.83,0,505.83
ORD104385,CUST00158,2024-10-09,Beauty,Sunscreen SPF50,West,UPI,1,266.51,5,253.18
ORD101181,CUST00870,2024-08-26,Books,Business Biography,East,Net Banking,2,647.32,0,1294.64
ORD105297,CUST00640,2024-08-23,Electronics,Smartwatch,West,Credit Card,2,1864.29,10,3355.72
ORD104882,CUST00453,2024-01-22,Home & Kitchen,Cushion Cover,North,Net Banking,1,1440.19,0,1440.19
ORD100735,CUST00128,2024-03-14,Electronics,Laptop Sleeve,East,Credit Card,2,805.84,0,1611.68
ORD101137,CUST00537,2024-09-24,Sports,Cricket Bat,West,Debit Card,3,428.88,10,1157.98
ORD108648,CUST00846,2024-10-14,Fashion,Sunglasses,West,Debit Card,2,1872.69,15,3183.57
ORD106149,CUST00699,2023-08-09,Electronics,Bluetooth Speaker,South,Debit Card,2,1664.32,10,2995.78
ORD105371,CUST00520,2024-07-06,Sports,Yoga Mat,North,Cash on Delivery,2,2419.82,15,4113.69
ORD104323,CUST00845,2023-08-17,Home & Kitchen,Cushion Cover,East,Debit Card,1,1022.37,30,715.66
ORD106936,CUST00925,2024-05-25,Books,Business Biography,North,Credit Card,1,185.46,10,166.91
ORD108856,CUST00873,2023-12-25,Beauty,Face Serum,North,UPI,1,1223.19,10,1100.87
ORD104327,CUST01119,2024-09-01,Home & Kitchen,LED Lamp,North,UPI,1,236.94,10,213.25
ORD106106,CUST00143,2024-03-20,Beauty,Lip Balm Set,East,Credit Card,1,679.99,20,543.99
ORD108921,CUST00192,2024-05-20,Fashion,Running Shoes,East,Cash on Delivery,1,1282.44,10,1154.2
ORD103818,CUST00550,2024-06-22,Fashion,Cotton T-Shirt,East,Credit Card,1,1801.11,0,1801.11
ORD105259,CUST00238,2024-05-20,Home & Kitchen,Non-stick Pan,South,Credit Card,1,410.56,5,390.03
ORD103328,CUST01075,2024-09-13,Sports,Cycling Gloves,West,UPI,1,2492.38,0,2492.38
ORD104608,CUST00877,2023-04-09,Home & Kitchen,Storage Organizer,West,Net Banking,3,1767.51,0,5302.53
ORD105833,CUST01039,2024-12-17,Beauty,Perfume,North,Net Banking,1,955.32,5,907.55
ORD105758,CUST00406,2023-08-02,Electronics,Power Bank,West,Debit Card,2,1998.84,10,3597.91
ORD100636,CUST00361,2023-08-09,Fashion,Running Shoes,South,Debit Card,1,2323.72,15,1975.16
ORD102468,CUST00804,2023-03-23,Electronics,Bluetooth Speaker,North,Debit Card,2,3846.39,0,7692.78
ORD107054,CUST00664,2024-03-10,Electronics,Bluetooth Speaker,West,Debit Card,1,3052.77,10,2747.49
ORD100108,CUST01176,2024-02-21,Electronics,Power Bank,Central,Debit Card,1,1491.58,0,1491.58
ORD106475,CUST00701,2024-11-27,Books,Business Biography,North,Debit Card,2,622.95,0,1245.9
ORD106574,CUST00104,2024-11-11,Fashion,Sunglasses,Central,Cash on Delivery,1,1822.61,0,1822.61
ORD107438,CUST00904,2024-08-15,Fashion,Sunglasses,South,UPI,2,1145.98,0,2291.96
ORD100279,CUST00128,2024-03-06,Fashion,Cotton T-Shirt,North,UPI,1,1826.84,0,1826.84
ORD107594,CUST01023,2024-06-17,Fashion,Running Shoes,South,Debit Card,1,1398.61,0,1398.61
ORD106591,CUST00037,2024-07-28,Home & Kitchen,LED Lamp,South,Cash on Delivery,1,1019.1,15,866.24
ORD106028,CUST00467,2024-03-15,Electronics,Bluetooth Speaker,North,Credit Card,2,2397.95,0,4795.9
ORD102395,CUST00083,2024-11-11,Fashion,Cotton T-Shirt,Central,Cash on Delivery,1,610.61,10,549.55
ORD106870,CUST01169,2023-08-26,Sports,Yoga Mat,East,Credit Card,1,2076.1,10,1868.49
ORD102924,CUST00471,2024-05-21,Home & Kitchen,Non-stick Pan,Central,Cash on Delivery,1,1598.32,15,1358.57
ORD105047,CUST01143,2024-09-22,Books,Kids Storybook,West,UPI,1,598.3,20,478.64
ORD102797,CUST00221,2023-06-08,Electronics,Power Bank,West,UPI,2,2522.04,10,4539.67
ORD101820,CUST00228,2023-07-28,Electronics,Bluetooth Speaker,Central,Cash on Delivery,1,1696.87,15,1442.34
ORD106124,CUST00346,2023-07-13,Sports,Dumbbell Set,North,Credit Card,1,2861.13,5,2718.07
ORD108959,CUST00894,2024-07-10,Electronics,Bluetooth Speaker,West,UPI,2,3594.37,0,7188.74
ORD106731,CUST00541,2024-03-26,Electronics,Wireless Earbuds,South,UPI,1,2581.39,0,2581.39
ORD100138,CUST00783,2023-06-20,Sports,Cricket Bat,West,UPI,1,2143.74,0,2143.74
ORD101143,CUST00613,2024-02-11,Books,Kids Storybook,East,Net Banking,1,162.83,15,138.41
ORD101854,CUST00519,2024-06-05,sports,Resistance Bands,East,Debit Card,2,1404.53,0,2809.06
ORD105638,CUST00745,2023-05-30,Beauty,Hair Dryer,Central,Cash on Delivery,1,314.92,0,314.92
ORD101294,CUST01137,2024-04-25,Electronics,Bluetooth Speaker,East,UPI,1,1520.15,0,1520.15
ORD106726,CUST00916,2024-02-19,Sports,Cricket Bat,South,Debit Card,3,2409.28,0,7227.84
ORD106424,CUST00204,2023-02-13,Beauty,Lip Balm Set,Central,Credit Card,1,1462.47,0,1462.47
ORD105308,CUST01080,2024-04-25,Books,Self-Help Book,North,Credit Card,1,554.56,0,554.56
ORD102612,CUST00128,2024-07-25,Books,Kids Storybook,Central,Cash on Delivery,1,638.66,0,638.66
ORD100595,CUST00937,2024-02-12,Electronics,Laptop Sleeve,East,Credit Card,1,2683.72,5,2549.53
ORD108935,CUST00745,2024-03-13,Fashion,Running Shoes,Central,Credit Card,1,2259.55,0,2259.55
ORD106488,CUST00128,2024-02-11,Beauty,Lip Balm Set,East,UPI,1,927.54,10,834.79
ORD100913,CUST00946,2024-02-29,Books,Self-Help Book,West,UPI,1,520.95,5,494.9
ORD102153,CUST00114,2023-06-18,Home & Kitchen,LED Lamp,South,UPI,1,441.87,30,309.31
ORD107268,CUST00623,2023-04-08,Beauty,Sunscreen SPF50,,UPI,2,1164.14,10,2095.45
ORD107262,CUST00525,2024-09-08,Electronics,Wireless Earbuds,Central,Cash on Delivery,1,2756.81,10,2481.13
ORD102840,CUST00136,2023-09-20,Home & Kitchen,Storage Organizer,North,UPI,1,1379.66,0,1379.66
ORD108462,CUST00060,2024-03-17,Fashion,Running Shoes,West,Debit Card,2,822.35,10,1480.23
ORD108551,CUST00812,2024-07-01,Electronics,Wireless Earbuds,North,Cash on Delivery,1,1704.14,0,1704.14
ORD100120,CUST01192,2023-04-22,Home & Kitchen,Non-stick Pan,North,Net Banking,2,635.64,0,1271.28
ORD104072,CUST01100,2023-01-13,Electronics,Smartwatch,Central,Credit Card,2,1915.41,0,3830.82
ORD107582,CUST00785,2023-08-11,Books,Fiction Novel,East,Credit Card,1,500.13,15,425.11
ORD101586,CUST00225,2024-10-04,Books,Kids Storybook,North,Debit Card,1,214.32,0,214.32
ORD107417,CUST00213,2024-07-28,Home & Kitchen,Non-stick Pan,North,Credit Card,1,907.05,0,907.05
ORD105282,CUST00247,2024-05-01,Home & Kitchen,Water Bottle,South,Credit Card,1,1159.13,0,1159.13
ORD101152,CUST00395,2024-05-10,Electronics,Wireless Earbuds,East,Credit Card,2,2053.11,5,3900.91
ORD101373,CUST00141,2023-10-12,Electronics,Laptop Sleeve,South,UPI,2,3211.9,0,6423.8
ORD100037,CUST00628,2023-01-28,Electronics,Smartwatch,East,Credit Card,1,2596.68,5,2466.85
ORD104133,CUST00667,2024-05-19,Books,Kids Storybook,West,Debit Card,1,165.14,0,165.14
ORD106895,CUST00623,2023-04-15,Sports,Resistance Bands,North,,1,1752.36,10,1577.12
ORD104310,CUST00521,2023-08-05,Home & Kitchen,LED Lamp,West,UPI,1,718.25,0,718.25
ORD100111,CUST00683,2024-02-22,Fashion,Denim Jacket,South,Credit Card,1,2312.41,0,2312.41
ORD108752,CUST01055,2024-11-24,Home & Kitchen,Cushion Cover,North,Credit Card,2,1505.57,0,3011.14
ORD101246,CUST00929,2024-05-30,Books,Kids Storybook,East,Debit Card,1,461.02,0,461.02
ORD103655,CUST00220,2023-10-31,Fashion,Sunglasses,South,Credit Card,1,723.99,0,723.99
ORD108711,CUST00300,2024-11-04,Sports,Cycling Gloves,South,UPI,2,279.42,15,475.01
ORD103226,CUST01089,2023-05-31,Fashion,Sunglasses,Central,Debit Card,1,1018.86,0,1018.86
ORD101244,CUST00937,2024-03-24,Electronics,Power Bank,West,UPI,1,1442.09,0,1442.09
ORD107426,CUST00835,2024-11-23,Beauty,Lip Balm Set,Central,UPI,2,1435.47,10,2583.85
ORD106230,CUST00928,2024-07-30,Fashion,Running Shoes,North,UPI,1,1157.58,0,1157.58
ORD105877,CUST00191,2024-06-21,Electronics,Smartwatch,South,Cash on Delivery,1,4134.04,0,4134.04
ORD101847,CUST00269,2023-10-23,Home & Kitchen,Water Bottle,East,UPI,2,1015.44,15,1726.25
ORD103619,CUST00944,2024-11-04,Sports,Cycling Gloves,South,Credit Card,1,1099.0,5,1044.05
ORD108822,CUST00221,2023-07-11,Fashion,Cotton T-Shirt,West,Credit Card,2,1414.43,0,2828.86
ORD101295,CUST00192,2024-05-31,Books,Business Biography,South,Net Banking,3,567.22,0,1701.66
ORD108942,CUST00590,2024-11-10,Fashion,Running Shoes,South,UPI,1,403.64,0,403.64
ORD107548,CUST00718,2024-04-25,Fashion,Cotton T-Shirt,North,UPI,2,534.47,10,962.05
ORD107929,CUST01140,2024-03-10,Sports,Yoga Mat,Central,Credit Card,1,1990.67,5,1891.14
ORD101726,CUST00068,2024-02-05,Home & Kitchen,Cushion Cover,East,Debit Card,1,497.79,0,497.79
ORD108463,CUST00581,2024-05-13,Sports,Cricket Bat,West,Debit Card,1,683.65,5,649.47
ORD106191,CUST00458,2024-03-24,Beauty,Perfume,East,Net Banking,1,795.45,0,795.45
ORD100035,CUST00464,2024-01-11,Sports,Yoga Mat,South,UPI,1,2853.27,5,2710.61
ORD103836,CUST00363,2024-02-18,Electronics,Bluetooth Speaker,West,,2,2596.25,5,4932.88
ORD103444,CUST00779,2024-01-29,Electronics,Bluetooth Speaker,South,Credit Card,1,4404.36,0,4404.36
ORD101721,CUST00228,2023-06-29,Fashion,Running Shoes,South,Debit Card,1,992.87,0,992.87
ORD106546,CUST00976,2024-04-03,Fashion,Denim Jacket,East,Cash on Delivery,1,1927.38,15,1638.27
ORD108536,CUST00161,2024-11-30,Electronics,Smartwatch,East,Debit Card,1,3383.24,0,3383.24
ORD102129,CUST00518,2024-12-12,Electronics,Laptop Sleeve,South,Debit Card,2,2533.68,5,4813.99
ORD100848,CUST00005,2023-06-03,Electronics,Wireless Earbuds,North,UPI,1,2778.76,5,2639.82
ORD105361,CUST00001,2023-05-24,Electronics,Laptop Sleeve,North,,1,3399.33,0,3399.33
ORD101632,CUST00970,2023-10-06,Beauty,Sunscreen SPF50,East,Cash on Delivery,1,1482.26,0,1482.26
ORD101394,CUST00071,2024-09-26,Electronics,Bluetooth Speaker,West,UPI,1,1265.82,5,1202.53
ORD106750,CUST00646,2023-09-03,Beauty,Sunscreen SPF50,North,Debit Card,2,825.84,10,1486.51
ORD101618,CUST00730,2023-12-11,Sports,Cricket Bat,South,Credit Card,1,314.14,30,219.9
ORD106210,CUST00772,2023-04-30,Fashion,Denim Jacket,South,UPI,1,1297.93,15,1103.24
ORD102992,CUST00128,2024-02-25,Home & Kitchen,Storage Organizer,South,Credit Card,1,814.5,0,814.5
ORD101895,CUST00937,2023-12-16,Home & Kitchen,Cushion Cover,Central,Debit Card,1,1531.63,0,1531.63
ORD101542,CUST00217,2023-09-24,Fashion,Denim Jacket,South,Credit Card,1,1736.2,0,1736.2
ORD107326,CUST00639,2023-09-15,Electronics,Bluetooth Speaker,Central,Credit Card,2,1844.46,0,3688.92
ORD101727,CUST01022,2024-04-12,Electronics,Smartwatch,South,Credit Card,1,3947.7,0,3947.7
ORD106930,CUST00380,2024-04-07,Fashion,Sunglasses,Central,Net Banking,1,824.83,0,824.83
ORD106300,CUST00826,2024-09-13,Electronics,Wireless Earbuds,North,Debit Card,1,2861.74,0,2861.74
ORD106708,CUST00834,2023-07-17,Home & Kitchen,Water Bottle,South,Net Banking,2,1949.59,0,3899.18
ORD100627,CUST00419,2023-12-17,Fashion,Sunglasses,Central,Debit Card,2,2407.23,20,3851.57
ORD105367,CUST00889,2024-07-24,Beauty,Sunscreen SPF50,North,Net Banking,2,233.97,0,467.94
ORD108152,CUST00338,2024-03-18,Sports,Cycling Gloves,North,UPI,1,2818.63,10,2536.77
ORD108803,CUST00745,2023-10-10,Beauty,Sunscreen SPF50,Central,Net Banking,1,873.77,0,873.77
ORD104168,CUST00601,2024-05-23,Fashion,Leather Wallet,South,UPI,2,2358.78,0,4717.56
ORD104426,CUST00745,2023-05-11,fashion,Leather Wallet,,Credit Card,1,2264.93,10,2038.44
ORD103401,CUST01086,2024-09-27,Fashion,Denim Jacket,East,Credit Card,1,1068.66,0,1068.66
ORD103815,CUST00412,2024-02-07,Fashion,Cotton T-Shirt,East,Credit Card,2,1248.56,0,2497.12
ORD104553,CUST00908,2024-03-21,Electronics,Power Bank,Central,Debit Card,2,2274.64,5,4321.82
ORD104177,CUST00652,2024-07-02,Electronics,Bluetooth Speaker,East,Credit Card,2,2311.93,0,4623.86
ORD100448,CUST00352,2023-04-26,Electronics,Bluetooth Speaker,North,Credit Card,4,2309.37,10,8313.73
ORD100207,CUST01076,2023-09-15,Fashion,Leather Wallet,West,UPI,1,1208.98,10,1088.08
ORD104213,CUST01069,2024-03-13,Electronics,Wireless Earbuds,East,Debit Card,1,4155.37,20,3324.3
ORD100981,CUST00081,2024-05-18,Beauty,Face Serum,East,Credit Card,3,568.18,0,1704.54
ORD106706,CUST00721,2023-06-08,Sports,Cycling Gloves,West,Credit Card,1,379.88,5,360.89
ORD106543,CUST00031,2023-09-13,Home & Kitchen,LED Lamp,West,Net Banking,1,1424.76,15,1211.05
ORD106396,CUST00422,2024-06-03,Beauty,Lip Balm Set,South,Debit Card,1,439.31,10,395.38
ORD102980,CUST00264,2024-02-26,Electronics,Wireless Earbuds,South,UPI,2,3940.95,10,7093.71
ORD108016,CUST00128,2024-02-15,Home & Kitchen,Non-stick Pan,North,UPI,1,1919.55,0,1919.55
ORD106228,CUST00866,2024-10-24,Electronics,Laptop Sleeve,North,Debit Card,1,1891.24,10,1702.12
ORD105868,CUST00044,2024-05-29,Home & Kitchen,LED Lamp,North,Net Banking,1,792.68,0,792.68
ORD108496,CUST00255,2024-10-02,Fashion,Sunglasses,South,UPI,2,442.31,10,796.16
ORD107847,CUST00920,2024-06-02,Sports,Dumbbell Set,Central,Net Banking,1,2175.18,0,2175.18
ORD108238,CUST00467,2024-01-15,Books,Self-Help Book,Central,Debit Card,1,498.05,0,498.05
ORD105204,CUST00580,2023-05-18,Beauty,Perfume,South,Debit Card,1,847.17,0,847.17
ORD107969,CUST00280,2023-09-05,Electronics,Laptop Sleeve,South,Debit Card,1,1720.13,0,1720.13
ORD103476,CUST00828,2023-10-16,Electronics,Smartwatch,South,UPI,2,2883.83,20,4614.13
ORD108049,CUST00401,2024-10-06,Fashion,Sunglasses,West,Net Banking,2,1120.98,10,2017.76
ORD107424,CUST00918,2023-09-18,Electronics,Power Bank,Central,Net Banking,2,3215.73,0,6431.46
ORD108389,CUST00942,2024-02-08,Home & Kitchen,Non-stick Pan,East,Debit Card,1,1523.29,0,1523.29
ORD101770,CUST00740,2024-07-15,Home & Kitchen,Water Bottle,South,Net Banking,1,479.17,0,479.17
ORD106626,CUST00422,2024-07-04,Electronics,Wireless Earbuds,South,Debit Card,2,3076.02,0,6152.04
ORD102019,CUST00149,2024-01-22,Electronics,Bluetooth Speaker,North,Debit Card,1,3773.96,5,3585.26
ORD104762,CUST00041,2024-08-28,Fashion,Running Shoes,Central,Credit Card,1,2112.48,5,2006.86
ORD107999,CUST00583,2023-08-19,Sports,Cricket Bat,East,Debit Card,1,650.16,10,585.14
ORD107192,CUST00646,2024-01-10,Home & Kitchen,Storage Organizer,West,UPI,1,540.53,0,540.53
ORD102973,CUST00646,2024-02-24,Fashion,Denim Jacket,South,Debit Card,1,2316.19,0,2316.19
ORD105460,CUST00773,2024-07-28,Electronics,Power Bank,South,UPI,1,3208.38,10,2887.54
ORD101585,CUST00891,2024-09-27,Electronics,Smartwatch,North,Credit Card,1,1157.75,15,984.09
ORD106359,CUST00788,2023-05-16,Electronics,Bluetooth Speaker,West,Cash on Delivery,1,3225.58,0,3225.58
ORD106378,CUST00547,2024-06-30,Books,Business Biography,South,UPI,1,249.5,10,224.55
ORD108513,CUST00055,2023-11-03,Home & Kitchen,Cushion Cover,South,Credit Card,2,1290.02,30,1806.03
ORD101052,CUST00183,2024-11-18,Home & Kitchen,Water Bottle,North,Credit Card,1,221.43,0,221.43
ORD106339,CUST00375,2023-06-15,Beauty,Sunscreen SPF50,West,Debit Card,1,229.51,0,229.51
ORD105176,CUST01007,2024-08-14,Beauty,Sunscreen SPF50,North,Cash on Delivery,1,459.34,10,413.41
ORD105324,CUST01116,2023-10-15,Sports,Cricket Bat,Central,UPI,1,1506.43,0,1506.43
ORD103526,CUST00252,2023-11-18,Home & Kitchen,LED Lamp,Central,Debit Card,1,608.94,0,608.94
ORD107254,CUST00186,2024-09-26,Home & Kitchen,LED Lamp,South,Cash on Delivery,1,1392.95,0,1392.95
ORD104317,CUST01176,2023-12-08,Beauty,Face Serum,Central,Credit Card,1,871.61,15,740.87
ORD102108,CUST00002,2024-11-11,Fashion,Leather Wallet,Central,Net Banking,1,1033.3,5,981.63
ORD101085,CUST00260,2024-10-21,Home & Kitchen,Water Bottle,West,Cash on Delivery,1,1974.73,0,1974.73
ORD107697,CUST00191,2024-06-04,Electronics,Wireless Earbuds,East,UPI,1,3076.3,0,3076.3
ORD105176,CUST01007,2024-08-14,Beauty,Sunscreen SPF50,North,Cash on Delivery,1,459.34,10,413.41
ORD100766,CUST00580,2023-03-20,Beauty,Lip Balm Set,East,Credit Card,1,166.29,5,157.98
ORD101746,CUST00816,2024-01-04,Home & Kitchen,Water Bottle,East,Debit Card,2,1405.8,0,2811.6
ORD105917,CUST00199,2024-10-19,Electronics,Wireless Earbuds,North,Credit Card,1,2559.85,5,2431.86
ORD101008,CUST00225,2024-12-01,Sports,Cycling Gloves,East,UPI,1,2413.29,15,2051.3
ORD107649,CUST01140,2024-01-08,Books,Business Biography,West,Net Banking,1,188.7,0,188.7
ORD100622,CUST00745,2023-07-21,Beauty,Perfume,Central,Net Banking,1,1176.82,15,1000.3
ORD105058,CUST00418,2024-12-12,Beauty,Face Serum,Central,Cash on Delivery,1,1306.81,20,1045.45
ORD103928,CUST01161,2023-11-06,Sports,Dumbbell Set,East,Cash on Delivery,2,1733.61,0,3467.22
ORD106547,CUST00234,2024-04-08,Beauty,Perfume,East,UPI,2,503.67,5,956.97
ORD106179,CUST00338,2023-12-24,Beauty,Sunscreen SPF50,East,Cash on Delivery,1,966.47,20,773.18
ORD104905,CUST00300,2024-10-21,Electronics,Wireless Earbuds,North,UPI,2,2607.7,10,4693.86
ORD104816,CUST00608,2023-08-16,Fashion,Running Shoes,East,Net Banking,1,660.52,15,561.44
ORD103356,CUST00380,2024-05-26,Fashion,Cotton T-Shirt,North,UPI,1,506.16,0,506.16
ORD103507,CUST00083,2024-03-11,Fashion,Denim Jacket,South,Credit Card,1,772.04,10,694.84
ORD104303,CUST00034,2024-04-13,Fashion,Cotton T-Shirt,East,Net Banking,2,1698.92,15,2888.16
ORD103430,CUST00120,2024-12-03,Electronics,Power Bank,North,Credit Card,1,2125.8,0,2125.8
ORD107484,CUST00288,2024-01-18,Beauty,Lip Balm Set,South,UPI,2,347.74,20,556.38
ORD102791,CUST01013,2024-10-03,Fashion,Denim Jacket,North,UPI,1,1648.17,10,1483.35
ORD102621,CUST00518,2024-12-09,Sports,Cricket Bat,Central,UPI,1,2704.33,5,2569.11
ORD103615,CUST01182,2023-05-07,Electronics,Bluetooth Speaker,Central,UPI,1,3464.65,0,3464.65
ORD101962,CUST00904,2024-06-30,Beauty,Perfume,West,UPI,1,591.16,15,502.49
ORD105010,CUST00030,2023-06-26,Beauty,Lip Balm Set,South,Credit Card,1,684.08,20,547.26
ORD104803,CUST00641,2024-11-25,Electronics,Wireless Earbuds,East,Net Banking,2,1212.96,0,2425.92
ORD108334,CUST00580,2023-04-21,Sports,Resistance Bands,Central,Debit Card,1,872.94,0,872.94
ORD106947,CUST00091,2023-07-10,Beauty,Lip Balm Set,North,UPI,2,1210.27,10,2178.49
ORD104060,CUST00108,2024-05-23,Electronics,Laptop Sleeve,,UPI,3,2972.7,0,8918.1
ORD104698,CUST00190,2024-12-07,Fashion,Leather Wallet,South,Net Banking,1,1870.0,15,1589.5
ORD105621,CUST00592,2024-11-20,Sports,Yoga Mat,South,Net Banking,1,512.03,20,409.62
ORD106496,CUST00916,2023-09-14,fashion,Cotton T-Shirt,West,Credit Card,1,309.25,5,293.79
ORD103942,CUST01154,2024-02-09,fashion,Cotton T-Shirt,West,Credit Card,4,2285.68,5,8685.58
ORD108702,CUST00147,2023-08-14,Electronics,Laptop Sleeve,South,UPI,1,1419.03,0,1419.03
ORD108304,CUST00795,2024-12-09,Sports,Dumbbell Set,West,Debit Card,1,1671.07,5,1587.52
ORD100691,CUST00491,2024-03-03,Beauty,Hair Dryer,East,Credit Card,2,786.67,0,1573.34
ORD107177,CUST00128,2024-03-28,Home & Kitchen,Water Bottle,East,Debit Card,1,1578.94,10,1421.05
ORD101455,CUST00541,2023-06-06,Fashion,Running Shoes,South,Credit Card,1,1026.47,0,1026.47
ORD104449,CUST00568,2023-08-16,Fashion,Leather Wallet,North,UPI,3,516.98,30,1085.66
ORD104473,CUST00211,2024-12-04,Home & Kitchen,Water Bottle,East,Credit Card,1,279.82,0,279.82
ORD106310,CUST00199,2024-09-25,Electronics,Wireless Earbuds,North,Debit Card,2,2871.45,10,5168.61
ORD103978,CUST00336,2023-10-20,Sports,Yoga Mat,Central,Credit Card,3,2161.28,0,6483.84
ORD106886,CUST00387,2024-11-02,Books,Fiction Novel,North,UPI,1,453.21,0,453.21
ORD104575,CUST01074,2023-06-08,Electronics,Bluetooth Speaker,Central,Debit Card,1,2703.64,5,2568.46
ORD102026,CUST00705,2023-10-04,Sports,Dumbbell Set,West,Debit Card,1,2215.8,10,1994.22
ORD105407,CUST01001,2024-12-16,Home & Kitchen,LED Lamp,South,Credit Card,1,1693.47,10,1524.12
ORD107306,CUST01180,2024-01-17,Electronics,Smartwatch,West,UPI,1,3198.69,10,2878.82
ORD108517,CUST00361,2023-08-14,Books,Kids Storybook,North,Net Banking,1,321.12,0,321.12
ORD103341,CUST00698,2024-10-10,Electronics,Bluetooth Speaker,South,Debit Card,1,2208.84,5,2098.4
ORD107618,CUST00631,2023-10-31,Sports,Dumbbell Set,West,Debit Card,1,2004.54,30,1403.18
ORD104322,CUST01131,2023-10-09,Home & Kitchen,Cushion Cover,West,Net Banking,1,1542.86,10,1388.57
ORD106293,CUST00080,2024-07-26,Beauty,Hair Dryer,North,Credit Card,1,611.75,0,611.75
ORD105649,CUST00248,2023-07-07,Books,Self-Help Book,South,Credit Card,1,246.03,10,221.43
ORD104266,CUST00746,2024-03-11,Sports,Cricket Bat,South,Cash on Delivery,1,2120.01,15,1802.01
ORD100798,CUST00699,2023-08-09,Electronics,Wireless Earbuds,West,Credit Card,1,2850.99,10,2565.89
ORD103665,CUST00199,2024-09-16,Electronics,Power Bank,West,Credit Card,2,2233.68,0,4467.36
ORD102956,CUST00128,2024-02-10,Home & Kitchen,LED Lamp,North,UPI,1,1079.03,0,1079.03
ORD107888,CUST00295,2024-05-22,Fashion,Cotton T-Shirt,West,Credit Card,1,1468.69,0,1468.69
ORD104108,CUST00808,2024-10-25,Electronics,Wireless Earbuds,East,Debit Card,1,2319.16,20,1855.33
ORD102728,CUST00210,2024-03-21,Electronics,Smartwatch,South,Cash on Delivery,2,4446.55,20,7114.48
ORD101310,CUST00860,2023-12-01,Beauty,Face Serum,West,UPI,4,159.79,10,575.24
ORD108656,CUST00169,2024-03-13,Beauty,Face Serum,Central,UPI,1,202.83,0,202.83
ORD101755,CUST00196,2024-08-19,Electronics,Laptop Sleeve,South,Credit Card,1,1304.87,10,1174.38
ORD106422,CUST00128,2024-05-30,Electronics,Bluetooth Speaker,South,Debit Card,3,3021.39,10,8157.75
ORD103629,CUST00308,2023-03-03,Sports,Resistance Bands,North,Credit Card,1,1788.87,0,1788.87
ORD105709,CUST00089,2024-08-25,Sports,Resistance Bands,South,Credit Card,1,1239.47,15,1053.55
ORD101412,CUST00199,2024-09-12,Fashion,Denim Jacket,North,Credit Card,2,1551.73,5,2948.29
ORD106154,CUST00308,2023-07-03,Fashion,Cotton T-Shirt,Central,UPI,2,884.93,5,1681.37
ORD106799,CUST01077,2024-11-02,Beauty,Sunscreen SPF50,South,Debit Card,3,786.72,5,2242.15
ORD108501,CUST00679,2024-12-08,Electronics,Smartwatch,North,UPI,1,1884.22,5,1790.01
ORD101674,CUST01061,2023-10-25,Home & Kitchen,Storage Organizer,West,Cash on Delivery,1,489.72,10,440.75
ORD107496,CUST00005,2023-03-30,Electronics,Bluetooth Speaker,Central,UPI,1,3906.66,10,3515.99
ORD102939,CUST00455,2023-08-08,Electronics,Wireless Earbuds,Central,UPI,2,3300.78,5,6271.48
ORD107106,CUST00211,2024-10-13,Electronics,Bluetooth Speaker,North,Credit Card,3,4185.94,10,11302.04
ORD106326,CUST01177,2023-04-03,Electronics,Smartwatch,Central,Credit Card,1,4198.37,10,3778.53
ORD107659,CUST00772,2024-06-04,Electronics,Wireless Earbuds,North,Debit Card,3,3634.25,0,10902.75
ORD106136,CUST00521,2024-01-28,Electronics,Power Bank,North,UPI,3,1428.89,0,4286.67
ORD108682,CUST00750,2024-07-30,Beauty,Face Serum,East,Net Banking,1,771.35,5,732.78
ORD105560,CUST00742,2023-10-21,Home & Kitchen,LED Lamp,West,Credit Card,2,1235.88,5,2348.17
ORD106700,CUST00983,2024-09-18,Electronics,Wireless Earbuds,Central,UPI,1,1202.95,0,1202.95
ORD104220,CUST00302,2024-12-10,Electronics,Power Bank,East,Credit Card,1,3151.87,0,3151.87
ORD102211,CUST00415,2023-06-21,Electronics,Bluetooth Speaker,East,Debit Card,1,4309.02,0,4309.02
ORD108934,CUST01107,2023-09-28,Fashion,Denim Jacket,South,Net Banking,2,1269.03,10,2284.25
ORD106285,CUST01143,2024-10-24,Fashion,Denim Jacket,East,UPI,2,636.75,0,1273.5
ORD102075,CUST00884,2024-05-11,Home & Kitchen,Water Bottle,Central,UPI,1,852.26,15,724.42
ORD106325,CUST00414,2024-10-15,electronics,Wireless Earbuds,Central,Credit Card,2,1766.02,0,3532.04
ORD105901,CUST00199,2024-09-05,Fashion,Running Shoes,North,UPI,3,641.18,10,1731.19
ORD108634,CUST00165,2024-12-19,Electronics,Smartwatch,West,Cash on Delivery,1,2860.49,5,2717.47
ORD105158,CUST00005,2023-04-08,Fashion,Leather Wallet,South,Debit Card,1,1350.94,20,1080.75
ORD106643,CUST00234,2024-06-16,Home & Kitchen,Water Bottle,East,UPI,1,1880.13,10,1692.12
ORD107828,CUST01016,2024-02-16,Fashion,Running Shoes,North,Credit Card,1,2248.91,15,1911.57
ORD108890,CUST00116,2024-06-22,Electronics,Laptop Sleeve,North,Credit Card,1,4108.78,0,4108.78
ORD106007,CUST00125,2023-11-27,Books,Cookbook,South,Credit Card,2,506.43,10,911.57
ORD103462,CUST00580,2023-04-06,Books,Business Biography,North,Debit Card,1,446.69,0,446.69
ORD102497,CUST00646,2023-12-30,Fashion,Cotton T-Shirt,North,UPI,1,2158.33,0,2158.33
ORD105470,CUST00417,2024-11-11,Sports,Resistance Bands,Central,UPI,1,2182.04,0,2182.04
ORD107271,CUST00415,2023-08-24,Electronics,Laptop Sleeve,West,UPI,1,3229.37,20,2583.5
ORD105019,CUST00795,2024-12-01,Fashion,Leather Wallet,East,Debit Card,1,2288.92,0,2288.92
ORD100313,CUST00995,2024-09-09,Beauty,Lip Balm Set,,UPI,1,552.39,0,552.39
ORD106857,CUST01004,2024-10-27,Fashion,Sunglasses,West,Cash on Delivery,1,1136.58,20,909.26
ORD103609,CUST00612,2023-12-14,Electronics,Power Bank,North,Credit Card,1,2422.91,15,2059.47
ORD102712,CUST00667,2023-11-01,Sports,Cricket Bat,Central,Credit Card,1,848.21,0,848.21
ORD108460,CUST00331,2024-08-25,Electronics,Bluetooth Speaker,Central,Debit Card,1,1869.8,0,1869.8
ORD107422,CUST00202,2024-11-29,Electronics,Bluetooth Speaker,North,Credit Card,1,2281.9,0,2281.9
ORD107293,CUST00128,2024-03-23,Home & Kitchen,Non-stick Pan,South,Credit Card,1,1249.46,5,1186.99
ORD105230,CUST01082,2023-12-11,Electronics,Power Bank,West,UPI,1,2129.45,0,2129.45
ORD105759,CUST00002,2024-04-05,Electronics,Bluetooth Speaker,West,UPI,2,1674.07,5,3180.73
ORD104699,CUST00983,2024-11-07,Electronics,Laptop Sleeve,West,Debit Card,2,987.3,5,1875.87
ORD108755,CUST00171,2024-12-13,Home & Kitchen,Cushion Cover,South,Debit Card,2,826.84,5,1571.0
ORD100126,CUST00560,2024-09-01,Home & Kitchen,Cushion Cover,West,Credit Card,1,741.88,0,741.88
ORD103519,CUST01108,2024-04-13,Electronics,Wireless Earbuds,Central,Net Banking,1,2681.85,10,2413.66
ORD107186,CUST00749,2023-10-09,Fashion,Sunglasses,East,UPI,1,1252.39,0,1252.39
ORD108141,CUST00152,2024-11-15,Home & Kitchen,Cushion Cover,West,UPI,1,1065.61,0,1065.61
ORD105494,CUST00128,2024-04-25,Electronics,Wireless Earbuds,West,UPI,2,4221.51,0,8443.02
ORD106680,CUST00656,2023-08-29,Books,Cookbook,West,Credit Card,1,288.69,0,288.69
ORD104895,CUST00402,2024-01-24,Electronics,Wireless Earbuds,West,Debit Card,1,3901.84,20,3121.47
ORD102222,CUST01147,2024-12-07,Home & Kitchen,Water Bottle,North,Debit Card,1,1731.99,0,1731.99
ORD106876,CUST00970,2023-06-09,beauty,Hair Dryer,South,UPI,1,729.39,10,656.45
ORD105865,CUST00699,2023-07-14,Home & Kitchen,Water Bottle,South,Credit Card,1,361.05,0,361.05
ORD101863,CUST00455,2024-03-24,Beauty,Perfume,Central,UPI,1,1062.93,20,850.34
ORD107557,CUST00417,2024-11-04,Fashion,Denim Jacket,North,UPI,1,1268.48,0,1268.48
ORD101272,CUST00567,2024-11-26,Home & Kitchen,Non-stick Pan,South,Credit Card,1,525.91,20,420.73
ORD100285,CUST00775,2024-03-27,Books,Cookbook,South,Net Banking,2,512.31,10,922.16
ORD103218,CUST00996,2023-12-08,Fashion,Leather Wallet,East,Debit Card,2,965.97,0,1931.94
ORD107494,CUST00918,2023-08-24,Fashion,Running Shoes,North,Debit Card,1,643.53,20,514.82
ORD105353,CUST00410,2023-05-28,Electronics,Laptop Sleeve,South,Cash on Delivery,2,3058.18,15,5198.91
ORD107073,CUST00375,2024-03-21,Books,Fiction Novel,North,UPI,2,411.56,0,823.12
ORD106512,CUST00892,2024-06-16,Sports,Cricket Bat,North,UPI,1,1825.63,0,1825.63
ORD107889,CUST00248,2023-08-13,Sports,Dumbbell Set,East,Cash on Delivery,1,2014.55,0,2014.55
ORD100171,CUST00920,2024-01-06,Fashion,Leather Wallet,South,Net Banking,1,902.01,0,902.01
ORD107629,CUST00317,2024-09-01,Beauty,Perfume,Central,UPI,1,392.48,20,313.98
ORD107441,CUST00048,2023-01-31,Fashion,Leather Wallet,Central,UPI,2,579.81,0,1159.62
ORD108301,CUST00386,2023-11-20,Home & Kitchen,Cushion Cover,North,UPI,4,710.97,0,2843.88
ORD103514,CUST01039,2024-09-24,Sports,Cycling Gloves,South,Debit Card,2,2884.84,15,4904.23
ORD107780,CUST00251,2024-09-17,Fashion,Leather Wallet,East,Net Banking,1,1857.96,0,1857.96
ORD100250,CUST00904,2024-07-02,Fashion,Cotton T-Shirt,North,Debit Card,1,851.93,5,809.33
ORD101667,CUST00652,2024-08-03,Sports,Resistance Bands,South,Credit Card,1,1350.89,10,1215.8
ORD105216,CUST01022,2024-07-26,Electronics,Laptop Sleeve,West,Credit Card,2,1871.93,0,3743.86
ORD102089,CUST00076,2023-10-21,Fashion,Leather Wallet,West,UPI,3,2376.95,0,7130.85
ORD104144,CUST00471,2024-05-31,Beauty,Face Serum,South,Credit Card,1,723.53,0,723.53
ORD108690,CUST00083,2024-04-04,Home & Kitchen,Water Bottle,North,Credit Card,3,1924.0,20,4617.6
ORD103970,CUST00093,2024-02-02,Electronics,Bluetooth Speaker,South,Net Banking,2,2794.59,0,5589.18
ORD104207,CUST01176,2023-10-31,Sports,Yoga Mat,West,UPI,1,615.65,20,492.52
ORD101464,CUST00142,2024-10-25,Sports,Dumbbell Set,Central,Cash on Delivery,1,532.83,0,532.83
ORD100612,CUST00829,2023-04-18,Electronics,Power Bank,Central,UPI,2,2800.26,0,5600.52
ORD106845,CUST00360,2024-10-12,Fashion,Running Shoes,Central,Cash on Delivery,1,1468.44,0,1468.44
ORD102114,CUST00019,2024-11-08,Books,Business Biography,South,Debit Card,1,176.08,10,158.47
ORD106532,CUST00965,2024-09-13,Electronics,Bluetooth Speaker,Central,UPI,1,2893.15,0,2893.15
ORD105188,CUST00210,2024-02-24,Electronics,Laptop Sleeve,,UPI,2,3904.51,0,7809.02
ORD102751,CUST01008,2023-09-03,Beauty,Face Serum,South,UPI,1,620.32,15,527.27
ORD100881,CUST01089,2023-02-02,Books,Self-Help Book,South,Credit Card,1,335.59,0,335.59
ORD108397,CUST00937,2024-10-30,Fashion,Denim Jacket,South,UPI,1,1229.31,10,1106.38
ORD101232,CUST00165,2023-08-22,Electronics,Bluetooth Speaker,South,Debit Card,1,3517.18,0,3517.18
ORD101158,CUST00779,2023-11-30,Home & Kitchen,Non-stick Pan,Central,Credit Card,1,293.1,0,293.1
ORD105903,CUST00888,2024-10-15,Electronics,Bluetooth Speaker,North,Credit Card,1,3130.31,0,3130.31
ORD106100,CUST00385,2024-02-13,Beauty,Sunscreen SPF50,Central,UPI,1,349.58,5,332.1
ORD106484,CUST00968,2024-07-16,Beauty,Lip Balm Set,South,UPI,1,605.43,0,605.43
ORD104128,CUST00646,2024-06-03,Electronics,Smartwatch,East,Debit Card,3,848.74,15,2164.29
ORD108131,CUST00494,2024-08-04,Electronics,Power Bank,West,UPI,1,804.1,5,763.9
ORD108447,CUST00586,2024-11-02,Home & Kitchen,Water Bottle,West,Credit Card,1,1906.22,15,1620.29
ORD101337,CUST00128,2024-06-01,Home & Kitchen,Water Bottle,Central,UPI,2,1239.16,0,2478.32
ORD105412,CUST00490,2024-09-20,Electronics,Smartwatch,North,Debit Card,1,4426.56,0,4426.56
ORD108435,CUST00083,2024-01-21,Fashion,Cotton T-Shirt,Central,Cash on Delivery,1,344.88,15,293.15
ORD100959,CUST00381,2024-11-07,Home & Kitchen,Water Bottle,West,Cash on Delivery,1,1947.08,0,1947.08
ORD100200,CUST00455,2024-04-25,Electronics,Smartwatch,West,Credit Card,1,2395.57,0,2395.57
ORD104536,CUST00625,2024-07-02,Fashion,Cotton T-Shirt,West,Debit Card,1,420.03,20,336.02
ORD107224,CUST01074,2023-06-05,Electronics,Laptop Sleeve,North,,1,2156.24,30,1509.37
ORD105832,CUST00299,2024-04-03,Electronics,Bluetooth Speaker,North,UPI,1,3169.49,0,3169.49
ORD102886,CUST00928,2024-08-16,Sports,Cycling Gloves,North,UPI,2,2341.61,0,4683.22
ORD100567,CUST00068,2024-03-23,Home & Kitchen,Storage Organizer,North,UPI,1,501.45,0,501.45
ORD103424,CUST00404,2024-09-03,Home & Kitchen,Cushion Cover,Central,Cash on Delivery,1,727.32,0,727.32
ORD108911,CUST00055,2023-11-16,Home & Kitchen,Water Bottle,East,Debit Card,3,1728.52,10,4667.0
ORD102710,CUST00210,2024-04-05,Books,Kids Storybook,Central,Credit Card,4,313.27,10,1127.77
ORD102582,CUST00109,2024-01-02,Electronics,Smartwatch,South,Net Banking,1,1594.2,5,1514.49
ORD100344,CUST00471,2024-06-28,Fashion,Sunglasses,,Cash on Delivery,1,2071.26,0,2071.26
ORD104382,CUST00484,2024-02-07,Electronics,Smartwatch,North,UPI,2,2584.45,0,5168.9
ORD106897,CUST01061,2024-08-17,Electronics,Laptop Sleeve,North,Net Banking,1,2164.58,0,2164.58
ORD100572,CUST00195,2024-07-14,Sports,Yoga Mat,North,UPI,1,2731.99,15,2322.19
ORD105098,CUST00834,2023-02-15,Home & Kitchen,Storage Organizer,North,Credit Card,1,1817.12,0,1817.12
ORD105276,CUST00375,2023-05-21,Electronics,Power Bank,North,Credit Card,2,2342.55,0,4685.1
ORD108144,CUST00346,2023-10-21,Books,Self-Help Book,West,Debit Card,1,490.92,10,441.83
ORD104533,CUST01136,2024-05-12,Electronics,Laptop Sleeve,North,Net Banking,1,1889.79,10,1700.81
ORD108393,CUST00580,2024-11-04,Electronics,Wireless Earbuds,West,Net Banking,1,3536.51,20,2829.21
ORD104523,CUST00775,2023-05-18,Electronics,Smartwatch,East,Debit Card,1,3269.11,20,2615.29
ORD106277,CUST00803,2024-09-30,Sports,Yoga Mat,East,Cash on Delivery,1,2919.83,0,2919.83
ORD103955,CUST00380,2024-03-31,Electronics,Smartwatch,Central,UPI,4,2781.18,0,11124.72
ORD100373,CUST00527,2024-11-04,Sports,Yoga Mat,West,Debit Card,1,2409.27,20,1927.42
ORD105461,CUST01074,2023-10-30,Books,Self-Help Book,Central,Credit Card,1,300.84,30,210.59
ORD108540,CUST00745,2023-06-05,sports,Cricket Bat,West,UPI,1,1140.27,0,1140.27
ORD104166,CUST00248,2023-06-27,fashion,Denim Jacket,East,Debit Card,2,2448.57,0,4897.14
ORD100929,CUST00541,2023-04-28,Home & Kitchen,Storage Organizer,East,Debit Card,1,775.31,0,775.31
ORD108674,CUST00645,2023-05-02,Fashion,Cotton T-Shirt,West,UPI,2,1694.82,0,3389.64
ORD104469,CUST00798,2023-10-05,Sports,Cricket Bat,Central,Debit Card,2,2974.58,15,5056.79
ORD101788,CUST00809,2024-11-15,Sports,Cycling Gloves,South,Debit Card,1,456.96,10,411.26
ORD100966,CUST00993,2024-08-01,Sports,Resistance Bands,Central,Cash on Delivery,4,2695.98,10,9705.53
ORD106129,CUST00691,2024-02-19,Fashion,Sunglasses,South,Net Banking,1,2434.08,20,1947.26
ORD108217,CUST00199,2024-10-01,Books,Self-Help Book,North,Credit Card,1,652.59,5,619.96
ORD104768,CUST00916,2023-08-21,Fashion,Denim Jacket,North,Net Banking,2,1248.58,0,2497.16
ORD102702,CUST00991,2023-05-23,Fashion,Running Shoes,West,UPI,1,1057.33,20,845.86
ORD107906,CUST00375,2023-06-11,Electronics,Power Bank,North,Cash on Delivery,1,2937.22,5,2790.36
ORD101381,CUST00404,2024-09-11,Home & Kitchen,Storage Organizer,Central,UPI,3,1965.65,10,5307.26
ORD107309,CUST00455,2023-12-01,Electronics,Laptop Sleeve,Central,Net Banking,1,4493.08,15,3819.12
ORD105680,CUST00300,2024-10-10,Sports,Dumbbell Set,East,UPI,2,2076.86,15,3530.66
ORD100517,CUST00781,2023-05-09,Beauty,Hair Dryer,West,Credit Card,1,601.04,5,570.99
ORD104507,CUST00471,2024-04-28,Beauty,Hair Dryer,South,Cash on Delivery,1,771.78,0,771.78
ORD100229,CUST00011,2024-05-22,electronics,Wireless Earbuds,Central,UPI,1,2621.26,10,2359.13
ORD108329,CUST00046,2024-05-08,Sports,Cricket Bat,Central,Debit Card,2,975.81,5,1854.04
ORD102175,CUST00519,2024-02-24,Books,Business Biography,West,Cash on Delivery,1,712.52,5,676.89
ORD100360,CUST00940,2024-03-26,Electronics,Bluetooth Speaker,South,Credit Card,1,1696.35,20,1357.08
ORD107636,CUST00862,2024-09-09,Home & Kitchen,Water Bottle,South,Net Banking,1,1889.46,0,1889.46
ORD108826,CUST00128,2024-04-06,Fashion,Cotton T-Shirt,East,UPI,1,2055.84,15,1747.46
ORD100801,CUST00387,2024-11-13,Electronics,Smartwatch,South,UPI,2,2743.83,0,5487.66
ORD105708,CUST01059,2024-10-14,Fashion,Running Shoes,North,UPI,1,2192.98,20,1754.38
ORD102077,CUST00336,2023-05-12,Sports,Resistance Bands,North,Net Banking,1,2857.67,0,2857.67
ORD104809,CUST00919,2023-01-25,Home & Kitchen,Water Bottle,West,Net Banking,1,1779.56,0,1779.56
ORD101466,CUST00308,2023-03-19,Electronics,Laptop Sleeve,North,Net Banking,2,3055.87,0,6111.74
ORD102642,CUST00679,2024-12-01,Fashion,Leather Wallet,South,UPI,1,1077.96,5,1024.06
ORD105237,CUST00091,2023-10-16,Electronics,Bluetooth Speaker,East,Cash on Delivery,1,2608.09,0,2608.09
ORD107493,CUST01079,2024-11-21,Home & Kitchen,Water Bottle,Central,Net Banking,1,1214.25,20,971.4
ORD101362,CUST00128,2024-08-11,Books,Kids Storybook,East,Credit Card,4,529.22,0,2116.88
ORD105219,CUST00404,2024-07-29,Beauty,Face Serum,North,Debit Card,1,396.91,10,357.22
ORD101254,CUST00418,2024-11-22,Electronics,Bluetooth Speaker,Central,Net Banking,1,2234.0,0,2234.0
ORD106595,CUST00006,2024-12-04,Fashion,Denim Jacket,South,UPI,1,2187.08,0,2187.08
ORD104412,CUST00374,2024-05-20,sports,Dumbbell Set,South,Credit Card,1,2109.51,5,2004.03
ORD100006,CUST01095,2024-02-21,Beauty,Face Serum,Central,Credit Card,2,786.08,0,1572.16
ORD106877,CUST00165,2023-10-03,Fashion,Denim Jacket,North,Credit Card,2,2437.1,0,4874.2
ORD101850,CUST00128,2024-02-05,Books,Kids Storybook,West,UPI,1,522.16,0,522.16
ORD102857,CUST00037,2024-06-06,Home & Kitchen,Cushion Cover,Central,Credit Card,3,424.94,10,1147.34
ORD105071,CUST00312,2024-03-30,Beauty,Hair Dryer,South,Cash on Delivery,1,1395.27,0,1395.27
ORD107760,CUST00308,2024-01-20,Sports,Cricket Bat,East,UPI,1,2384.4,5,2265.18
ORD105180,CUST00525,2023-10-05,Electronics,Smartwatch,East,UPI,1,1747.88,0,1747.88
ORD100280,CUST00288,2024-05-25,Electronics,Smartwatch,,UPI,1,4283.45,0,4283.45
ORD104424,CUST00051,2024-05-29,Books,Self-Help Book,West,Debit Card,2,772.8,0,1545.6
ORD102779,CUST00904,2024-09-01,Electronics,Bluetooth Speaker,North,UPI,1,2575.12,10,2317.61
ORD105399,CUST00772,2024-03-24,Electronics,Laptop Sleeve,South,UPI,1,2342.84,0,2342.84
ORD107237,CUST00252,2023-10-29,Electronics,Bluetooth Speaker,North,Debit Card,1,1341.23,10,1207.11
ORD101129,CUST00238,2024-01-16,Sports,Dumbbell Set,South,UPI,1,2414.14,30,1689.9
ORD106904,CUST00854,2024-09-19,Electronics,Wireless Earbuds,East,Credit Card,1,3146.08,20,2516.86
ORD102823,CUST00455,2024-03-25,Sports,Dumbbell Set,East,UPI,1,1069.71,10,962.74
ORD105323,CUST01095,2024-03-10,Beauty,Face Serum,East,Net Banking,1,555.55,5,527.77
ORD106287,CUST00803,2024-10-12,Electronics,Bluetooth Speaker,North,UPI,3,2652.97,10,7163.02
ORD101702,CUST00793,2024-08-02,Fashion,Running Shoes,South,Cash on Delivery,1,2268.03,10,2041.23
ORD105464,CUST01189,2023-12-18,Home & Kitchen,Water Bottle,West,UPI,1,1572.52,5,1493.89
ORD101387,CUST00423,2024-07-27,Beauty,Lip Balm Set,Central,Net Banking,1,1353.31,5,1285.64
ORD104276,CUST00071,2024-08-19,Home & Kitchen,Cushion Cover,East,Debit Card,2,1334.7,5,2535.93
ORD105379,CUST01155,2023-03-20,Electronics,Smartwatch,West,UPI,1,1664.79,0,1664.79
ORD108111,CUST00317,2024-12-08,Beauty,Sunscreen SPF50,North,Cash on Delivery,1,566.05,20,452.84
ORD104067,CUST00115,2024-02-29,Home & Kitchen,Storage Organizer,East,Credit Card,1,287.81,0,287.81
ORD100486,CUST00363,2024-11-19,Electronics,Wireless Earbuds,West,UPI,3,3891.5,10,10507.05
ORD106451,CUST00851,2024-04-08,Electronics,Wireless Earbuds,West,Debit Card,1,3948.48,0,3948.48
ORD107838,CUST00498,2024-09-05,Home & Kitchen,Storage Organizer,North,Debit Card,1,427.29,10,384.56
ORD103743,CUST00078,2024-04-30,Home & Kitchen,LED Lamp,North,Debit Card,2,1816.78,0,3633.56
ORD103375,CUST00109,2024-02-01,Sports,Cricket Bat,South,Cash on Delivery,2,2537.05,0,5074.1
ORD104903,CUST00954,2024-12-03,Home & Kitchen,Cushion Cover,Central,Credit Card,1,1994.25,10,1794.82
ORD100569,CUST00384,2024-05-16,Sports,Yoga Mat,South,Debit Card,1,909.86,20,727.89
ORD101500,CUST01163,2024-04-04,Beauty,Lip Balm Set,South,Debit Card,2,1016.28,5,1930.93
ORD100087,CUST00245,2024-02-09,Sports,Cycling Gloves,East,Cash on Delivery,1,575.88,0,575.88
ORD103960,CUST00210,2024-04-26,Home & Kitchen,Storage Organizer,Central,Credit Card,1,241.57,0,241.57
ORD106183,CUST00195,2024-09-04,Electronics,Power Bank,Central,UPI,1,1187.87,5,1128.48
ORD104747,CUST00147,2024-02-27,Home & Kitchen,Storage Organizer,East,Credit Card,2,427.29,10,769.12
ORD102528,CUST00872,2024-06-26,Electronics,Bluetooth Speaker,East,UPI,2,3335.96,0,6671.92
ORD101949,CUST00664,2023-11-28,Home & Kitchen,LED Lamp,West,UPI,1,1240.08,0,1240.08
ORD101825,CUST00393,2024-05-17,fashion,Sunglasses,North,Debit Card,1,1337.61,0,1337.61
ORD104138,CUST00128,2024-05-27,Books,Cookbook,South,Cash on Delivery,1,583.29,10,524.96
ORD105971,CUST00270,2024-08-06,Electronics,Smartwatch,South,Debit Card,1,4000.47,0,4000.47
ORD105028,CUST00128,2024-02-12,Home & Kitchen,Storage Organizer,,Net Banking,1,436.88,0,436.88
ORD106215,CUST00557,2024-11-29,Electronics,Wireless Earbuds,North,UPI,1,1180.76,15,1003.65
ORD102266,CUST00110,2024-07-13,Home & Kitchen,Water Bottle,North,Debit Card,2,1811.86,30,2536.6
ORD108128,CUST00069,2023-09-22,Home & Kitchen,Storage Organizer,West,Credit Card,1,201.46,0,201.46
ORD105878,CUST00580,2023-11-08,Home & Kitchen,Non-stick Pan,East,Cash on Delivery,2,482.91,0,965.82
ORD108524,CUST01191,2023-12-29,Electronics,Bluetooth Speaker,Central,UPI,1,3218.59,5,3057.66
ORD107964,CUST00034,2023-07-10,Electronics,Bluetooth Speaker,North,UPI,1,2482.18,10,2233.96
ORD104017,CUST00640,2024-08-11,Beauty,Sunscreen SPF50,Central,UPI,2,571.02,0,1142.04
ORD104569,CUST00120,2024-11-18,Beauty,Perfume,East,Net Banking,3,297.45,0,892.35
ORD108727,CUST00128,2024-08-11,Beauty,Lip Balm Set,East,Credit Card,1,290.75,0,290.75
ORD101783,CUST00076,2023-10-07,Home & Kitchen,Storage Organizer,Central,Credit Card,1,1930.34,30,1351.24
ORD106668,CUST00491,2024-03-03,Electronics,Wireless Earbuds,South,Credit Card,1,3573.61,10,3216.25
ORD100264,CUST00910,2024-09-28,Electronics,Smartwatch,East,UPI,1,1096.39,0,1096.39
ORD108136,CUST00361,2023-10-06,Sports,Resistance Bands,South,Credit Card,2,406.56,10,731.81
ORD104359,CUST00455,2024-05-29,Books,Self-Help Book,South,Debit Card,2,306.13,0,612.26
ORD101105,CUST00048,2023-02-19,Electronics,Smartwatch,South,Debit Card,1,2596.59,0,2596.59
ORD105718,CUST00758,2024-06-27,Home & Kitchen,LED Lamp,North,Credit Card,1,904.25,0,904.25
ORD101584,CUST00810,2024-07-15,Sports,Yoga Mat,East,UPI,1,426.0,0,426.0
ORD106746,CUST00330,2023-09-04,Electronics,Bluetooth Speaker,South,Cash on Delivery,1,2519.21,0,2519.21
ORD101374,CUST01075,2024-09-09,Beauty,Sunscreen SPF50,North,UPI,2,308.01,0,616.02
ORD104783,CUST01134,2024-12-07,Sports,Yoga Mat,South,Credit Card,4,544.2,0,2176.8
ORD102428,CUST00234,2024-06-17,Sports,Cycling Gloves,East,Credit Card,1,520.68,10,468.61
ORD106087,CUST00731,2023-05-27,Sports,Cricket Bat,East,Net Banking,3,2683.13,0,8049.39
ORD103573,CUST00137,2024-08-29,Fashion,Cotton T-Shirt,Central,Net Banking,1,1775.04,0,1775.04
ORD108714,CUST00109,2023-09-16,Fashion,Sunglasses,North,Credit Card,4,1875.97,0,7503.88
ORD107029,CUST01102,2024-01-16,Home & Kitchen,Non-stick Pan,East,UPI,1,1064.09,30,744.86
ORD100637,CUST00603,2024-06-05,Beauty,Sunscreen SPF50,West,UPI,2,934.08,20,1494.53
ORD107625,CUST00304,2024-05-10,Sports,Dumbbell Set,East,Cash on Delivery,2,344.78,0,689.56
ORD105658,CUST00227,2024-06-23,Sports,Cricket Bat,West,Credit Card,2,492.08,0,984.16
ORD104838,CUST00250,2023-12-01,Electronics,Smartwatch,West,UPI,1,1921.32,15,1633.12
ORD104482,CUST00028,2024-10-22,Sports,Yoga Mat,Central,Credit Card,1,1406.25,5,1335.94
ORD103622,CUST00646,2023-12-20,Fashion,Sunglasses,West,Credit Card,1,1851.13,0,1851.13
ORD100841,CUST01061,2024-01-13,Fashion,Running Shoes,East,Credit Card,2,1629.25,0,3258.5
ORD102179,CUST00034,2023-06-17,Sports,Resistance Bands,South,Debit Card,1,1667.41,15,1417.3
ORD106832,CUST00512,2024-10-01,Fashion,Denim Jacket,South,Cash on Delivery,1,1930.71,20,1544.57
ORD106526,CUST00713,2023-05-09,Books,Cookbook,East,UPI,1,714.23,10,642.81
ORD103618,CUST00308,2023-04-02,Electronics,Bluetooth Speaker,West,UPI,1,3487.91,10,3139.12
ORD102293,CUST00006,2024-12-11,Sports,Resistance Bands,North,Credit Card,1,425.04,0,425.04
ORD108708,CUST00905,2024-09-27,Electronics,Laptop Sleeve,South,Net Banking,1,3385.67,10,3047.1
ORD102894,CUST01002,2024-08-19,Electronics,Power Bank,Central,UPI,1,1086.49,20,869.19
ORD106961,CUST00679,2024-12-13,electronics,Power Bank,West,Net Banking,1,4494.93,5,4270.18
ORD101469,CUST01147,2024-12-05,Home & Kitchen,Non-stick Pan,Central,UPI,1,1244.08,10,1119.67
ORD108628,CUST00016,2023-06-19,Books,Fiction Novel,East,Debit Card,3,502.5,5,1432.12
ORD101767,CUST00564,2024-10-18,Home & Kitchen,Non-stick Pan,West,Debit Card,1,1615.1,10,1453.59
ORD107347,CUST00661,2024-06-01,Electronics,Laptop Sleeve,,Debit Card,1,1411.45,0,1411.45
ORD107900,CUST00128,2024-07-05,Electronics,Bluetooth Speaker,East,Cash on Delivery,1,2513.07,5,2387.42
ORD100565,CUST00375,2023-08-04,Home & Kitchen,Storage Organizer,West,UPI,1,1116.1,20,892.88
ORD108098,CUST00203,2023-05-11,Home & Kitchen,LED Lamp,North,Debit Card,1,704.12,10,633.71
ORD100118,CUST01124,2023-08-12,Beauty,Lip Balm Set,South,Credit Card,1,1148.2,10,1033.38
ORD101062,CUST00378,2024-08-04,Home & Kitchen,Non-stick Pan,Central,Credit Card,2,1814.67,0,3629.34
ORD105341,CUST01176,2023-10-20,Electronics,Wireless Earbuds,West,Credit Card,1,892.21,0,892.21
ORD105933,CUST00661,2024-07-24,home & kitchen,Storage Organizer,North,UPI,1,987.56,0,987.56
ORD105932,CUST01151,2023-07-26,Books,Cookbook,Central,UPI,2,206.22,20,329.95
ORD106835,CUST00892,2024-12-04,Electronics,Wireless Earbuds,West,Debit Card,1,4320.74,0,4320.74
ORD105045,CUST01050,2024-10-23,Home & Kitchen,LED Lamp,West,Credit Card,1,1384.54,0,1384.54
ORD107056,CUST00221,2023-08-23,Beauty,Perfume,East,Cash on Delivery,1,1235.48,0,1235.48
ORD106821,CUST00646,2023-11-25,Home & Kitchen,Non-stick Pan,West,UPI,1,1856.16,15,1577.74
ORD101851,CUST01070,2024-01-16,Fashion,Denim Jacket,South,Cash on Delivery,1,602.87,0,602.87
ORD102931,CUST00265,2024-06-11,Electronics,Power Bank,Central,UPI,1,1296.66,0,1296.66
ORD105070,CUST00966,2024-02-23,Electronics,Power Bank,South,Debit Card,1,3090.65,0,3090.65
ORD104262,CUST00742,2024-01-12,Electronics,Bluetooth Speaker,North,Debit Card,1,2194.5,0,2194.5
ORD105150,CUST00091,2024-01-29,Books,Business Biography,Central,Cash on Delivery,1,652.71,0,652.71
ORD102530,CUST00128,2024-04-12,Books,Self-Help Book,North,Credit Card,1,489.68,0,489.68
ORD101610,CUST01041,2024-11-06,Home & Kitchen,Cushion Cover,Central,UPI,1,1220.89,0,1220.89
ORD106756,CUST00227,2024-06-17,Electronics,Laptop Sleeve,West,Credit Card,2,2711.72,15,4609.92
ORD101629,CUST00591,2023-09-21,Electronics,Smartwatch,East,Debit Card,2,4229.22,0,8458.44
ORD105257,CUST00917,2024-07-01,Fashion,Denim Jacket,South,UPI,2,2353.76,0,4707.52
ORD100681,CUST01055,2024-11-20,Electronics,Power Bank,Central,Debit Card,1,4122.22,0,4122.22
ORD100708,CUST00338,2023-12-17,Electronics,Smartwatch,Central,Debit Card,1,2039.53,0,2039.53
ORD106407,CUST00025,2023-09-16,Fashion,Leather Wallet,West,Credit Card,1,2484.12,5,2359.91
ORD102460,CUST00478,2024-05-16,Sports,Cricket Bat,South,Cash on Delivery,1,2728.82,0,2728.82
ORD107986,CUST00983,2024-08-04,Electronics,Smartwatch,Central,Debit Card,1,4153.85,15,3530.77
ORD102502,CUST00525,2024-01-12,Fashion,Running Shoes,North,Net Banking,1,1314.42,15,1117.26
ORD101399,CUST00784,2024-05-09,Beauty,Lip Balm Set,South,Debit Card,1,820.09,0,820.09
ORD102988,CUST00128,2024-03-07,Electronics,Bluetooth Speaker,South,UPI,1,2260.21,0,2260.21
ORD101546,CUST00478,2024-05-15,Beauty,Sunscreen SPF50,West,UPI,2,1442.06,0,2884.12
ORD108272,CUST01060,2023-11-09,Electronics,Smartwatch,East,,1,2505.92,10,2255.33
ORD107141,CUST00224,2023-11-23,Fashion,Running Shoes,South,Debit Card,2,807.94,0,1615.88
ORD105753,CUST01061,2024-07-13,Home & Kitchen,Cushion Cover,North,UPI,2,1496.67,0,2993.34
ORD100713,CUST00199,2024-09-27,Beauty,Perfume,Central,Credit Card,1,299.9,0,299.9
ORD108481,CUST01093,2024-02-19,Electronics,Power Bank,South,Debit Card,3,3272.4,10,8835.48
ORD105773,CUST00525,2023-09-20,Electronics,Bluetooth Speaker,South,UPI,2,1249.82,5,2374.66
ORD108573,CUST00101,2024-06-15,Electronics,Smartwatch,North,Debit Card,3,3611.52,0,10834.56
ORD105585,CUST00749,2023-09-09,fashion,Running Shoes,Central,UPI,1,2055.9,20,1644.72
ORD102080,CUST00904,2024-06-05,Home & Kitchen,Storage Organizer,East,Cash on Delivery,1,775.6,15,659.26
ORD106095,CUST01189,2023-11-14,Electronics,Smartwatch,North,Net Banking,1,2017.85,0,2017.85
ORD102536,CUST00068,2024-03-05,Electronics,Bluetooth Speaker,Central,UPI,2,1116.36,0,2232.72
ORD102469,CUST00804,2023-12-22,Home & Kitchen,Water Bottle,Central,UPI,1,1634.12,0,1634.12
ORD102665,CUST00447,2023-07-31,Sports,Resistance Bands,East,UPI,1,2399.56,0,2399.56
ORD100873,CUST01122,2024-09-06,Electronics,Laptop Sleeve,Central,Debit Card,1,1831.4,20,1465.12
ORD100356,CUST00210,2024-06-16,Books,Kids Storybook,Central,Credit Card,1,442.68,0,442.68
ORD106412,CUST00962,2024-10-06,Home & Kitchen,Non-stick Pan,East,UPI,2,1838.62,0,3677.24
ORD101323,CUST00671,2024-11-12,Books,Kids Storybook,East,Debit Card,1,255.05,5,242.3
ORD108163,CUST00517,2023-11-16,Home & Kitchen,Cushion Cover,North,Credit Card,1,1897.91,10,1708.12
ORD104461,CUST00234,2024-05-20,Fashion,Running Shoes,East,UPI,1,336.86,30,235.8
ORD108490,CUST01074,2023-07-07,Fashion,Sunglasses,West,Debit Card,1,2313.17,0,2313.17
ORD102534,CUST00802,2023-05-23,Fashion,Sunglasses,East,Credit Card,2,1127.17,0,2254.34
ORD101815,CUST01001,2024-09-23,Electronics,Power Bank,West,Debit Card,1,3479.56,5,3305.58
ORD108769,CUST00404,2024-08-04,Sports,Cycling Gloves,South,Credit Card,1,836.59,10,752.93
ORD106008,CUST00640,2024-08-02,Electronics,Bluetooth Speaker,South,Credit Card,1,4178.57,15,3551.78
ORD106306,CUST00019,2024-10-24,Electronics,Laptop Sleeve,South,Net Banking,1,2541.92,15,2160.63
ORD108472,CUST00904,2024-06-21,Fashion,Denim Jacket,Central,UPI,1,811.64,15,689.89
ORD105523,CUST00700,2024-02-05,Fashion,Leather Wallet,East,Net Banking,1,311.64,5,296.06
ORD108492,CUST00278,2024-10-18,Books,Self-Help Book,West,Credit Card,1,390.88,10,351.79
ORD105347,CUST00999,2024-04-22,Sports,Cricket Bat,North,Debit Card,1,2683.18,10,2414.86
ORD100399,CUST00610,2024-03-05,Beauty,Lip Balm Set,South,Net Banking,1,447.44,5,425.07
ORD100638,CUST00385,2024-05-28,Home & Kitchen,Storage Organizer,South,Net Banking,1,1162.2,0,1162.2
ORD102118,CUST00945,2023-04-15,Beauty,Hair Dryer,South,Cash on Delivery,1,674.03,0,674.03
ORD101261,CUST00962,2024-09-04,Books,Fiction Novel,South,Credit Card,1,561.23,0,561.23
ORD108706,CUST00265,2023-10-29,Home & Kitchen,Non-stick Pan,North,Net Banking,1,1109.36,10,998.42
ORD102632,CUST00030,2023-07-08,Beauty,Lip Balm Set,Central,Credit Card,1,303.72,5,288.53
ORD102944,CUST00884,2024-09-19,Home & Kitchen,Non-stick Pan,South,,1,1149.48,0,1149.48
ORD107774,CUST01077,2024-09-18,Sports,Dumbbell Set,Central,UPI,1,2114.83,10,1903.35
ORD100887,CUST00322,2024-10-07,Fashion,Running Shoes,West,Debit Card,1,340.38,5,323.36
ORD103139,CUST00081,2024-05-14,Home & Kitchen,Cushion Cover,West,UPI,1,1412.96,15,1201.02
ORD107169,CUST00196,2024-04-14,Home & Kitchen,LED Lamp,North,UPI,2,372.84,15,633.83
ORD107436,CUST00015,2024-02-12,Beauty,Face Serum,West,Credit Card,1,851.86,0,851.86
ORD107259,CUST00165,2023-08-26,Beauty,Lip Balm Set,South,UPI,2,375.37,0,750.74
ORD100267,CUST00110,2023-02-20,Electronics,Wireless Earbuds,North,Credit Card,1,3188.62,20,2550.9
ORD102881,CUST00971,2024-08-05,Home & Kitchen,Cushion Cover,Central,Debit Card,1,998.14,0,998.14
ORD101499,CUST00792,2024-06-11,Beauty,Face Serum,North,Net Banking,1,1239.87,0,1239.87
ORD101313,CUST00320,2024-04-28,Beauty,Hair Dryer,Central,Credit Card,2,1081.49,10,1946.68
ORD102371,CUST00904,2024-08-05,Electronics,Power Bank,Central,Debit Card,2,2370.42,15,4029.71
ORD103423,CUST00336,2024-06-04,Sports,Dumbbell Set,North,UPI,1,2882.41,30,2017.69
ORD105602,CUST00995,2024-09-15,Beauty,Perfume,East,Debit Card,2,245.03,0,490.06
ORD105056,CUST00221,2023-07-23,Electronics,Laptop Sleeve,Central,UPI,1,964.03,5,915.83
ORD107827,CUST00294,2024-03-26,Fashion,Running Shoes,South,UPI,1,1847.99,0,1847.99
ORD104919,CUST00780,2024-08-13,Home & Kitchen,Storage Organizer,East,Credit Card,1,1621.79,10,1459.61
ORD104814,CUST00047,2024-10-12,Electronics,Laptop Sleeve,East,UPI,1,1917.79,5,1821.9
ORD102566,CUST00034,2023-03-13,Electronics,Power Bank,North,Net Banking,1,4397.66,5,4177.78
ORD105358,CUST00079,2023-09-29,Electronics,Laptop Sleeve,South,UPI,1,2129.71,0,2129.71
ORD103445,CUST00205,2024-11-21,Fashion,Cotton T-Shirt,East,Credit Card,2,676.99,0,1353.98
ORD100792,CUST00476,2024-03-22,Home & Kitchen,Storage Organizer,North,Credit Card,2,1307.39,0,2614.78
ORD106564,CUST00347,2024-05-14,Fashion,Running Shoes,East,Cash on Delivery,1,885.91,0,885.91
ORD102565,CUST00648,2023-09-03,Books,Self-Help Book,Central,Cash on Delivery,2,517.13,0,1034.26
ORD102834,CUST00300,2024-10-16,Sports,Resistance Bands,North,Debit Card,2,1263.91,10,2275.04
ORD105132,CUST00884,2024-04-15,Electronics,Power Bank,West,Net Banking,1,3960.48,5,3762.46
ORD105964,CUST01066,2024-10-03,Home & Kitchen,Non-stick Pan,Central,Credit Card,1,568.66,5,540.23
ORD103806,CUST01048,2023-03-29,Electronics,Smartwatch,Central,Debit Card,1,2792.38,0,2792.38
ORD101695,CUST01098,2024-04-29,Home & Kitchen,Cushion Cover,East,Cash on Delivery,2,1514.02,5,2876.64
ORD104147,CUST00468,2023-07-19,Electronics,Bluetooth Speaker,North,Net Banking,1,4173.61,15,3547.57
ORD107487,CUST00612,2024-02-12,Home & Kitchen,Cushion Cover,Central,UPI,2,503.41,0,1006.82
ORD104920,CUST00752,2024-09-24,Home & Kitchen,Cushion Cover,North,Credit Card,1,1360.52,0,1360.52
ORD106854,CUST00519,2024-11-02,Fashion,Sunglasses,Central,Cash on Delivery,2,2010.42,0,4020.84
ORD104864,CUST01055,2024-12-03,Electronics,Bluetooth Speaker,Central,UPI,1,1879.44,0,1879.44
ORD101778,CUST00590,2024-10-26,Books,Self-Help Book,South,Credit Card,2,192.56,10,346.61
ORD102055,CUST00194,2023-11-02,Electronics,Wireless Earbuds,West,Debit Card,1,2598.97,0,2598.97
ORD107026,CUST00270,2024-12-01,Home & Kitchen,Cushion Cover,North,Cash on Delivery,2,1832.56,15,3115.35
ORD102196,CUST00671,2024-12-08,Fashion,Denim Jacket,Central,Credit Card,2,1358.52,0,2717.04
ORD108843,CUST00557,2024-04-03,Fashion,Leather Wallet,East,Net Banking,1,1642.78,20,1314.22
ORD107248,CUST01031,2023-06-15,Home & Kitchen,LED Lamp,East,UPI,2,1036.99,0,2073.98
ORD103187,CUST00316,2024-03-21,Home & Kitchen,Non-stick Pan,Central,Credit Card,3,1198.21,15,3055.44
ORD101627,CUST00892,2024-12-07,Sports,Cycling Gloves,South,Cash on Delivery,1,1491.66,10,1342.49
ORD101331,CUST01191,2024-01-31,Home & Kitchen,Cushion Cover,South,Debit Card,1,439.81,10,395.83
ORD102226,CUST00128,2024-04-27,electronics,Wireless Earbuds,West,Credit Card,1,2131.55,5,2024.97
ORD104749,CUST00005,2023-11-10,Fashion,Denim Jacket,South,Credit Card,1,1557.66,0,1557.66
ORD106334,CUST00287,2023-12-11,Home & Kitchen,LED Lamp,South,Cash on Delivery,1,466.02,0,466.02
ORD104492,CUST00026,2023-10-05,Fashion,Denim Jacket,North,Net Banking,2,1278.37,5,2428.9
ORD100278,CUST00919,2023-07-25,Electronics,Wireless Earbuds,Central,UPI,1,3555.53,0,3555.53
ORD105679,CUST00580,2023-09-13,Home & Kitchen,Storage Organizer,Central,Credit Card,1,818.39,20,654.71
ORD104146,CUST00520,2024-08-27,Sports,Dumbbell Set,North,Credit Card,1,490.43,0,490.43
ORD105937,CUST00034,2023-07-31,Home & Kitchen,Non-stick Pan,North,Cash on Delivery,2,1558.18,20,2493.09
ORD104518,CUST01058,2023-07-25,Beauty,Perfume,South,UPI,1,1209.46,0,1209.46
ORD106000,CUST01176,2024-03-01,Home & Kitchen,LED Lamp,East,Debit Card,1,268.12,0,268.12
ORD101728,CUST00210,2024-05-22,Electronics,Wireless Earbuds,West,Net Banking,1,2543.79,0,2543.79
ORD100661,CUST00731,2023-05-08,Home & Kitchen,Storage Organizer,East,UPI,1,1734.37,10,1560.93
ORD106615,CUST00237,2024-04-21,Home & Kitchen,Non-stick Pan,Central,Cash on Delivery,2,676.31,0,1352.62
ORD108592,CUST00687,2024-05-31,Fashion,Running Shoes,East,UPI,2,997.77,0,1995.54
ORD104158,CUST00225,2024-09-20,Electronics,Wireless Earbuds,North,Debit Card,1,2023.42,0,2023.42
ORD100434,CUST00877,2023-04-19,Fashion,Sunglasses,East,Cash on Delivery,1,1400.07,5,1330.07
ORD101271,CUST00270,2024-07-30,Fashion,Leather Wallet,East,Debit Card,3,1856.42,0,5569.26
ORD100077,CUST00922,2023-09-20,Electronics,Laptop Sleeve,East,Credit Card,2,2750.88,0,5501.76
ORD105547,CUST00396,2024-07-02,Books,Fiction Novel,West,UPI,1,396.7,0,396.7
ORD101256,CUST00632,2024-10-26,Beauty,Sunscreen SPF50,East,UPI,1,606.95,10,546.26
ORD101046,CUST00299,2024-06-01,Home & Kitchen,LED Lamp,West,Net Banking,3,1749.31,0,5247.93
ORD102938,CUST00565,2024-07-11,Sports,Resistance Bands,North,Credit Card,1,341.41,0,341.41
ORD102743,CUST00580,2023-05-26,Electronics,Laptop Sleeve,South,UPI,1,3769.52,0,3769.52
ORD105656,CUST01154,2024-01-30,Home & Kitchen,Non-stick Pan,East,Credit Card,1,602.16,0,602.16
ORD103784,CUST00998,2024-12-04,Beauty,Perfume,South,Net Banking,4,1078.0,20,3449.6
ORD104891,CUST00656,2024-05-08,Electronics,Bluetooth Speaker,Central,UPI,1,1093.02,0,1093.02
ORD100546,CUST00287,2023-07-22,Fashion,Running Shoes,West,Credit Card,1,625.73,5,594.44
ORD105776,CUST00587,2023-08-06,Fashion,Sunglasses,South,Credit Card,1,1943.58,0,1943.58
ORD103831,CUST00256,2024-08-04,Beauty,Perfume,Central,UPI,4,1421.51,15,4833.13
ORD103915,CUST00401,2024-09-24,Fashion,Running Shoes,East,Credit Card,1,1213.12,0,1213.12
ORD107462,CUST00120,2024-11-15,Sports,Dumbbell Set,South,Credit Card,1,1714.71,5,1628.97
ORD104007,CUST00199,2024-10-08,Beauty,Perfume,East,Cash on Delivery,1,862.42,0,862.42
ORD101124,CUST00867,2023-11-18,Sports,Yoga Mat,North,Net Banking,1,2283.2,0,2283.2
ORD106099,CUST00404,2024-10-13,Sports,Dumbbell Set,West,Credit Card,1,1859.53,15,1580.6
ORD100767,CUST01087,2024-03-16,Fashion,Cotton T-Shirt,West,UPI,1,2122.43,0,2122.43
ORD101174,CUST00336,2023-02-24,Electronics,Smartwatch,West,Credit Card,1,1171.06,0,1171.06
ORD107952,CUST00523,2023-10-27,Sports,Yoga Mat,East,Credit Card,1,280.65,20,224.52
ORD106172,CUST00222,2024-04-25,Beauty,Hair Dryer,Central,UPI,1,388.32,0,388.32
ORD107682,CUST00158,2024-07-17,Electronics,Power Bank,North,Cash on Delivery,1,1982.13,0,1982.13
ORD100262,CUST00371,2024-10-02,Home & Kitchen,Water Bottle,Central,Debit Card,1,1883.68,0,1883.68
ORD101019,CUST01116,2023-06-26,Electronics,Power Bank,East,Credit Card,1,2299.08,5,2184.13
ORD103874,CUST00754,2023-11-15,Fashion,Sunglasses,East,Debit Card,1,688.47,0,688.47
ORD101012,CUST00128,2024-03-31,Electronics,Wireless Earbuds,East,Credit Card,1,3380.61,0,3380.61
ORD100736,CUST00259,2023-12-29,Fashion,Sunglasses,East,Credit Card,1,1290.21,5,1225.7
ORD102240,CUST01090,2024-05-31,Home & Kitchen,Water Bottle,West,UPI,1,1765.02,10,1588.52
ORD104686,CUST00410,2023-05-19,Fashion,Sunglasses,,UPI,1,1823.95,5,1732.75
ORD105743,CUST00686,2023-08-21,Sports,Cricket Bat,East,Debit Card,1,2297.34,10,2067.61
ORD104820,CUST00502,2023-05-12,Fashion,Running Shoes,South,UPI,1,1191.92,0,1191.92
ORD104456,CUST00471,2024-05-23,Home & Kitchen,Cushion Cover,West,UPI,2,1525.8,15,2593.86
ORD103868,CUST00525,2023-04-09,Electronics,Bluetooth Speaker,East,Credit Card,1,1492.12,0,1492.12
ORD103109,CUST00410,2023-04-18,Home & Kitchen,Cushion Cover,Central,Credit Card,1,1164.04,5,1105.84
ORD104725,CUST00199,2024-09-13,Electronics,Power Bank,South,Credit Card,2,2302.49,0,4604.98
ORD103006,CUST00212,2024-10-26,Home & Kitchen,Storage Organizer,East,Credit Card,4,1802.91,5,6851.06
ORD105512,CUST00620,2024-11-20,Electronics,Laptop Sleeve,Central,Debit Card,1,1311.51,0,1311.51
ORD102910,CUST00916,2023-09-30,Fashion,Running Shoes,Central,UPI,1,1875.64,0,1875.64
ORD104557,CUST00804,2024-02-06,Sports,Dumbbell Set,South,UPI,4,1929.1,0,7716.4
ORD103120,CUST00627,2024-02-10,Electronics,Bluetooth Speaker,West,UPI,1,3019.67,0,3019.67
ORD107184,CUST00030,2024-03-11,Sports,Cricket Bat,South,Debit Card,2,1671.26,0,3342.52
ORD108333,CUST00412,2023-10-06,Beauty,Perfume,West,Credit Card,3,1264.88,0,3794.64
ORD101505,CUST00522,2024-11-25,Electronics,Power Bank,East,UPI,1,1582.52,0,1582.52
ORD105105,CUST00628,2023-03-21,Electronics,Wireless Earbuds,North,UPI,1,4469.47,0,4469.47
ORD103240,CUST00404,2024-11-04,Beauty,Perfume,South,Net Banking,4,841.19,10,3028.28
ORD104519,CUST00248,2023-12-11,Fashion,Cotton T-Shirt,West,Debit Card,1,1416.78,30,991.75
ORD104235,CUST00852,2024-01-31,Beauty,Sunscreen SPF50,Central,Cash on Delivery,1,1002.97,0,1002.97
ORD100414,CUST01019,2024-02-27,Home & Kitchen,Water Bottle,South,UPI,1,817.94,5,777.04
ORD105657,CUST00476,2024-04-04,Fashion,Denim Jacket,Central,UPI,1,419.85,5,398.86
ORD104774,CUST00015,2024-01-11,Home & Kitchen,Cushion Cover,East,Credit Card,1,1576.13,0,1576.13
ORD101423,CUST00421,2023-03-02,Books,Cookbook,Central,Net Banking,1,644.33,20,515.46
ORD104965,CUST01001,2024-09-11,Home & Kitchen,LED Lamp,North,Debit Card,1,434.58,20,347.66
ORD107928,CUST00997,2024-03-29,Electronics,Bluetooth Speaker,West,Net Banking,1,4426.53,0,4426.53
ORD105076,CUST00078,2023-11-11,Beauty,Face Serum,Central,UPI,1,1022.66,10,920.39
ORD102299,CUST00970,2023-07-02,Beauty,Perfume,West,UPI,2,1070.87,20,1713.39
ORD107274,CUST00308,2023-09-28,Books,Business Biography,East,UPI,1,184.57,0,184.57
ORD104736,CUST00326,2024-09-30,Home & Kitchen,Non-stick Pan,East,Credit Card,3,946.39,0,2839.17
ORD102508,CUST01096,2024-05-17,Electronics,Bluetooth Speaker,East,Cash on Delivery,1,2712.44,0,2712.44
ORD100156,CUST00314,2023-03-01,Home & Kitchen,LED Lamp,South,Debit Card,1,1214.11,15,1031.99
ORD108735,CUST00158,2024-08-13,Fashion,Denim Jacket,East,Cash on Delivery,1,404.18,15,343.55
ORD105676,CUST00308,2023-03-26,Electronics,Laptop Sleeve,North,Credit Card,1,1436.53,0,1436.53
ORD106327,CUST00184,2024-03-30,Electronics,Bluetooth Speaker,Central,UPI,2,4156.36,15,7065.81
ORD108632,CUST00708,2024-05-02,Electronics,Smartwatch,Central,Net Banking,2,1070.22,0,2140.44
ORD102540,CUST00278,2024-03-28,Beauty,Face Serum,East,UPI,2,209.91,15,356.85
ORD100669,CUST00815,2024-09-22,Fashion,Running Shoes,North,Net Banking,1,597.53,0,597.53
ORD101022,CUST00700,2024-03-12,Fashion,Sunglasses,West,Credit Card,1,2152.77,0,2152.77
ORD104645,CUST00144,2024-10-01,Home & Kitchen,Cushion Cover,North,Credit Card,3,585.77,5,1669.44
ORD104812,CUST00395,2024-02-16,Beauty,Sunscreen SPF50,East,Cash on Delivery,2,1161.17,0,2322.34
ORD108450,CUST00640,2024-07-19,Fashion,Running Shoes,West,Net Banking,1,1710.29,0,1710.29
ORD102320,CUST00690,2023-10-07,Sports,Resistance Bands,South,Cash on Delivery,1,1290.7,10,1161.63
ORD101652,CUST00900,2024-07-24,Fashion,Cotton T-Shirt,South,Credit Card,2,1325.51,0,2651.02
ORD100883,CUST00962,2024-10-25,Electronics,Power Bank,West,Debit Card,2,3286.0,5,6243.4
ORD108990,CUST00557,2024-03-20,Fashion,Denim Jacket,West,Credit Card,2,765.88,5,1455.17
ORD104103,CUST00511,2024-11-01,Electronics,Laptop Sleeve,South,Net Banking,1,2420.87,30,1694.61
ORD104847,CUST00245,2024-09-19,Electronics,Wireless Earbuds,North,Credit Card,1,4494.35,20,3595.48
ORD100668,CUST00514,2024-08-17,Home & Kitchen,Storage Organizer,North,Debit Card,1,1759.57,20,1407.66
ORD108598,CUST00945,2023-09-16,Beauty,Sunscreen SPF50,South,Credit Card,1,1061.2,0,1061.2
ORD102608,CUST01136,2024-01-11,electronics,Power Bank,South,UPI,1,1483.53,15,1261.0
ORD105870,CUST00839,2024-11-27,Fashion,Leather Wallet,Central,Credit Card,1,1942.04,0,1942.04
ORD101909,CUST01057,2024-09-05,Home & Kitchen,Storage Organizer,North,UPI,1,1840.49,0,1840.49
ORD108165,CUST00580,2023-03-26,Home & Kitchen,Storage Organizer,North,Debit Card,1,615.43,20,492.34
ORD107327,CUST00874,2023-07-13,Sports,Cricket Bat,West,Debit Card,1,2993.19,0,2993.19
ORD105537,CUST00667,2023-02-21,Fashion,Leather Wallet,West,UPI,1,2183.13,0,2183.13
ORD104171,CUST01004,2024-10-12,Home & Kitchen,LED Lamp,Central,UPI,1,1430.33,0,1430.33
ORD102449,CUST01122,2024-07-07,Sports,Cricket Bat,Central,Net Banking,1,2804.12,5,2663.91
ORD103054,CUST00497,2023-04-03,Electronics,Bluetooth Speaker,East,UPI,3,2430.54,0,7291.62
ORD106604,CUST00983,2024-07-25,Fashion,Running Shoes,East,Cash on Delivery,1,907.89,10,817.1
ORD101493,CUST00571,2023-12-22,Sports,Yoga Mat,North,UPI,2,2431.7,10,4377.06
ORD101736,CUST01183,2023-08-26,Electronics,Power Bank,East,,2,3292.55,0,6585.1
ORD101879,CUST00091,2024-01-03,electronics,Bluetooth Speaker,East,Net Banking,2,2840.67,5,5397.27
ORD100598,CUST00708,2024-07-17,Home & Kitchen,LED Lamp,South,UPI,2,1674.97,0,3349.94
ORD106570,CUST00175,2024-09-16,Home & Kitchen,Non-stick Pan,Central,UPI,1,778.81,10,700.93
ORD101258,CUST00584,2024-06-19,Sports,Cricket Bat,West,Debit Card,1,1909.2,0,1909.2
ORD108645,CUST00496,2024-04-10,Beauty,Lip Balm Set,South,Credit Card,2,1398.51,20,2237.62
ORD103305,CUST00770,2024-02-03,home & kitchen,Non-stick Pan,South,Cash on Delivery,2,654.95,0,1309.9
ORD106485,CUST00816,2024-01-20,Home & Kitchen,Storage Organizer,South,Debit Card,2,1120.86,0,2241.72
ORD107867,CUST01173,2023-09-10,Electronics,Smartwatch,North,Credit Card,1,3077.02,0,3077.02
ORD105987,CUST00745,2023-12-02,Fashion,Running Shoes,West,UPI,1,769.46,0,769.46
ORD106672,CUST00821,2024-09-01,Fashion,Denim Jacket,Central,Credit Card,1,1599.28,5,1519.32
ORD100789,CUST00269,2024-05-01,Books,Business Biography,North,Credit Card,1,156.31,0,156.31
ORD102880,CUST00949,2024-10-15,Beauty,Lip Balm Set,Central,UPI,2,940.05,0,1880.1
ORD108266,CUST01064,2023-11-18,Sports,Yoga Mat,North,UPI,1,2883.36,0,2883.36
ORD100294,CUST00223,2023-11-30,Fashion,Leather Wallet,,Credit Card,2,2065.27,0,4130.54
ORD102957,CUST01142,2023-08-22,Sports,Cricket Bat,South,Debit Card,1,2149.08,10,1934.17
ORD108137,CUST00916,2023-11-23,Electronics,Bluetooth Speaker,West,Debit Card,1,1873.81,20,1499.05
ORD107687,CUST00128,2024-03-17,Fashion,Denim Jacket,Central,Credit Card,1,1610.44,5,1529.92
ORD106133,CUST00372,2024-05-02,Fashion,Cotton T-Shirt,South,Cash on Delivery,1,2371.24,0,2371.24
ORD107943,CUST00772,2023-05-12,Home & Kitchen,Storage Organizer,East,Debit Card,4,1732.94,20,5545.41
ORD106048,CUST00226,2023-10-26,Books,Fiction Novel,South,Net Banking,1,446.34,20,357.07
ORD103173,CUST00182,2024-11-21,Sports,Yoga Mat,East,Debit Card,1,2992.07,0,2992.07
ORD107145,CUST00315,2024-03-26,Beauty,Sunscreen SPF50,East,Debit Card,1,1324.77,5,1258.53
ORD108364,CUST00361,2023-06-28,Electronics,Wireless Earbuds,North,Debit Card,1,4477.4,0,4477.4
ORD103084,CUST00689,2024-08-03,Fashion,Sunglasses,West,Debit Card,1,2340.17,10,2106.15
ORD103828,CUST00011,2023-10-27,Electronics,Bluetooth Speaker,South,Net Banking,2,1131.77,0,2263.54
ORD100944,CUST00012,2024-01-26,Electronics,Power Bank,North,Credit Card,2,2044.72,5,3884.97
ORD106640,CUST00310,2024-04-03,Home & Kitchen,LED Lamp,Central,Debit Card,1,1174.41,30,822.09
ORD106462,CUST00731,2023-03-16,Electronics,Power Bank,South,Credit Card,4,3802.2,0,15208.8
ORD101145,CUST00612,2023-10-19,Sports,Yoga Mat,North,UPI,1,1470.49,10,1323.44
ORD108526,CUST00030,2023-10-20,Electronics,Laptop Sleeve,Central,UPI,1,3560.35,15,3026.3
ORD106273,CUST00804,2023-08-10,Beauty,Face Serum,North,Debit Card,1,624.37,30,437.06
ORD100002,CUST01074,2023-06-26,Home & Kitchen,Water Bottle,West,Net Banking,1,563.63,15,479.09
ORD105102,CUST00071,2024-07-25,Sports,Cricket Bat,North,Credit Card,1,1114.77,0,1114.77
ORD105669,CUST00673,2023-12-20,Sports,Resistance Bands,Central,Credit Card,1,2186.22,5,2076.91
ORD102996,CUST00453,2023-08-23,Books,Business Biography,South,Cash on Delivery,2,793.56,0,1587.12
ORD102533,CUST00864,2023-10-31,Home & Kitchen,Cushion Cover,West,Credit Card,1,271.07,0,271.07
ORD107210,CUST00679,2024-12-02,Electronics,Power Bank,East,Credit Card,1,2961.0,0,2961.0
ORD100653,CUST00104,2024-11-12,Fashion,Denim Jacket,South,Credit Card,3,459.23,0,1377.69
ORD105696,CUST00147,2024-11-09,Home & Kitchen,Storage Organizer,South,Credit Card,1,577.9,10,520.11
ORD106069,CUST00863,2023-05-22,Electronics,Wireless Earbuds,East,Net Banking,2,2280.01,20,3648.02
ORD106410,CUST00331,2024-04-24,electronics,Power Bank,North,Credit Card,1,1841.69,0,1841.69
ORD108187,CUST00588,2024-05-31,Fashion,Running Shoes,East,Net Banking,1,1519.79,0,1519.79
ORD106983,CUST00598,2024-10-27,Home & Kitchen,Storage Organizer,West,Net Banking,1,1017.85,0,1017.85
ORD100744,CUST00804,2024-02-05,Electronics,Power Bank,South,Debit Card,1,4188.99,0,4188.99
ORD108106,CUST00311,2024-09-25,Fashion,Cotton T-Shirt,West,Credit Card,1,1808.68,0,1808.68
ORD104355,CUST01099,2023-11-26,Electronics,Smartwatch,East,UPI,4,2079.22,10,7485.19
ORD102589,CUST00937,2024-04-30,electronics,Laptop Sleeve,West,Cash on Delivery,1,2084.07,10,1875.66
ORD104629,CUST00288,2024-02-14,Sports,Resistance Bands,South,Cash on Delivery,1,2314.35,5,2198.63
ORD105099,CUST00128,2024-03-13,Fashion,Denim Jacket,North,UPI,1,1156.2,5,1098.39
ORD102616,CUST00196,2024-06-21,Home & Kitchen,Non-stick Pan,Central,Debit Card,1,1090.13,5,1035.62
ORD100633,CUST00365,2024-03-26,Fashion,Cotton T-Shirt,North,Credit Card,2,2224.77,0,4449.54
ORD107102,CUST00006,2024-12-09,Beauty,Lip Balm Set,Central,Credit Card,1,825.36,5,784.09
ORD102968,CUST00640,2024-07-31,Fashion,Sunglasses,West,Debit Card,1,320.39,0,320.39
ORD103504,CUST01087,2024-06-01,Electronics,Laptop Sleeve,Central,UPI,2,3504.39,15,5957.46
ORD108679,CUST00083,2024-08-14,Beauty,Sunscreen SPF50,South,UPI,1,543.13,0,543.13
ORD100590,CUST00128,2024-07-07,Electronics,Laptop Sleeve,East,,2,2587.15,0,5174.3
ORD102407,CUST00481,2024-10-27,Electronics,Power Bank,East,UPI,1,3778.46,10,-3400.61
ORD106755,CUST01140,2024-04-25,Fashion,Cotton T-Shirt,East,UPI,2,694.0,5,1318.6
ORD100886,CUST00160,2024-01-20,Home & Kitchen,LED Lamp,East,Net Banking,1,535.1,0,535.1
ORD103690,CUST00165,2023-12-04,Fashion,Sunglasses,North,Net Banking,2,1759.26,5,3342.59
ORD104082,CUST00234,2024-07-10,Electronics,Wireless Earbuds,North,Credit Card,1,4306.11,0,4306.11
ORD108355,CUST00186,2024-09-24,Sports,Cycling Gloves,North,Credit Card,1,2097.48,0,2097.48
ORD103998,CUST00147,2024-06-12,Home & Kitchen,Cushion Cover,North,Cash on Delivery,1,1323.06,10,1190.75
ORD104591,CUST00945,2024-05-13,Electronics,Wireless Earbuds,East,UPI,1,4068.89,0,4068.89
ORD103048,CUST00709,2024-12-07,Beauty,Hair Dryer,South,Debit Card,3,1144.83,0,3434.49
ORD105087,CUST00685,2023-06-01,Beauty,Sunscreen SPF50,Central,Debit Card,2,877.91,15,-1492.45
ORD100362,CUST00749,2023-10-15,Home & Kitchen,Cushion Cover,South,Cash on Delivery,1,1294.78,10,1165.3
ORD102027,CUST01116,2023-08-12,Beauty,Hair Dryer,South,Net Banking,1,1155.95,0,1155.95
ORD107101,CUST01074,2024-10-23,Fashion,Cotton T-Shirt,,UPI,2,1056.75,0,2113.5
ORD100828,CUST00418,2024-12-11,Fashion,Cotton T-Shirt,East,UPI,1,564.75,10,508.28
ORD108974,CUST00300,2024-11-25,Sports,Dumbbell Set,West,UPI,4,2659.67,0,10638.68
ORD100643,CUST00872,2024-07-07,Beauty,Sunscreen SPF50,East,UPI,1,346.52,0,346.52
ORD108642,CUST00336,2023-02-21,Electronics,Bluetooth Speaker,North,Net Banking,1,1565.45,0,1565.45
ORD105556,CUST01095,2024-04-04,Home & Kitchen,Non-stick Pan,East,UPI,1,934.73,10,841.26
ORD107551,CUST01080,2024-07-16,Sports,Dumbbell Set,East,Credit Card,1,2329.56,0,2329.56
ORD101016,CUST00487,2024-04-05,Electronics,Power Bank,North,Credit Card,1,3812.05,20,3049.64
ORD100662,CUST00221,2023-08-24,Home & Kitchen,Water Bottle,North,Credit Card,1,566.14,15,481.22
ORD104744,CUST00128,2024-07-17,Home & Kitchen,Water Bottle,South,Credit Card,1,774.85,0,774.85
ORD102082,CUST00139,2024-05-20,Home & Kitchen,LED Lamp,West,UPI,1,1216.58,10,1094.92
ORD102167,CUST00015,2024-04-10,Sports,Cycling Gloves,North,Credit Card,1,1641.04,5,1558.99
ORD100070,CUST00437,2023-12-14,Fashion,Cotton T-Shirt,North,Cash on Delivery,1,2293.34,10,2064.01
ORD108114,CUST00203,2023-06-17,Fashion,Sunglasses,Central,UPI,1,1778.8,0,1778.8
ORD108841,CUST00308,2024-06-12,Electronics,Bluetooth Speaker,East,Debit Card,1,3712.58,0,3712.58
ORD102626,CUST00476,2024-04-03,Fashion,Cotton T-Shirt,South,UPI,1,990.85,15,842.22
ORD108575,CUST00999,2024-02-09,Fashion,Denim Jacket,South,Credit Card,1,794.87,10,715.38
ORD103196,CUST00580,2023-08-10,Electronics,Bluetooth Speaker,South,Debit Card,1,2116.01,15,1798.61
ORD108480,CUST01100,2023-08-12,Home & Kitchen,Cushion Cover,North,UPI,1,341.88,10,307.69
ORD102637,CUST00141,2023-08-26,Beauty,Lip Balm Set,Central,UPI,2,427.01,0,854.02
ORD102221,CUST00109,2023-12-20,Electronics,Laptop Sleeve,North,Credit Card,1,3796.8,0,3796.8
ORD106718,CUST00639,2024-05-08,Electronics,Smartwatch,East,Credit Card,1,2774.93,15,2358.69
ORD105576,CUST01004,2024-10-19,Electronics,Wireless Earbuds,Central,UPI,1,4310.07,15,3663.56
ORD108292,CUST00931,2024-12-11,Fashion,Leather Wallet,West,Credit Card,1,2034.09,20,1627.27
ORD105902,CUST00222,2024-03-01,Books,Self-Help Book,Central,UPI,1,745.94,0,745.94
ORD102895,CUST00396,2023-12-27,Fashion,Cotton T-Shirt,Central,Cash on Delivery,1,2402.55,0,2402.55
ORD104058,CUST00639,2023-08-08,Electronics,Power Bank,North,UPI,1,3907.2,0,3907.2
ORD108992,CUST00029,2024-05-16,Books,Business Biography,West,Credit Card,2,155.39,30,217.55
ORD106969,CUST01183,2024-01-09,Sports,Resistance Bands,West,Credit Card,2,1082.56,0,2165.12
ORD107256,CUST00098,2024-04-28,Electronics,Smartwatch,East,Credit Card,1,1247.07,10,1122.36
ORD107552,CUST00871,2023-12-12,Fashion,Sunglasses,East,Credit Card,2,2355.73,0,4711.46
ORD103412,CUST00301,2024-07-10,Electronics,Wireless Earbuds,North,UPI,1,3439.97,0,3439.97
ORD107994,CUST00537,2024-08-30,Home & Kitchen,Non-stick Pan,North,UPI,1,308.38,0,308.38
ORD100009,CUST01173,2024-01-27,Electronics,Smartwatch,,UPI,1,2002.88,0,2002.88
ORD108220,CUST00083,2024-03-08,Home & Kitchen,Non-stick Pan,North,Credit Card,1,773.37,0,773.37
ORD106312,CUST00962,2024-08-19,Electronics,Power Bank,North,Cash on Delivery,1,1906.86,20,1525.49
ORD102453,CUST00417,2024-10-26,Fashion,Cotton T-Shirt,North,Debit Card,1,1055.97,0,1055.97
ORD103065,CUST00221,2023-08-23,Books,Cookbook,North,UPI,1,377.02,0,377.02
ORD105543,CUST00630,2023-12-27,Fashion,Sunglasses,Central,UPI,1,1096.06,0,1096.06
ORD107512,CUST00515,2024-02-09,Electronics,Smartwatch,North,UPI,1,3553.72,0,3553.72
ORD107213,CUST00076,2023-08-28,Fashion,Cotton T-Shirt,North,Credit Card,2,643.74,0,1287.48
ORD108768,CUST01089,2023-09-08,Beauty,Perfume,West,Credit Card,1,544.05,0,544.05
ORD106131,CUST00590,2024-09-25,Electronics,Bluetooth Speaker,East,UPI,1,3209.72,15,2728.26
ORD108850,CUST00056,2024-03-20,Home & Kitchen,Cushion Cover,Central,UPI,1,996.5,10,896.85
ORD108680,CUST00572,2024-10-31,Sports,Resistance Bands,West,UPI,1,2721.22,20,2176.98
ORD108587,CUST00212,2023-08-16,Beauty,Perfume,East,Debit Card,1,742.59,5,705.46
ORD104244,CUST00034,2023-04-03,Electronics,Power Bank,East,UPI,1,2731.07,0,-2731.07
ORD108930,CUST00629,2024-02-03,Electronics,Laptop Sleeve,Central,Cash on Delivery,1,3466.48,15,2946.51
ORD102730,CUST00104,2024-11-14,Sports,Cycling Gloves,West,Debit Card,1,2216.04,10,1994.44
ORD107497,CUST00382,2024-11-14,Home & Kitchen,Non-stick Pan,West,UPI,1,1652.08,0,1652.08
ORD107948,CUST01134,2024-10-27,Home & Kitchen,LED Lamp,North,Cash on Delivery,2,317.61,10,571.7
ORD104126,CUST00318,2024-04-22,Electronics,Smartwatch,,UPI,1,3009.62,15,2558.18
ORD107430,CUST00698,2023-10-07,Fashion,Denim Jacket,East,Credit Card,1,1509.23,0,1509.23
ORD100284,CUST00099,2023-04-14,Home & Kitchen,Water Bottle,West,UPI,1,1242.16,0,1242.16
ORD103417,CUST00269,2023-08-16,Beauty,Lip Balm Set,West,Debit Card,3,451.85,0,1355.55
ORD102036,CUST00502,2023-06-12,Fashion,Sunglasses,South,Debit Card,1,724.14,0,724.14
ORD100820,CUST00210,2024-03-19,Electronics,Smartwatch,North,Cash on Delivery,1,4163.23,10,3746.91
ORD108731,CUST00731,2023-07-13,Fashion,Sunglasses,South,UPI,2,2332.76,0,4665.52
ORD105546,CUST00221,2023-09-21,Fashion,Cotton T-Shirt,North,Credit Card,2,1165.69,0,2331.38
ORD103876,CUST00121,2024-10-18,Sports,Dumbbell Set,Central,Cash on Delivery,2,1618.79,10,2913.82
ORD104877,CUST00918,2023-11-01,Electronics,Power Bank,North,Credit Card,1,2078.83,0,2078.83
ORD107295,CUST00931,2024-01-27,Electronics,Laptop Sleeve,North,Net Banking,1,4314.81,15,3667.59
ORD100524,CUST00128,2024-04-27,Books,Cookbook,Central,Credit Card,1,276.98,5,-263.13
ORD100891,CUST00184,2024-06-29,fashion,Cotton T-Shirt,South,UPI,1,707.46,5,672.09
ORD107160,CUST00114,2023-03-10,Electronics,Smartwatch,East,Credit Card,1,1964.99,5,1866.74
ORD106986,CUST00276,2024-08-16,Home & Kitchen,Non-stick Pan,East,UPI,1,790.98,0,790.98
ORD104670,CUST01181,2024-05-30,Electronics,Laptop Sleeve,South,Credit Card,3,3621.82,0,10865.46
ORD105639,CUST00432,2024-10-27,Electronics,Bluetooth Speaker,West,Credit Card,3,3102.77,0,9308.31
ORD107245,CUST00755,2024-01-09,Electronics,Power Bank,Central,Cash on Delivery,1,2528.41,0,2528.41
ORD107752,CUST00128,2024-02-14,Beauty,Hair Dryer,South,UPI,2,1344.77,0,2689.54
ORD102942,CUST00177,2024-10-28,Sports,Cycling Gloves,West,UPI,2,1290.46,10,2322.83
ORD100498,CUST00853,2023-08-02,Books,Self-Help Book,North,UPI,1,728.39,5,691.97
ORD102546,CUST00427,2024-10-08,Books,Cookbook,South,Credit Card,2,222.01,10,399.62
ORD102782,CUST00314,2023-04-14,Fashion,Running Shoes,East,Credit Card,1,1299.03,15,-1104.18
ORD104913,CUST00972,2024-08-03,Electronics,Power Bank,East,Debit Card,1,3465.46,5,3292.19
ORD104246,CUST00541,2023-01-24,Electronics,Laptop Sleeve,North,Cash on Delivery,1,3302.64,15,2807.24
ORD100379,CUST00128,2024-02-08,Sports,Cycling Gloves,South,Credit Card,1,874.97,10,787.47
ORD102580,CUST00071,2024-08-16,Fashion,Denim Jacket,South,Debit Card,2,416.75,0,833.5
ORD107166,CUST00884,2024-05-11,Beauty,Lip Balm Set,East,Credit Card,2,1237.46,0,2474.92
ORD100190,CUST01183,2023-05-19,Fashion,Running Shoes,North,Cash on Delivery,1,2168.98,30,1518.29
ORD101720,CUST00970,2023-11-20,Electronics,Smartwatch,East,Cash on Delivery,1,3489.95,20,2791.96
ORD108030,CUST00308,2023-10-09,Electronics,Bluetooth Speaker,South,Net Banking,1,1708.71,15,1452.4
ORD100020,CUST00475,2023-08-26,Home & Kitchen,Water Bottle,West,Credit Card,1,1619.84,10,-1457.86
ORD107358,CUST00612,2023-12-25,Electronics,Laptop Sleeve,Central,UPI,1,2575.14,15,2188.87
ORD107775,CUST00469,2023-10-04,Books,Fiction Novel,North,Cash on Delivery,1,383.14,15,325.67
ORD103888,CUST00471,2024-09-15,Electronics,Wireless Earbuds,North,Debit Card,1,2948.62,0,2948.62
ORD102866,CUST00491,2024-06-14,Fashion,Denim Jacket,West,Net Banking,3,658.16,5,1875.76
ORD102046,CUST00337,2023-12-25,Sports,Cycling Gloves,West,UPI,1,2176.08,0,2176.08
ORD106173,CUST00488,2024-10-07,Home & Kitchen,Water Bottle,Central,Debit Card,4,1025.17,0,4100.68
ORD108223,CUST00024,2024-01-24,Home & Kitchen,Storage Organizer,South,Credit Card,1,924.58,20,739.66
ORD106123,CUST00471,2024-03-19,Beauty,Hair Dryer,East,UPI,1,866.77,0,866.77
ORD108593,CUST00344,2024-12-01,Electronics,Laptop Sleeve,East,Credit Card,1,1041.89,15,885.61
ORD107526,CUST00227,2024-08-09,Fashion,Running Shoes,East,UPI,3,400.13,10,1080.35
ORD108227,CUST00457,2024-05-16,Fashion,Leather Wallet,Central,Cash on Delivery,1,399.59,5,379.61
ORD106093,CUST01110,2023-05-05,Home & Kitchen,Water Bottle,East,Debit Card,1,1038.0,15,882.3
ORD100189,CUST00884,2024-05-12,Fashion,Denim Jacket,West,UPI,1,1302.36,5,1237.24
ORD107059,CUST00525,2024-04-29,Electronics,Wireless Earbuds,West,Debit Card,1,2243.55,0,2243.55
ORD100150,CUST00752,2024-11-15,Electronics,Laptop Sleeve,West,UPI,2,3815.28,10,6867.5
ORD105439,CUST00247,2024-05-19,Fashion,Running Shoes,North,Debit Card,1,1473.11,5,1399.45
ORD100022,CUST00034,2023-09-23,Sports,Cricket Bat,North,UPI,3,1011.24,0,3033.72
ORD107851,CUST00034,2024-02-17,Electronics,Laptop Sleeve,South,Cash on Delivery,2,1502.48,5,2854.71
ORD108973,CUST00080,2024-10-13,Fashion,Denim Jacket,South,UPI,3,1226.07,10,3310.39
ORD108983,CUST00718,2024-07-29,Fashion,Denim Jacket,North,Credit Card,1,474.62,0,474.62
ORD105756,CUST00338,2024-01-12,Electronics,Bluetooth Speaker,East,UPI,1,3698.5,0,3698.5
ORD107544,CUST00589,2024-03-25,Home & Kitchen,Non-stick Pan,East,UPI,2,563.35,10,1014.03
ORD102355,CUST01074,2024-09-02,Beauty,Lip Balm Set,North,UPI,1,758.48,5,720.56
ORD105992,CUST00417,2024-10-27,Electronics,Wireless Earbuds,East,Net Banking,1,1507.08,0,1507.08
ORD107155,CUST00667,2023-12-13,home & kitchen,Non-stick Pan,East,UPI,2,389.06,15,661.4
ORD101382,CUST00258,2023-12-03,Books,Self-Help Book,,UPI,2,247.02,0,494.04
ORD101807,CUST00844,2023-04-14,Home & Kitchen,Water Bottle,East,Debit Card,2,1261.86,0,2523.72
ORD102798,CUST00375,2023-11-03,Fashion,Running Shoes,Central,Debit Card,1,389.55,20,311.64
ORD100550,CUST00128,2024-03-03,fashion,Denim Jacket,Central,,1,495.82,20,396.66
ORD105094,CUST00801,2024-11-23,Sports,Resistance Bands,South,UPI,1,811.47,0,811.47
ORD102706,CUST00040,2024-11-24,Sports,Cycling Gloves,West,UPI,1,1794.6,10,1615.14
ORD105989,CUST00325,2023-12-20,home & kitchen,Non-stick Pan,West,UPI,2,1731.14,0,3462.28
ORD107378,CUST01176,2023-10-28,Beauty,Face Serum,South,Credit Card,1,1275.28,10,1147.75
ORD108665,CUST00720,2024-04-17,Electronics,Power Bank,East,Credit Card,1,3344.8,10,3010.32
ORD106081,CUST00288,2024-01-11,Beauty,Hair Dryer,East,Debit Card,1,304.9,5,289.65
ORD102817,CUST01022,2024-05-13,Fashion,Sunglasses,North,Debit Card,1,1827.35,30,1279.14
ORD106853,CUST00785,2024-04-16,Home & Kitchen,Non-stick Pan,West,Cash on Delivery,1,1560.91,0,1560.91
ORD106151,CUST01016,2023-08-22,Electronics,Power Bank,West,Credit Card,2,2938.89,15,4996.11
ORD106262,CUST00108,2024-10-14,Beauty,Hair Dryer,South,Credit Card,3,1107.54,0,3322.62
ORD104929,CUST00587,2023-09-30,Sports,Dumbbell Set,East,UPI,1,1637.34,10,1473.61
ORD108464,CUST00455,2024-11-03,Beauty,Perfume,Central,Credit Card,2,1186.99,0,2373.98
ORD102103,CUST00228,2024-07-09,Home & Kitchen,Storage Organizer,South,Net Banking,1,597.27,0,597.27
ORD104436,CUST00427,2024-10-25,Electronics,Wireless Earbuds,West,UPI,1,1097.57,0,1097.57
ORD102414,CUST00131,2023-09-08,fashion,Sunglasses,West,Cash on Delivery,1,1018.02,0,1018.02
ORD102829,CUST00484,2024-07-16,Fashion,Cotton T-Shirt,Central,Net Banking,2,625.24,0,1250.48
ORD107861,CUST00834,2023-06-28,Home & Kitchen,Water Bottle,North,Debit Card,1,922.58,0,922.58
ORD104516,CUST00299,2024-10-05,Electronics,Power Bank,South,Debit Card,1,2255.3,15,1917.0
ORD104857,CUST00128,2024-03-21,Books,Kids Storybook,North,UPI,1,536.28,0,536.28
ORD103515,CUST00195,2024-05-25,Electronics,Bluetooth Speaker,West,Credit Card,1,2061.68,0,2061.68
ORD102389,CUST00024,2024-06-15,Electronics,Laptop Sleeve,South,Net Banking,1,3256.43,0,3256.43
ORD106907,CUST00248,2023-07-16,Home & Kitchen,Non-stick Pan,East,Credit Card,2,641.47,5,1218.79
ORD106049,CUST00198,2023-08-28,Home & Kitchen,Cushion Cover,Central,Credit Card,1,1394.99,0,1394.99
ORD100864,CUST00671,2024-11-02,Fashion,Leather Wallet,South,Debit Card,1,1331.93,0,1331.93
ORD101868,CUST00724,2024-08-27,Sports,Yoga Mat,East,UPI,2,779.42,0,1558.84
ORD104084,CUST00363,2024-09-18,Beauty,Sunscreen SPF50,South,Cash on Delivery,1,1070.7,20,856.56
ORD100503,CUST00939,2023-07-01,Sports,Resistance Bands,Central,Cash on Delivery,1,410.15,0,410.15
ORD103441,CUST01011,2024-04-06,Electronics,Smartwatch,North,UPI,1,2056.54,15,1748.06
ORD103804,CUST00128,2024-02-22,home & kitchen,Storage Organizer,East,Cash on Delivery,4,1322.16,30,3702.05
ORD100769,CUST01004,2024-09-30,Electronics,Power Bank,Central,,1,4068.39,0,4068.39
ORD100884,CUST00368,2023-08-13,Electronics,Wireless Earbuds,South,UPI,1,3196.38,0,3196.38
ORD105443,CUST00002,2024-04-10,Books,Business Biography,South,Cash on Delivery,1,646.77,10,582.09
ORD108316,CUST00002,2024-03-27,Sports,Cricket Bat,North,Credit Card,1,2735.0,10,2461.5
ORD108881,CUST01139,2023-08-03,beauty,Lip Balm Set,South,Debit Card,2,452.91,10,815.24
ORD102526,CUST00308,2023-02-23,Electronics,Wireless Earbuds,,Credit Card,1,2226.12,0,2226.12
ORD107733,CUST00525,2024-02-12,Home & Kitchen,Storage Organizer,North,Debit Card,1,755.33,15,642.03
ORD107539,CUST00081,2024-05-30,Electronics,Smartwatch,East,Credit Card,1,3234.33,15,2749.18
ORD104005,CUST00976,2024-05-23,Home & Kitchen,Water Bottle,Central,Credit Card,3,1180.14,0,3540.42
ORD101286,CUST00380,2024-03-30,Sports,Yoga Mat,East,UPI,4,2587.43,5,9832.23
ORD105925,CUST00212,2023-10-26,Sports,Dumbbell Set,West,Credit Card,1,1922.96,0,1922.96
ORD103593,CUST00656,2024-09-17,Home & Kitchen,Non-stick Pan,South,UPI,1,1360.27,0,1360.27
ORD100710,CUST00128,2024-02-08,Fashion,Denim Jacket,Central,UPI,4,2083.82,20,6668.22
ORD102340,CUST00580,2023-04-11,Fashion,Running Shoes,Central,UPI,2,398.45,10,717.21
ORD101866,CUST00679,2024-12-05,Electronics,Power Bank,South,Credit Card,2,1407.82,0,2815.64
ORD100098,CUST00962,2024-08-27,Fashion,Running Shoes,,UPI,1,2499.0,0,2499.0
ORD107113,CUST00900,2024-11-28,Home & Kitchen,Non-stick Pan,South,UPI,4,1033.83,0,4135.32
ORD101982,CUST00884,2024-11-02,Electronics,Power Bank,West,Credit Card,2,3497.92,0,6995.84
ORD108985,CUST00814,2024-02-14,Beauty,Sunscreen SPF50,West,UPI,1,693.93,0,693.93
ORD104353,CUST00338,2024-06-08,Home & Kitchen,Storage Organizer,South,UPI,1,1400.61,10,1260.55
ORD104892,CUST01076,2023-09-27,Books,Kids Storybook,West,Credit Card,2,313.09,0,626.18
ORD102595,CUST00937,2024-01-04,Home & Kitchen,Storage Organizer,South,Net Banking,1,407.41,0,407.41
ORD105375,CUST00654,2024-03-14,Books,Kids Storybook,East,Debit Card,1,328.2,0,328.2
ORD101250,CUST00202,2024-12-14,Sports,Yoga Mat,South,Credit Card,3,2435.51,0,7306.53
ORD104673,CUST00706,2024-01-01,Books,Business Biography,East,UPI,1,702.95,10,632.66
ORD101465,CUST00245,2024-08-13,Books,Cookbook,North,Net Banking,4,218.63,0,874.52
ORD106655,CUST01100,2023-03-01,Electronics,Wireless Earbuds,North,UPI,1,1386.21,20,1108.97
ORD108764,CUST00322,2024-10-09,Electronics,Smartwatch,North,Credit Card,4,3642.26,5,13840.59
ORD101398,CUST00430,2024-06-09,Beauty,Face Serum,East,UPI,1,1338.79,15,1137.97
ORD104766,CUST00379,2024-12-29,Fashion,Cotton T-Shirt,Central,UPI,1,1367.52,30,957.26
ORD102761,CUST00222,2024-09-11,Electronics,Smartwatch,West,Debit Card,2,3836.43,0,7672.86
ORD105275,CUST00203,2023-08-25,Fashion,Sunglasses,South,UPI,4,1478.26,10,5321.74
ORD106368,CUST00895,2024-06-12,Electronics,Wireless Earbuds,West,Debit Card,1,1424.44,0,1424.44
ORD104367,CUST00385,2024-04-22,Electronics,Smartwatch,West,UPI,1,4231.93,0,4231.93
ORD102022,CUST00667,2023-10-12,Beauty,Sunscreen SPF50,South,Net Banking,1,979.51,20,783.61
ORD101196,CUST00633,2023-09-04,Fashion,Leather Wallet,North,UPI,1,614.13,0,614.13
ORD104512,CUST00888,2024-08-27,Beauty,Lip Balm Set,Central,Cash on Delivery,2,235.09,0,470.18
ORD108774,CUST01140,2024-02-24,Electronics,Power Bank,East,Debit Card,2,2662.43,10,4792.37
ORD106899,CUST00977,2024-09-12,Electronics,Wireless Earbuds,South,Credit Card,1,911.08,0,911.08
ORD105916,CUST00560,2024-07-08,Sports,Resistance Bands,North,Net Banking,1,1403.16,5,1333.0
ORD106091,CUST00197,2024-01-23,Books,Kids Storybook,North,UPI,1,694.49,15,590.32
ORD105652,CUST01169,2023-12-03,Electronics,Smartwatch,West,UPI,1,3780.08,10,3402.07
ORD103451,CUST00853,2023-07-06,Fashion,Cotton T-Shirt,Central,Credit Card,2,690.95,15,1174.62
ORD101011,CUST00128,2024-08-18,Beauty,Hair Dryer,West,UPI,1,1007.87,10,907.08
ORD102643,CUST00031,2023-12-12,Fashion,Sunglasses,Central,Credit Card,2,1075.29,0,2150.58
ORD107784,CUST00453,2023-05-05,Electronics,Laptop Sleeve,East,Debit Card,1,2526.8,0,2526.8
ORD107283,CUST00888,2024-08-19,Electronics,Power Bank,East,UPI,1,3326.96,15,2827.92
ORD104934,CUST00153,2024-07-15,Beauty,Hair Dryer,North,Cash on Delivery,1,999.61,0,999.61
ORD101236,CUST00573,2023-08-11,Beauty,Perfume,East,UPI,1,716.82,10,645.14
ORD105474,CUST00745,2023-05-05,Electronics,Smartwatch,West,Net Banking,1,803.18,5,763.02
ORD108835,CUST00079,2023-10-17,Home & Kitchen,Water Bottle,West,UPI,1,1932.41,0,1932.41
ORD106456,CUST00128,2024-04-19,Beauty,Sunscreen SPF50,East,Net Banking,1,648.0,0,648.0
ORD106498,CUST00699,2023-06-25,Electronics,Power Bank,North,Debit Card,3,1727.29,20,4145.5
ORD103446,CUST00324,2023-08-24,Beauty,Perfume,West,UPI,2,856.25,0,1712.5
ORD104296,CUST01136,2024-11-01,Electronics,Laptop Sleeve,Central,Credit Card,1,1984.3,0,1984.3
ORD108257,CUST00006,2024-12-07,Electronics,Power Bank,West,Credit Card,1,1939.76,0,1939.76
ORD101842,CUST00471,2024-08-18,Fashion,Running Shoes,North,Debit Card,1,1892.42,10,1703.18
ORD100734,CUST00046,2024-08-29,Home & Kitchen,Non-stick Pan,South,Credit Card,1,469.75,0,469.75
ORD107222,CUST00191,2024-05-27,Home & Kitchen,Cushion Cover,West,Debit Card,1,1670.11,15,1419.59
ORD102739,CUST00303,2024-06-08,beauty,Perfume,South,UPI,1,503.56,0,503.56
ORD101206,CUST00970,2023-09-04,Beauty,Sunscreen SPF50,East,Cash on Delivery,1,402.19,0,402.19
ORD102319,CUST00221,2024-02-17,Electronics,Power Bank,North,Debit Card,1,4189.04,0,4189.04
ORD103064,CUST00818,2024-12-04,Beauty,Sunscreen SPF50,Central,Net Banking,1,714.22,0,714.22
ORD100599,CUST00970,2023-04-17,Fashion,Denim Jacket,East,Credit Card,1,672.07,0,672.07
ORD106842,CUST00182,2024-11-24,Fashion,Cotton T-Shirt,Central,UPI,1,1922.82,0,1922.82
ORD103351,CUST00288,2024-01-12,Sports,Cricket Bat,South,UPI,1,1217.19,5,1156.33
ORD108511,CUST01146,2023-04-11,Home & Kitchen,LED Lamp,North,Debit Card,2,1818.49,0,3636.98
ORD103544,CUST01116,2024-09-04,Electronics,Smartwatch,South,Credit Card,1,1478.3,15,1256.55
ORD100400,CUST00585,2023-10-17,Electronics,Power Bank,East,Debit Card,2,4011.6,5,7622.04
ORD103321,CUST01174,2024-12-02,Electronics,Laptop Sleeve,South,UPI,1,2346.3,30,1642.41
ORD105202,CUST00090,2023-05-22,Beauty,Face Serum,South,Debit Card,2,1057.34,0,2114.68
ORD101776,CUST00902,2023-10-14,Beauty,Lip Balm Set,West,Debit Card,1,1056.89,0,1056.89
ORD108509,CUST00614,2023-05-13,Fashion,Cotton T-Shirt,East,Debit Card,3,1962.11,5,5592.01
ORD100514,CUST00210,2024-07-27,Electronics,Laptop Sleeve,Central,Net Banking,2,4158.68,10,7485.62
ORD107835,CUST00395,2024-01-10,fashion,Sunglasses,Central,Credit Card,1,1898.06,10,1708.25
ORD105752,CUST01055,2024-11-15,Sports,Cricket Bat,Central,UPI,2,2464.34,10,4435.81
ORD108500,CUST00083,2023-11-13,Beauty,Perfume,South,Debit Card,2,1058.06,10,1904.51
ORD102544,CUST00589,2024-03-06,Home & Kitchen,Non-stick Pan,East,Credit Card,1,1676.49,30,1173.54
ORD106250,CUST01074,2023-06-26,Home & Kitchen,Water Bottle,South,Net Banking,1,1616.64,5,1535.81
ORD105969,CUST00656,2024-04-14,Home & Kitchen,Water Bottle,East,Cash on Delivery,2,204.58,0,409.16
ORD100814,CUST00945,2023-05-18,Fashion,Leather Wallet,East,Credit Card,1,2375.26,5,2256.5
ORD107795,CUST00375,2023-03-07,Home & Kitchen,LED Lamp,South,Credit Card,4,1923.57,0,7694.28
ORD107718,CUST01074,2023-09-22,Home & Kitchen,Cushion Cover,,Debit Card,1,1842.57,5,1750.44
ORD102206,CUST00251,2024-11-13,Electronics,Wireless Earbuds,Central,UPI,1,4019.08,10,3617.17
ORD102752,CUST00970,2024-02-01,Electronics,Smartwatch,North,UPI,1,2640.07,0,2640.07
ORD104987,CUST01155,2023-05-11,Electronics,Laptop Sleeve,West,Credit Card,1,3756.32,0,3756.32
ORD107431,CUST00609,2023-09-10,Fashion,Running Shoes,North,UPI,3,2124.71,10,5736.72
ORD100703,CUST00123,2024-05-08,Beauty,Face Serum,East,Cash on Delivery,1,476.16,0,476.16
ORD108858,CUST00328,2023-12-02,Electronics,Wireless Earbuds,South,UPI,1,3328.99,0,3328.99
ORD105362,CUST00237,2024-04-10,Home & Kitchen,Storage Organizer,North,Cash on Delivery,1,703.81,0,703.81
ORD101035,CUST01053,2024-09-25,Home & Kitchen,LED Lamp,West,Cash on Delivery,2,255.91,0,511.82
ORD106257,CUST00882,2023-10-24,Beauty,Lip Balm Set,West,UPI,1,355.47,0,355.47
ORD100219,CUST00245,2024-05-08,Fashion,Leather Wallet,East,UPI,1,2442.36,0,2442.36
ORD106297,CUST00671,2024-11-07,Books,Self-Help Book,West,Credit Card,1,354.4,10,318.96
ORD103548,CUST00030,2023-04-05,Home & Kitchen,Cushion Cover,Central,UPI,2,277.87,0,555.74
ORD105935,CUST00195,2024-06-06,Sports,Resistance Bands,Central,Credit Card,2,566.36,0,1132.72
ORD108853,CUST01000,2024-10-18,Fashion,Running Shoes,West,Credit Card,1,562.23,15,477.9
ORD105250,CUST00603,2024-06-23,Electronics,Smartwatch,North,Debit Card,3,2522.16,0,7566.48
ORD108249,CUST00227,2024-05-28,Electronics,Laptop Sleeve,South,Debit Card,1,2843.28,0,2843.28
ORD100016,CUST00221,2024-01-23,Home & Kitchen,Storage Organizer,North,Cash on Delivery,2,1825.21,10,3285.38
ORD108537,CUST00793,2024-07-26,Home & Kitchen,LED Lamp,East,Credit Card,2,1529.36,5,2905.78
ORD103643,CUST00388,2024-12-19,Beauty,Hair Dryer,West,UPI,1,1064.41,0,1064.41
ORD102786,CUST00483,2024-11-11,Books,Kids Storybook,East,Credit Card,2,155.93,0,311.86
ORD100821,CUST00968,2024-09-10,Electronics,Wireless Earbuds,West,UPI,1,1288.65,0,1288.65
ORD104623,CUST00580,2023-04-30,Books,Fiction Novel,East,UPI,2,174.98,10,314.96
ORD102677,CUST00772,2023-05-18,Home & Kitchen,Non-stick Pan,North,Cash on Delivery,1,1281.16,0,1281.16
ORD104008,CUST00478,2024-05-22,Beauty,Sunscreen SPF50,Central,UPI,1,377.5,5,358.62
ORD100516,CUST00846,2024-05-12,books,Fiction Novel,North,UPI,1,778.76,0,778.76
ORD107553,CUST00901,2024-11-06,Beauty,Sunscreen SPF50,East,UPI,2,227.81,0,455.62
ORD102048,CUST00395,2024-02-15,Fashion,Leather Wallet,South,UPI,2,1297.38,10,2335.28
ORD108746,CUST00361,2023-07-21,Home & Kitchen,Cushion Cover,Central,Cash on Delivery,1,347.93,10,313.14
ORD107728,CUST00772,2023-06-03,Books,Kids Storybook,West,Credit Card,2,776.36,15,1319.81
ORD108215,CUST00713,2024-03-05,Home & Kitchen,Storage Organizer,East,Cash on Delivery,1,702.93,0,702.93
ORD100600,CUST01080,2024-05-08,Home & Kitchen,Water Bottle,North,Credit Card,4,1967.84,20,6297.09
ORD102749,CUST00186,2024-11-30,Home & Kitchen,LED Lamp,South,Debit Card,2,516.95,0,1033.9
ORD107946,CUST00968,2024-05-28,Books,Cookbook,North,Credit Card,3,474.32,5,1351.81
ORD103255,CUST00916,2023-12-12,Electronics,Power Bank,North,UPI,1,1524.05,0,1524.05
ORD105863,CUST00904,2024-05-18,Home & Kitchen,Cushion Cover,North,Cash on Delivery,1,1391.09,15,1182.43
ORD105908,CUST00161,2024-12-30,Electronics,Power Bank,South,UPI,1,1374.57,5,1305.84
ORD102839,CUST00818,2024-08-31,Home & Kitchen,Water Bottle,South,Debit Card,1,1405.07,10,1264.56
ORD106654,CUST00949,2024-07-05,Home & Kitchen,Cushion Cover,West,Credit Card,2,221.48,0,442.96
ORD103235,CUST01064,2023-03-01,Fashion,Denim Jacket,Central,Credit Card,1,1454.43,0,1454.43
ORD108200,CUST00560,2024-06-30,Home & Kitchen,Non-stick Pan,South,Credit Card,1,493.83,15,419.76
ORD103839,CUST00550,2024-03-11,Electronics,Smartwatch,North,Credit Card,1,1775.48,0,1775.48
ORD107840,CUST00352,2024-01-18,Home & Kitchen,Storage Organizer,North,UPI,1,1074.24,0,1074.24
ORD105838,CUST00005,2024-01-29,Sports,Cycling Gloves,South,UPI,1,262.23,20,209.78
ORD108379,CUST00131,2023-07-08,Fashion,Sunglasses,West,Net Banking,1,1584.27,10,1425.84
ORD103036,CUST00742,2024-08-12,Sports,Cycling Gloves,East,Debit Card,1,1656.59,5,1573.76
ORD104950,CUST00927,2024-07-18,Electronics,Laptop Sleeve,East,Cash on Delivery,1,4379.1,0,4379.1
ORD100487,CUST01008,2023-10-22,Sports,Cricket Bat,Central,Credit Card,1,421.72,0,421.72
ORD104966,CUST01077,2024-11-23,Beauty,Face Serum,East,Credit Card,1,676.78,0,676.78
ORD100592,CUST00322,2024-07-16,Fashion,Running Shoes,South,Cash on Delivery,1,1603.65,5,1523.47
ORD101608,CUST00221,2023-08-29,Beauty,Face Serum,South,UPI,1,808.21,10,727.39
ORD107130,CUST00375,2023-05-05,Fashion,Cotton T-Shirt,East,Cash on Delivery,1,1757.92,0,1757.92
ORD105373,CUST00406,2023-04-05,Fashion,Leather Wallet,Central,Net Banking,2,710.94,10,1279.69
ORD104195,CUST00128,2024-04-01,Sports,Dumbbell Set,West,UPI,2,2589.64,0,5179.28
ORD105852,CUST01055,2024-11-23,Beauty,Face Serum,South,Cash on Delivery,2,1012.98,5,1924.66
ORD107660,CUST00600,2024-02-14,Sports,Dumbbell Set,Central,UPI,1,442.72,0,442.72
ORD102074,CUST00438,2024-01-13,Home & Kitchen,LED Lamp,South,Credit Card,1,345.18,0,345.18
ORD108721,CUST00772,2024-06-27,Electronics,Bluetooth Speaker,West,Cash on Delivery,1,2820.94,5,2679.89
ORD100357,CUST00199,2024-10-31,Fashion,Sunglasses,North,Credit Card,1,999.39,0,999.39
ORD102849,CUST00552,2024-06-29,Sports,Resistance Bands,Central,Credit Card,1,726.78,0,726.78
ORD104848,CUST00366,2023-09-04,Beauty,Sunscreen SPF50,North,Credit Card,3,1270.41,0,3811.23
ORD103365,CUST00149,2024-07-05,Fashion,Sunglasses,West,Cash on Delivery,1,1341.31,0,1341.31
ORD107525,CUST00375,2023-12-13,Fashion,Denim Jacket,West,Credit Card,1,1108.22,0,1108.22
ORD103314,CUST00016,2023-05-24,Home & Kitchen,LED Lamp,West,UPI,3,1485.11,5,4232.56
ORD103130,CUST00602,2024-11-28,Fashion,Sunglasses,South,UPI,1,1501.67,0,1501.67
ORD100253,CUST00962,2024-12-22,Home & Kitchen,LED Lamp,Central,Credit Card,1,555.75,0,555.75
ORD107875,CUST01147,2024-12-14,Beauty,Sunscreen SPF50,Central,UPI,1,839.71,0,839.71
ORD101961,CUST00221,2023-07-02,Fashion,Running Shoes,Central,Credit Card,1,1159.76,10,1043.78
ORD104299,CUST00483,2024-12-18,Sports,Resistance Bands,Central,UPI,2,1677.96,0,3355.92
ORD104132,CUST01178,2024-10-11,Fashion,Running Shoes,South,Net Banking,2,1539.29,5,2924.65
ORD103404,CUST00308,2023-03-04,Sports,Dumbbell Set,South,Credit Card,1,2866.03,0,2866.03
ORD100435,CUST00525,2024-03-29,Fashion,Running Shoes,West,UPI,2,1158.65,15,1969.71
ORD100589,CUST00877,2023-05-22,Beauty,Lip Balm Set,East,UPI,1,1317.13,0,1317.13
ORD104001,CUST00221,2023-08-18,Fashion,Cotton T-Shirt,East,Debit Card,1,1828.32,5,1736.9
ORD103122,CUST00626,2024-06-26,Books,Business Biography,East,Net Banking,2,643.66,0,1287.32
ORD105629,CUST00051,2024-06-15,Electronics,Laptop Sleeve,Central,Debit Card,2,3255.53,0,6511.06
ORD107343,CUST00228,2024-02-20,Home & Kitchen,Cushion Cover,North,Net Banking,3,578.9,0,1736.7
ORD100012,CUST01051,2023-09-18,Electronics,Smartwatch,East,Debit Card,1,2454.11,15,2085.99
ORD104752,CUST00494,2024-07-12,Beauty,Sunscreen SPF50,East,Debit Card,1,1451.14,5,1378.58
ORD103803,CUST00550,2024-04-15,Beauty,Face Serum,Central,Cash on Delivery,1,298.24,0,298.24
ORD108171,CUST00971,2024-10-04,Fashion,Running Shoes,East,UPI,1,431.67,0,431.67
ORD101530,CUST00731,2023-06-12,Books,Business Biography,Central,UPI,1,298.41,10,268.57
ORD104636,CUST00087,2024-01-15,Electronics,Laptop Sleeve,South,Debit Card,2,3745.71,0,7491.42
ORD103262,CUST00557,2024-03-19,Fashion,Denim Jacket,West,Credit Card,1,972.22,5,923.61
ORD105335,CUST00372,2024-03-02,Electronics,Bluetooth Speaker,West,UPI,1,2601.87,5,2471.78
ORD108288,CUST00631,2024-03-22,Home & Kitchen,Non-stick Pan,North,,2,421.04,10,757.87
ORD105021,CUST00902,2024-08-17,Beauty,Sunscreen SPF50,Central,Credit Card,1,1194.17,0,1194.17
ORD103579,CUST01023,2024-08-03,Electronics,Smartwatch,North,Debit Card,1,2256.43,0,2256.43
ORD101220,CUST00742,2024-01-18,Beauty,Sunscreen SPF50,North,UPI,1,568.19,0,568.19
ORD100037,CUST00628,2023-01-28,Electronics,Smartwatch,East,Credit Card,1,2596.68,5,2466.85
ORD101495,CUST00413,2024-01-25,Sports,Cycling Gloves,East,Credit Card,1,2782.11,10,2503.9
ORD104615,CUST00397,2024-11-22,electronics,Bluetooth Speaker,South,UPI,1,4252.6,5,4039.97
ORD108866,CUST00845,2023-11-01,electronics,Smartwatch,West,,1,2081.53,0,2081.53
ORD107839,CUST00080,2024-11-11,Beauty,Sunscreen SPF50,South,Credit Card,1,1307.45,5,1242.08
ORD105345,CUST00855,2024-04-01,Beauty,Hair Dryer,West,Credit Card,1,1372.34,0,1372.34
ORD104107,CUST00326,2024-06-10,Sports,Cycling Gloves,South,Debit Card,2,2881.34,0,5762.68
ORD102527,CUST00975,2024-07-05,home & kitchen,Water Bottle,South,UPI,1,774.28,0,774.28
ORD106713,CUST00976,2024-05-20,Sports,Yoga Mat,Central,UPI,1,2811.33,15,2389.63
ORD106679,CUST00917,2024-07-31,Fashion,Cotton T-Shirt,East,Debit Card,2,1721.06,0,3442.12
ORD106418,CUST00580,2023-03-15,Books,Cookbook,Central,UPI,2,701.32,5,1332.51
ORD103385,CUST00146,2024-10-16,Books,Self-Help Book,Central,Cash on Delivery,1,401.36,0,401.36
ORD105915,CUST00308,2023-11-26,Electronics,Power Bank,West,UPI,1,805.62,0,805.62
ORD101878,CUST00614,2023-04-11,Books,Cookbook,Central,Cash on Delivery,2,235.54,0,471.08
ORD103148,CUST00128,2024-04-12,Home & Kitchen,Cushion Cover,Central,Net Banking,2,1116.5,0,2233.0
ORD107944,CUST00325,2023-02-25,Home & Kitchen,Storage Organizer,Central,UPI,1,1189.28,0,1189.28
ORD104130,CUST00573,2023-12-28,Electronics,Smartwatch,South,Net Banking,1,1994.89,10,1795.4
ORD103169,CUST00109,2024-04-02,Sports,Cycling Gloves,West,Net Banking,1,2667.88,0,2667.88
ORD104801,CUST01074,2024-04-07,beauty,Perfume,West,Cash on Delivery,2,821.55,0,1643.1
ORD101844,CUST01119,2024-05-12,Electronics,Smartwatch,East,UPI,1,3001.04,0,3001.04
ORD107214,CUST00199,2024-09-21,Home & Kitchen,Water Bottle,Central,UPI,3,1689.32,0,5067.96
ORD106530,CUST00525,2023-07-06,Electronics,Laptop Sleeve,South,Credit Card,2,1287.49,15,2188.73
ORD101980,CUST00265,2023-09-20,Electronics,Bluetooth Speaker,,Debit Card,1,1531.11,0,1531.11
ORD104535,CUST00386,2023-05-28,Beauty,Perfume,North,UPI,1,1369.99,5,1301.49
ORD102117,CUST00128,2024-07-09,Home & Kitchen,Cushion Cover,South,Debit Card,2,990.2,10,1782.36
ORD102639,CUST00213,2023-12-16,fashion,Denim Jacket,Central,UPI,2,899.98,0,1799.96
ORD105020,CUST00624,2024-10-25,Electronics,Wireless Earbuds,South,UPI,1,4152.31,0,4152.31
ORD103714,CUST00104,2024-11-20,Fashion,Leather Wallet,East,,2,1848.75,15,3142.88
ORD101688,CUST00216,2024-03-11,Electronics,Wireless Earbuds,East,UPI,1,912.79,0,912.79
ORD105115,CUST01038,2024-12-26,Books,Cookbook,West,Credit Card,1,281.66,10,253.49
ORD100902,CUST00580,2024-10-27,Sports,Yoga Mat,Central,Credit Card,1,2020.31,0,2020.31
ORD101134,CUST00415,2023-07-09,Home & Kitchen,Non-stick Pan,North,Credit Card,1,633.92,15,538.83
ORD107329,CUST00128,2024-03-28,Fashion,Running Shoes,Central,,2,786.51,0,1573.02
ORD101108,CUST00011,2024-05-19,Fashion,Sunglasses,South,Credit Card,1,462.72,15,393.31
ORD104973,CUST00030,2023-05-30,Electronics,Power Bank,East,UPI,1,3274.32,0,3274.32
ORD103059,CUST00742,2023-09-23,Fashion,Sunglasses,Central,,1,940.59,15,799.5
ORD105456,CUST00760,2024-10-13,Sports,Dumbbell Set,West,UPI,1,1140.6,0,1140.6
ORD106442,CUST00492,2024-08-18,Books,Kids Storybook,North,Credit Card,3,797.47,5,2272.79
ORD100768,CUST00889,2024-08-17,Electronics,Laptop Sleeve,Central,UPI,1,3782.09,10,3403.88
ORD104849,CUST00071,2024-07-29,Sports,Yoga Mat,North,UPI,1,1146.02,5,1088.72
ORD108928,CUST00347,2023-10-19,Home & Kitchen,Non-stick Pan,North,UPI,1,1116.42,20,893.14
ORD100617,CUST00804,2023-08-31,Fashion,Sunglasses,North,UPI,1,1587.17,0,1587.17
ORD102138,CUST00457,2024-08-02,Home & Kitchen,LED Lamp,North,UPI,1,1784.1,0,1784.1
ORD106254,CUST00247,2024-05-18,Sports,Yoga Mat,South,UPI,1,1339.4,0,1339.4
ORD100795,CUST00922,2024-10-20,Electronics,Power Bank,South,UPI,1,1828.78,0,1828.78
ORD104911,CUST00044,2024-07-01,Fashion,Denim Jacket,North,Credit Card,1,1866.24,0,1866.24
ORD103837,CUST00109,2024-07-31,Electronics,Power Bank,South,Credit Card,1,923.38,0,923.38
ORD107469,CUST00346,2023-09-10,Beauty,Sunscreen SPF50,North,UPI,1,952.51,20,762.01
ORD108770,CUST01107,2024-01-03,Fashion,Denim Jacket,East,Credit Card,2,616.99,0,1233.98
ORD103875,CUST00745,2023-09-24,Beauty,Lip Balm Set,West,Debit Card,1,961.75,10,865.58
ORD104733,CUST00221,2024-03-30,Electronics,Laptop Sleeve,East,UPI,1,3464.52,15,2944.84
ORD107291,CUST01007,2024-08-23,Electronics,Laptop Sleeve,West,Credit Card,2,871.0,10,1567.8
ORD106671,CUST00628,2023-09-13,Sports,Yoga Mat,East,Credit Card,1,1490.78,0,1490.78
ORD103840,CUST00404,2024-08-15,Sports,Yoga Mat,West,Credit Card,1,828.07,30,579.65
ORD106268,CUST00597,2024-10-14,Home & Kitchen,Non-stick Pan,West,Debit Card,3,397.18,10,1072.39
ORD101325,CUST01051,2023-09-27,Fashion,Sunglasses,Central,Debit Card,1,1229.12,20,983.3
ORD108796,CUST00371,2024-07-24,Sports,Cycling Gloves,North,UPI,1,2377.03,5,2258.18
ORD102164,CUST00002,2024-06-10,Fashion,Denim Jacket,South,Credit Card,1,1496.59,10,1346.93
ORD106872,CUST00675,2024-02-24,Fashion,Sunglasses,West,UPI,1,1929.79,0,1929.79
ORD103756,CUST01002,2024-09-02,home & kitchen,Non-stick Pan,West,Credit Card,2,612.66,30,857.72
ORD102110,CUST00337,2024-01-29,Electronics,Power Bank,South,Credit Card,1,3635.06,0,3635.06
ORD107773,CUST00418,2024-10-24,Home & Kitchen,LED Lamp,North,Credit Card,1,266.42,5,253.1
ORD104077,CUST00293,2024-06-17,Fashion,Denim Jacket,West,Debit Card,1,1078.16,10,970.34
ORD104253,CUST00883,2023-11-16,Fashion,Leather Wallet,Central,Net Banking,2,1991.94,0,3983.88
ORD104534,CUST00121,2024-11-29,Books,Self-Help Book,South,Debit Card,4,158.6,15,539.24
ORD105553,CUST00970,2023-09-21,sports,Cycling Gloves,South,Credit Card,1,700.99,0,700.99
ORD105518,CUST00983,2024-09-10,Electronics,Laptop Sleeve,East,Debit Card,1,3689.02,15,3135.67
ORD106234,CUST00749,2024-02-27,Electronics,Bluetooth Speaker,Central,UPI,1,4215.48,0,4215.48
ORD101569,CUST00515,2024-04-14,Home & Kitchen,Water Bottle,,UPI,1,656.24,0,656.24
ORD107958,CUST00013,2024-04-26,Sports,Resistance Bands,East,Cash on Delivery,1,1718.13,0,1718.13
ORD101237,CUST01116,2023-06-01,Fashion,Cotton T-Shirt,East,Credit Card,1,1644.87,0,1644.87
ORD108862,CUST00114,2023-09-30,Electronics,Wireless Earbuds,South,Debit Card,1,3910.74,0,3910.74
ORD102304,CUST00407,2023-04-22,Home & Kitchen,LED Lamp,Central,Cash on Delivery,2,1869.43,0,3738.86
ORD108574,CUST00677,2024-05-10,Books,Business Biography,North,Debit Card,1,425.3,0,425.3
ORD101603,CUST00234,2024-05-27,Electronics,Laptop Sleeve,North,Debit Card,4,1864.66,0,7458.64
ORD106264,CUST00161,2024-11-08,Sports,Yoga Mat,West,Cash on Delivery,2,1418.54,0,2837.08
ORD108692,CUST00046,2024-06-07,Electronics,Smartwatch,West,Credit Card,1,2240.87,0,2240.87
ORD107203,CUST00120,2024-12-09,Fashion,Leather Wallet,Central,Debit Card,3,943.57,0,2830.71
ORD108475,CUST00245,2024-03-01,Sports,Resistance Bands,West,UPI,1,2309.45,30,1616.61
ORD107740,CUST01125,2024-01-04,Electronics,Power Bank,East,Credit Card,1,3821.61,20,3057.29
ORD104974,CUST01041,2024-06-28,Sports,Resistance Bands,Central,Cash on Delivery,1,2634.52,20,2107.62
ORD101539,CUST00754,2024-06-12,Beauty,Hair Dryer,North,UPI,1,444.02,10,399.62
ORD100908,CUST00139,2024-05-24,Books,Business Biography,Central,Credit Card,1,169.2,0,169.2
ORD100847,CUST00288,2024-06-10,Home & Kitchen,Water Bottle,East,Net Banking,1,1079.0,10,971.1
ORD100461,CUST01116,2023-12-24,Sports,Cricket Bat,South,Credit Card,1,1912.58,5,1816.95
ORD107779,CUST00098,2024-05-10,Home & Kitchen,Cushion Cover,East,Cash on Delivery,1,737.15,0,737.15
ORD100813,CUST00962,2024-09-19,Beauty,Sunscreen SPF50,South,Cash on Delivery,1,363.42,0,363.42
ORD101522,CUST00455,2023-11-30,home & kitchen,Water Bottle,South,Cash on Delivery,1,1034.72,0,1034.72
ORD101054,CUST00741,2023-06-09,Beauty,Face Serum,East,Credit Card,1,1005.65,0,1005.65
ORD107547,CUST00568,2023-03-18,Home & Kitchen,LED Lamp,South,UPI,1,981.2,5,932.14
ORD102218,CUST01080,2024-07-04,Fashion,Sunglasses,Central,Debit Card,3,962.15,0,2886.45
ORD101806,CUST00749,2023-09-15,Home & Kitchen,Non-stick Pan,South,UPI,2,473.07,10,851.53
ORD107175,CUST01140,2024-03-27,Fashion,Denim Jacket,Central,Net Banking,1,2181.75,0,2181.75
ORD108906,CUST00731,2024-02-27,Home & Kitchen,Cushion Cover,South,UPI,2,295.97,0,591.94
ORD104139,CUST00614,2023-11-10,Electronics,Power Bank,South,Debit Card,1,2881.59,20,2305.27
ORD106851,CUST00217,2024-08-13,Home & Kitchen,Non-stick Pan,South,UPI,2,320.12,15,544.2
ORD103260,CUST00048,2023-12-14,Electronics,Power Bank,East,Cash on Delivery,1,1639.52,0,1639.52
ORD102157,CUST01007,2024-11-15,Fashion,Sunglasses,North,Credit Card,1,1128.89,0,1128.89
ORD104832,CUST01040,2024-07-30,Electronics,Power Bank,North,UPI,1,1424.9,0,1424.9
ORD100776,CUST00827,2024-02-06,Electronics,Power Bank,Central,UPI,2,2099.6,0,4199.2
ORD108730,CUST00322,2024-11-03,Home & Kitchen,Water Bottle,Central,Cash on Delivery,1,736.96,0,736.96
ORD107331,CUST00048,2023-06-17,Electronics,Bluetooth Speaker,North,Debit Card,1,2182.96,15,1855.52
ORD107947,CUST01057,2024-05-06,Beauty,Sunscreen SPF50,West,UPI,1,947.07,5,899.72
ORD105711,CUST00245,2024-08-15,Sports,Cycling Gloves,Central,UPI,1,1632.19,20,1305.75
ORD104785,CUST01057,2024-05-30,Electronics,Power Bank,Central,Debit Card,1,4411.29,30,3087.9
ORD103598,CUST00615,2024-09-08,Fashion,Cotton T-Shirt,Central,UPI,1,332.42,0,332.42
ORD106078,CUST00004,2024-10-05,Fashion,Denim Jacket,South,Net Banking,2,2449.64,0,4899.28
ORD101533,CUST01063,2024-11-12,Electronics,Wireless Earbuds,North,Cash on Delivery,1,2064.3,0,2064.3
ORD104287,CUST00375,2024-10-21,home & kitchen,Water Bottle,West,Credit Card,1,711.46,0,711.46
ORD102273,CUST00525,2023-10-29,Home & Kitchen,Water Bottle,South,Debit Card,1,1565.2,0,1565.2
ORD104748,CUST00989,2023-10-21,home & kitchen,LED Lamp,East,Debit Card,1,1495.28,15,1270.99
ORD107713,CUST01096,2024-04-29,Fashion,Sunglasses,South,Credit Card,2,2290.25,0,4580.5
ORD103343,CUST00793,2024-06-29,Fashion,Sunglasses,Central,Debit Card,1,1052.72,10,947.45
ORD104433,CUST00958,2023-11-25,Fashion,Leather Wallet,East,Debit Card,2,2490.95,0,4981.9
ORD101942,CUST00590,2024-10-05,Sports,Resistance Bands,South,Credit Card,1,2090.08,10,1881.07
ORD104991,CUST00455,2024-06-01,Books,Fiction Novel,Central,Credit Card,1,275.72,0,275.72
ORD108700,CUST00962,2024-12-24,Beauty,Hair Dryer,South,Debit Card,2,1411.78,0,2823.56
ORD101732,CUST00195,2024-06-22,Electronics,Smartwatch,South,UPI,2,3958.92,10,7126.06
ORD101503,CUST00947,2024-11-19,Beauty,Face Serum,Central,UPI,3,339.96,20,815.9
ORD108295,CUST00183,2024-10-29,Electronics,Bluetooth Speaker,East,Credit Card,1,2575.18,0,2575.18
ORD106958,CUST00587,2023-08-12,Fashion,Cotton T-Shirt,North,Debit Card,1,1019.26,10,917.33
ORD104223,CUST00387,2024-10-27,Electronics,Smartwatch,South,Credit Card,1,4049.19,0,4049.19
ORD102165,CUST01119,2024-04-20,Beauty,Face Serum,Central,UPI,1,855.44,0,855.44
ORD100130,CUST00373,2024-07-26,Books,Fiction Novel,Central,UPI,2,357.1,0,714.2
ORD103999,CUST00237,2024-08-11,Home & Kitchen,Water Bottle,South,Debit Card,1,1172.52,10,1055.27
ORD100819,CUST00983,2024-10-14,Electronics,Smartwatch,East,UPI,1,1298.71,0,1298.71
ORD105795,CUST00071,2024-07-25,Fashion,Leather Wallet,Central,UPI,1,531.18,0,531.18
ORD107808,CUST00042,2024-10-29,Home & Kitchen,LED Lamp,West,Debit Card,1,1322.31,0,1322.31
ORD106767,CUST00046,2024-07-05,Home & Kitchen,Storage Organizer,North,Net Banking,2,510.91,0,1021.82
ORD108319,CUST01074,2024-06-10,Electronics,Smartwatch,West,Credit Card,2,4136.33,0,8272.66
ORD107385,CUST00983,2024-09-07,Home & Kitchen,Storage Organizer,West,UPI,1,1078.33,15,916.58
ORD100030,CUST00560,2024-05-10,Electronics,Power Bank,Central,,1,1435.84,10,1292.26
ORD107355,CUST00931,2024-03-01,Books,Cookbook,West,UPI,1,468.84,5,445.4
ORD104013,CUST00917,2024-07-15,Home & Kitchen,Storage Organizer,South,Credit Card,1,962.12,0,962.12
ORD101654,CUST00361,2024-05-25,Fashion,Cotton T-Shirt,East,Debit Card,1,373.26,10,335.93
ORD106354,CUST01073,2024-01-04,Beauty,Perfume,,UPI,3,1028.31,0,3084.93
ORD105671,CUST00360,2024-10-05,Fashion,Denim Jacket,East,UPI,1,1518.9,15,1291.06
ORD101468,CUST01039,2024-09-17,Home & Kitchen,Non-stick Pan,East,Cash on Delivery,1,1529.41,0,1529.41
ORD105565,CUST00823,2023-06-09,Beauty,Perfume,East,Credit Card,1,1105.75,15,939.89
ORD101226,CUST00655,2023-02-28,Fashion,Leather Wallet,Central,Credit Card,1,1886.65,15,1603.65
ORD103278,CUST00402,2023-11-04,Home & Kitchen,Water Bottle,North,Credit Card,1,704.27,0,704.27
ORD107766,CUST00931,2024-02-07,Beauty,Lip Balm Set,South,Debit Card,1,1016.6,10,914.94
ORD103562,CUST00566,2023-05-26,Sports,Cricket Bat,Central,Credit Card,3,2660.93,5,7583.65
ORD103799,CUST01051,2023-12-05,Sports,Resistance Bands,South,Credit Card,1,2065.92,0,2065.92
ORD108157,CUST00614,2023-06-12,Fashion,Running Shoes,East,Debit Card,1,1922.71,5,1826.57
ORD106429,CUST00030,2023-02-25,Beauty,Face Serum,Central,Net Banking,2,1073.08,10,1931.54
ORD105023,CUST00452,2023-03-12,Sports,Yoga Mat,West,Cash on Delivery,1,1793.12,5,1703.46
ORD100862,CUST00983,2024-08-11,Fashion,Sunglasses,North,UPI,1,2259.81,30,1581.87
ORD108432,CUST00438,2023-12-19,Beauty,Face Serum,West,Credit Card,1,1189.66,5,1130.18
ORD108917,CUST00731,2024-05-05,Fashion,Sunglasses,North,Credit Card,1,890.78,0,890.78
ORD100450,CUST01074,2024-08-31,Electronics,Power Bank,Central,Debit Card,2,1597.76,0,3195.52
ORD102913,CUST01061,2024-02-08,Home & Kitchen,Water Bottle,North,Credit Card,1,439.87,0,439.87
ORD105653,CUST00468,2024-03-27,Electronics,Power Bank,West,UPI,1,880.98,0,880.98
ORD101119,CUST00332,2023-06-26,Fashion,Running Shoes,South,Credit Card,1,2487.75,0,2487.75
ORD101913,CUST00905,2024-09-22,Beauty,Hair Dryer,East,Credit Card,1,628.79,0,628.79
ORD101786,CUST01116,2024-10-16,Electronics,Power Bank,North,UPI,1,1001.23,5,951.17
ORD104420,CUST00371,2024-08-03,Fashion,Sunglasses,East,UPI,1,1121.23,0,1121.23
ORD100091,CUST00793,2024-06-20,Fashion,Running Shoes,East,Debit Card,1,1539.31,0,1539.31
ORD106682,CUST00082,2023-12-16,Electronics,Smartwatch,Central,Credit Card,1,4448.99,5,4226.54
ORD108553,CUST01039,2024-09-21,electronics,Bluetooth Speaker,East,Debit Card,1,4092.61,0,4092.61
ORD105564,CUST00626,2024-05-12,Books,Cookbook,East,Credit Card,2,560.29,10,1008.52
ORD104552,CUST00816,2024-03-17,Fashion,Cotton T-Shirt,North,Cash on Delivery,1,1713.02,30,1199.11
ORD101353,CUST00405,2024-10-09,Sports,Cricket Bat,North,Credit Card,2,2458.23,20,3933.17
ORD107537,CUST00128,2024-02-15,Books,Fiction Novel,West,Credit Card,2,705.37,15,1199.13
ORD108508,CUST00108,2024-08-05,Home & Kitchen,Storage Organizer,East,Credit Card,1,1453.26,5,1380.6
ORD100430,CUST00083,2024-01-08,Home & Kitchen,Water Bottle,Central,Cash on Delivery,1,1848.47,10,1663.62
ORD103154,CUST00154,2024-09-03,Fashion,Sunglasses,West,Credit Card,1,733.61,0,733.61
ORD108733,CUST00333,2024-05-10,Sports,Cricket Bat,East,Credit Card,1,2194.59,0,2194.59
ORD107163,CUST00659,2024-03-15,Electronics,Laptop Sleeve,South,Debit Card,1,4355.44,15,3702.12
ORD108701,CUST00962,2024-09-07,Beauty,Hair Dryer,West,Credit Card,1,1354.61,10,1219.15
ORD106259,CUST00199,2024-09-17,Books,Fiction Novel,South,Credit Card,1,202.3,0,202.3
ORD102062,CUST00663,2024-07-25,Home & Kitchen,Water Bottle,South,UPI,4,576.33,10,2074.79
ORD100409,CUST00128,2024-12-06,Fashion,Cotton T-Shirt,East,UPI,1,1511.26,0,1511.26
ORD100136,CUST01042,2024-10-27,Home & Kitchen,Cushion Cover,South,UPI,1,1453.93,20,1163.14
ORD103677,CUST00646,2024-03-21,Electronics,Wireless Earbuds,North,UPI,1,3648.87,5,3466.43
ORD102925,CUST00184,2024-01-13,Home & Kitchen,Storage Organizer,East,Credit Card,1,505.91,0,505.91
ORD105603,CUST01180,2023-11-08,Fashion,Sunglasses,West,Credit Card,2,798.89,5,1517.89
ORD103720,CUST00338,2024-01-06,Home & Kitchen,Water Bottle,East,Net Banking,1,1216.93,10,1095.24
ORD108320,CUST00300,2024-10-01,Books,Kids Storybook,East,UPI,1,538.65,0,538.65
ORD104897,CUST00043,2024-08-16,Electronics,Wireless Earbuds,South,Credit Card,2,3303.04,0,6606.08
ORD107563,CUST00679,2024-11-28,Fashion,Denim Jacket,South,Credit Card,1,1809.63,10,1628.67
ORD108062,CUST00343,2023-09-15,Fashion,Cotton T-Shirt,East,Net Banking,1,1093.57,5,1038.89
ORD102900,CUST00474,2024-06-16,Fashion,Sunglasses,South,UPI,4,844.31,10,3039.52
ORD100532,CUST00580,2024-06-11,Electronics,Wireless Earbuds,Central,UPI,2,1662.79,0,3325.58
ORD102280,CUST01029,2024-04-26,Fashion,Cotton T-Shirt,East,UPI,2,403.3,0,806.6
ORD108078,CUST00375,2023-03-23,Beauty,Sunscreen SPF50,West,Debit Card,2,1464.38,0,2928.76
ORD106405,CUST00488,2024-09-14,Sports,Dumbbell Set,West,UPI,1,561.62,15,477.38
ORD103891,CUST00480,2024-11-29,Fashion,Sunglasses,,Credit Card,1,1139.25,0,1139.25
ORD100339,CUST00590,2024-10-27,Electronics,Wireless Earbuds,South,UPI,2,2716.89,15,4618.71
ORD104635,CUST00299,2024-03-03,Beauty,Lip Balm Set,West,Net Banking,2,510.7,10,919.26
ORD103597,CUST00371,2024-07-22,Electronics,Bluetooth Speaker,North,Net Banking,1,943.04,5,895.89
ORD107372,CUST00250,2024-02-14,Fashion,Running Shoes,Central,UPI,2,1973.08,0,3946.16
ORD106155,CUST00557,2024-10-28,Electronics,Smartwatch,East,Credit Card,1,2855.31,0,2855.31
ORD107165,CUST00005,2023-06-21,Fashion,Leather Wallet,North,Debit Card,2,1163.2,20,1861.12
ORD105554,CUST00496,2024-02-22,Home & Kitchen,Non-stick Pan,North,Credit Card,1,1694.73,20,1355.78
ORD100034,CUST00465,2023-04-23,Home & Kitchen,LED Lamp,South,Credit Card,1,866.09,0,866.09
ORD106190,CUST01047,2024-12-05,Sports,Dumbbell Set,West,Credit Card,2,924.93,5,1757.37
ORD106137,CUST00091,2024-03-09,Home & Kitchen,Storage Organizer,West,Credit Card,1,1957.61,0,1957.61
ORD108660,CUST00114,2023-02-13,Electronics,Power Bank,South,Debit Card,2,2927.39,5,5562.04
ORD104999,CUST01086,2024-12-01,Fashion,Denim Jacket,Central,Cash on Delivery,2,530.74,15,902.26
ORD105777,CUST00024,2024-04-23,Fashion,Denim Jacket,South,Credit Card,1,1710.21,0,1710.21
ORD104358,CUST00252,2024-01-12,Books,Kids Storybook,North,Net Banking,1,338.77,15,287.95
ORD101916,CUST01100,2023-02-26,Home & Kitchen,LED Lamp,West,Cash on Delivery,1,660.16,10,594.14
ORD105247,CUST01040,2024-06-14,Fashion,Leather Wallet,East,Net Banking,1,1691.65,0,1691.65
ORD105792,CUST00827,2024-01-29,Electronics,Power Bank,South,Credit Card,1,3991.26,0,3991.26
ORD105540,CUST00006,2024-12-03,Beauty,Lip Balm Set,East,Credit Card,3,1349.63,10,3644.0
ORD107735,CUST00585,2023-09-08,Fashion,Sunglasses,West,Credit Card,1,1840.7,15,1564.6
ORD107262,CUST00525,2024-09-08,Electronics,Wireless Earbuds,Central,Cash on Delivery,1,2756.81,10,2481.13
ORD107945,CUST00245,2024-02-20,Home & Kitchen,LED Lamp,South,UPI,1,1893.76,0,1893.76
ORD105426,CUST00403,2023-11-27,Electronics,Smartwatch,West,Debit Card,1,3401.17,0,3401.17
ORD102837,CUST00677,2024-06-04,Beauty,Face Serum,South,UPI,2,322.43,20,515.89
ORD103768,CUST00119,2023-06-16,Books,Cookbook,West,Debit Card,1,240.23,0,240.23
ORD103680,CUST00592,2024-09-27,Fashion,Denim Jacket,North,Cash on Delivery,1,866.25,30,606.38
ORD100497,CUST00945,2023-09-01,Home & Kitchen,Non-stick Pan,East,UPI,1,1694.37,0,1694.37
ORD101859,CUST00380,2024-02-26,Beauty,Lip Balm Set,,Debit Card,2,974.74,5,1852.01
ORD102478,CUST00354,2024-11-28,Sports,Dumbbell Set,North,UPI,1,2508.99,10,2258.09
ORD105103,CUST00114,2024-01-11,Fashion,Leather Wallet,North,Credit Card,1,797.55,0,797.55
ORD105121,CUST00293,2024-06-28,Fashion,Cotton T-Shirt,South,Credit Card,1,1204.67,5,1144.44
ORD107075,CUST00708,2023-12-06,Electronics,Laptop Sleeve,West,Credit Card,1,3520.88,15,2992.75
ORD108789,CUST00124,2024-10-20,Electronics,Smartwatch,West,Debit Card,1,1758.47,10,1582.62
ORD103079,CUST00311,2024-10-26,beauty,Perfume,East,Credit Card,1,342.96,0,342.96
ORD100997,CUST00195,2024-10-28,Sports,Resistance Bands,West,Credit Card,2,339.27,0,678.54
ORD105541,CUST00804,2023-05-18,Electronics,Bluetooth Speaker,East,Credit Card,2,3260.84,0,6521.68
ORD103683,CUST00595,2024-05-18,Home & Kitchen,Storage Organizer,South,UPI,1,1411.02,5,1340.47
ORD101662,CUST00580,2023-11-21,Electronics,Bluetooth Speaker,Central,UPI,2,2787.65,0,5575.3
ORD103716,CUST00146,2024-09-23,Fashion,Sunglasses,North,UPI,1,2337.82,20,1870.26
ORD108132,CUST00015,2024-01-31,Beauty,Sunscreen SPF50,Central,Debit Card,1,416.28,10,374.65
ORD100234,CUST00006,2024-12-01,Electronics,Power Bank,West,Credit Card,2,2586.04,10,4654.87
ORD103523,CUST00804,2023-04-27,Sports,Cycling Gloves,South,UPI,1,2916.06,0,2916.06
ORD102081,CUST00679,2024-12-01,Fashion,Denim Jacket,West,Credit Card,1,1018.29,5,967.38
ORD106641,CUST00793,2024-09-01,Home & Kitchen,Storage Organizer,North,Debit Card,1,1213.16,10,1091.84
ORD101117,CUST00014,2023-08-14,Electronics,Bluetooth Speaker,South,UPI,1,3556.99,0,3556.99
ORD104046,CUST00513,2023-07-22,beauty,Face Serum,Central,Credit Card,1,1354.04,0,1354.04
ORD100198,CUST00116,2024-07-21,Fashion,Running Shoes,South,UPI,1,2457.25,0,2457.25
ORD107876,CUST00752,2024-09-22,Books,Business Biography,North,Net Banking,1,527.05,0,527.05
ORD107201,CUST00380,2024-06-26,Fashion,Leather Wallet,East,Cash on Delivery,1,921.04,20,736.83
ORD108993,CUST00598,2024-09-12,Electronics,Smartwatch,South,Debit Card,1,2485.57,0,2485.57
ORD103668,CUST00815,2024-08-16,Beauty,Hair Dryer,North,UPI,1,1235.81,0,1235.81
ORD100547,CUST00514,2024-04-17,Beauty,Face Serum,Central,Credit Card,1,725.53,0,725.53
ORD106873,CUST00610,2024-03-13,Electronics,Smartwatch,,Credit Card,1,2007.8,20,1606.24
ORD104037,CUST00542,2023-08-04,Home & Kitchen,Non-stick Pan,East,Debit Card,1,1385.02,0,1385.02
ORD106576,CUST00877,2023-08-22,Books,Self-Help Book,North,Credit Card,1,774.49,10,697.04
ORD106757,CUST00317,2024-11-03,Beauty,Sunscreen SPF50,West,Debit Card,1,1061.77,0,1061.77
ORD107481,CUST00030,2023-05-04,Home & Kitchen,Cushion Cover,East,Credit Card,2,640.0,10,1152.0
ORD100564,CUST00128,2024-03-01,Sports,Dumbbell Set,Central,Net Banking,2,918.1,0,1836.2
ORD104790,CUST00198,2024-11-05,Electronics,Laptop Sleeve,North,UPI,1,2841.56,10,2557.4
ORD107480,CUST00711,2024-09-15,electronics,Bluetooth Speaker,South,Net Banking,1,1135.74,0,1135.74
ORD103161,CUST00396,2023-12-14,Fashion,Denim Jacket,East,Net Banking,1,1498.33,15,1273.58
ORD102796,CUST01047,2024-11-29,Electronics,Laptop Sleeve,South,Debit Card,1,1148.54,0,1148.54
ORD100237,CUST00928,2024-11-18,Home & Kitchen,Non-stick Pan,Central,Credit Card,1,1707.56,5,1622.18
ORD101050,CUST00128,2024-02-15,Electronics,Laptop Sleeve,East,Net Banking,1,3094.12,0,3094.12
ORD105538,CUST01176,2024-03-25,Electronics,Power Bank,Central,Debit Card,1,2199.07,0,2199.07
ORD104800,CUST00031,2024-01-03,Home & Kitchen,LED Lamp,North,Debit Card,1,1480.85,10,1332.76
ORD108892,CUST00280,2023-10-01,Sports,Resistance Bands,South,UPI,1,2554.86,15,2171.63
ORD103395,CUST00393,2024-02-06,Sports,Cricket Bat,North,Credit Card,1,1541.63,20,1233.3
ORD108317,CUST01176,2024-04-21,Electronics,Smartwatch,North,UPI,2,4128.05,0,8256.1
ORD103847,CUST00339,2024-07-30,Sports,Cycling Gloves,North,Debit Card,1,2766.65,0,2766.65
ORD100298,CUST00311,2024-08-21,Beauty,Hair Dryer,Central,Cash on Delivery,1,1107.67,15,941.52
ORD103557,CUST00379,2024-06-26,Beauty,Lip Balm Set,South,UPI,1,1165.33,0,1165.33
ORD101116,CUST00749,2023-09-16,Home & Kitchen,Cushion Cover,East,Credit Card,1,760.53,15,646.45
ORD101803,CUST00104,2024-11-05,Sports,Cricket Bat,Central,Debit Card,1,1016.5,0,1016.5
ORD108290,CUST00871,2024-02-17,Electronics,Wireless Earbuds,Central,Net Banking,2,1604.99,20,2567.98
ORD101438,CUST00580,2023-03-22,Fashion,Running Shoes,North,Credit Card,1,2478.19,15,2106.46
ORD102978,CUST00805,2024-08-24,Fashion,Denim Jacket,West,Net Banking,1,526.24,5,499.93
ORD104336,CUST00668,2024-10-14,Beauty,Sunscreen SPF50,East,Credit Card,1,305.08,20,244.06
ORD108148,CUST00736,2023-12-30,Beauty,Lip Balm Set,Central,Debit Card,1,669.83,10,602.85
ORD105254,CUST00435,2024-10-26,Fashion,Leather Wallet,Central,Credit Card,1,1975.39,0,1975.39
ORD107702,CUST01055,2024-12-15,Books,Cookbook,West,UPI,1,316.73,0,316.73
ORD100455,CUST00259,2023-09-16,Electronics,Power Bank,North,Credit Card,1,4422.11,0,4422.11
ORD108086,CUST00185,2024-12-06,Electronics,Bluetooth Speaker,North,UPI,1,3324.11,0,3324.11
ORD105589,CUST00344,2024-12-24,Books,Fiction Novel,Central,UPI,1,422.01,0,422.01
ORD108616,CUST00828,2023-07-17,Beauty,Hair Dryer,West,UPI,1,541.21,0,541.21
ORD100105,CUST00228,2024-01-17,Sports,Yoga Mat,Central,UPI,1,1719.3,0,1719.3
ORD101893,CUST00476,2024-06-09,Electronics,Laptop Sleeve,North,UPI,2,3874.73,20,6199.57
ORD104823,CUST00114,2023-11-27,Electronics,Laptop Sleeve,Central,UPI,2,3592.66,5,6826.05
ORD103378,CUST00030,2023-05-13,Home & Kitchen,Water Bottle,South,Debit Card,1,1739.29,20,1391.43
ORD106828,CUST00161,2024-11-10,Electronics,Wireless Earbuds,West,UPI,1,1011.46,0,1011.46
ORD107419,CUST00988,2023-06-16,Home & Kitchen,Non-stick Pan,North,Credit Card,1,1505.23,0,1505.23
ORD106432,CUST00025,2023-10-19,Beauty,Lip Balm Set,South,Credit Card,1,935.38,0,935.38
ORD100822,CUST00723,2024-11-23,Home & Kitchen,Storage Organizer,North,Debit Card,1,1882.37,0,1882.37
ORD101005,CUST01116,2023-08-30,Beauty,Face Serum,North,Cash on Delivery,1,1223.64,5,1162.46
ORD104292,CUST00309,2023-09-29,Beauty,Perfume,South,Cash on Delivery,1,1241.44,0,1241.44
ORD108499,CUST00150,2023-11-30,Home & Kitchen,Non-stick Pan,East,UPI,1,536.99,5,510.14
ORD102653,CUST00387,2024-11-21,Electronics,Power Bank,Central,UPI,1,1930.23,15,1640.7
ORD108395,CUST00264,2024-06-01,Books,Kids Storybook,North,Credit Card,1,250.34,5,237.82
ORD106975,CUST00082,2024-04-24,Home & Kitchen,Cushion Cover,North,Cash on Delivery,1,1369.38,0,1369.38
ORD106313,CUST00039,2023-09-28,Sports,Cycling Gloves,North,UPI,1,1033.75,0,1033.75
ORD108851,CUST01116,2023-08-11,Beauty,Hair Dryer,West,Credit Card,1,1352.57,0,1352.57
ORD106030,CUST00667,2023-07-05,Beauty,Face Serum,West,Credit Card,1,568.23,0,568.23
ORD100626,CUST00773,2024-07-16,Sports,Cricket Bat,East,UPI,1,511.51,10,460.36
ORD101364,CUST00860,2024-01-26,Beauty,Lip Balm Set,Central,UPI,1,1370.27,0,1370.27
ORD103829,CUST01048,2023-04-30,Fashion,Running Shoes,Central,UPI,2,733.69,0,1467.38
ORD100023,CUST00522,2024-11-27,Fashion,Cotton T-Shirt,East,Net Banking,1,1436.46,0,1436.46
ORD108486,CUST00531,2024-12-19,Electronics,Wireless Earbuds,East,Debit Card,2,3567.07,0,7134.14
ORD101873,CUST00016,2023-05-01,Fashion,Denim Jacket,East,Credit Card,1,516.73,0,516.73
ORD101943,CUST01128,2023-07-13,Sports,Cycling Gloves,Central,UPI,1,1236.22,10,1112.6
ORD108590,CUST01132,2023-11-03,Beauty,Sunscreen SPF50,West,UPI,2,694.6,0,1389.2
ORD104526,CUST00550,2024-02-23,Home & Kitchen,LED Lamp,Central,Cash on Delivery,1,622.89,20,498.31
ORD100720,CUST00807,2024-04-16,Electronics,Laptop Sleeve,South,Credit Card,2,3894.62,20,6231.39
ORD102843,CUST00613,2023-08-03,Home & Kitchen,Cushion Cover,East,Credit Card,1,1696.6,10,1526.94
ORD103946,CUST00128,2024-03-29,Home & Kitchen,LED Lamp,North,Net Banking,1,1933.63,0,1933.63
ORD108813,CUST00705,2023-12-07,Electronics,Power Bank,West,Net Banking,1,2618.51,20,2094.81
ORD102877,CUST01176,2023-10-11,Sports,Cricket Bat,Central,Credit Card,2,371.0,0,742.0
ORD104167,CUST00040,2024-11-29,Fashion,Denim Jacket,North,Credit Card,1,1276.18,5,1212.37
ORD103909,CUST00418,2024-10-26,Electronics,Bluetooth Speaker,East,UPI,1,3454.37,0,3454.37
ORD101210,CUST00195,2024-07-19,Sports,Resistance Bands,West,Credit Card,1,495.44,0,495.44
ORD100178,CUST01074,2023-08-09,Beauty,Perfume,North,Credit Card,1,1224.5,10,1102.05
ORD108251,CUST00581,2024-08-14,Electronics,Wireless Earbuds,Central,Credit Card,1,1979.16,5,1880.2
ORD100619,CUST00095,2024-05-19,Electronics,Laptop Sleeve,Central,Debit Card,1,1495.66,0,1495.66
ORD106584,CUST00346,2023-08-07,Electronics,Wireless Earbuds,South,Debit Card,1,4430.71,10,3987.64
ORD102623,CUST00877,2023-05-16,Sports,Dumbbell Set,Central,UPI,3,1855.71,5,5288.77
ORD102560,CUST00308,2023-09-05,Electronics,Wireless Earbuds,South,Credit Card,2,2097.35,0,4194.7
ORD107671,CUST00989,2024-05-03,Electronics,Wireless Earbuds,South,Credit Card,3,2784.38,10,7517.83
ORD107583,CUST00072,2023-06-20,Electronics,Wireless Earbuds,East,Net Banking,1,1199.07,10,1079.16
ORD104189,CUST00932,2023-07-05,Books,Self-Help Book,West,Debit Card,1,324.79,0,324.79
ORD100310,CUST01189,2024-08-06,Electronics,Laptop Sleeve,South,Credit Card,2,2778.25,0,5556.5
ORD105687,CUST00446,2024-04-28,Beauty,Lip Balm Set,North,UPI,3,1365.37,10,3686.5
ORD104238,CUST00395,2023-12-10,Home & Kitchen,Storage Organizer,West,Net Banking,2,804.57,0,1609.14
ORD107957,CUST00904,2024-06-28,Electronics,Smartwatch,Central,Credit Card,1,3075.95,15,2614.56
ORD108291,CUST00914,2024-07-08,Home & Kitchen,Storage Organizer,West,Debit Card,1,504.65,0,504.65
ORD105434,CUST00542,2024-01-13,Books,Self-Help Book,West,UPI,1,154.91,5,147.16
ORD107674,CUST01116,2023-05-10,Electronics,Power Bank,West,Credit Card,1,4310.99,20,3448.79
ORD101932,CUST01086,2024-09-20,Beauty,Hair Dryer,East,UPI,1,1172.41,5,1113.79
ORD103035,CUST00005,2024-02-18,electronics,Wireless Earbuds,North,UPI,1,1782.86,0,1782.86
ORD106146,CUST01057,2024-06-20,Books,Fiction Novel,North,Cash on Delivery,1,790.8,20,632.64
ORD108036,CUST00270,2024-08-04,Fashion,Running Shoes,Central,Credit Card,1,996.64,0,996.64
ORD106186,CUST00699,2024-01-31,Electronics,Bluetooth Speaker,Central,UPI,1,1765.54,0,1765.54
ORD106766,CUST00696,2023-09-15,Sports,Yoga Mat,South,Credit Card,2,912.98,0,1825.96
ORD108724,CUST00845,2023-09-26,Electronics,Wireless Earbuds,East,UPI,1,2925.72,20,2340.58
ORD100040,CUST00293,2024-02-29,Fashion,Sunglasses,North,UPI,2,2435.63,30,3409.88
ORD100826,CUST00237,2024-05-05,Beauty,Hair Dryer,East,Cash on Delivery,1,1002.36,0,1002.36
ORD104813,CUST00265,2023-09-16,Fashion,Sunglasses,Central,Cash on Delivery,1,2402.17,0,2402.17
ORD103132,CUST00034,2023-04-12,Fashion,Sunglasses,East,Credit Card,1,1113.0,0,1113.0
ORD106508,CUST00569,2023-09-10,Books,Self-Help Book,South,UPI,3,215.01,20,516.02
ORD108630,CUST01150,2023-11-28,Fashion,Leather Wallet,North,Credit Card,1,2460.7,0,2460.7
ORD107412,CUST00771,2024-07-09,Beauty,Sunscreen SPF50,East,Debit Card,2,737.6,0,1475.2
ORD107715,CUST00587,2023-11-28,Electronics,Smartwatch,East,Net Banking,1,3058.68,10,2752.81
ORD108156,CUST00983,2024-10-16,Home & Kitchen,Storage Organizer,Central,Debit Card,2,1214.65,0,2429.3
ORD108969,CUST00116,2024-06-09,Fashion,Sunglasses,East,Net Banking,1,1648.96,0,1648.96
ORD100527,CUST00613,2024-10-27,Books,Fiction Novel,West,UPI,1,739.46,0,739.46
ORD103489,CUST00945,2023-03-05,Fashion,Cotton T-Shirt,North,Debit Card,1,860.97,0,860.97
ORD103295,CUST00071,2024-08-13,Books,Self-Help Book,East,Credit Card,1,671.42,20,537.14
ORD102318,CUST01169,2023-11-08,Electronics,Power Bank,South,UPI,1,1331.84,0,1331.84
ORD102691,CUST00095,2024-02-05,Home & Kitchen,LED Lamp,East,Debit Card,1,782.5,0,782.5
ORD104448,CUST00664,2024-02-07,Beauty,Hair Dryer,West,Debit Card,2,1460.27,5,2774.51
ORD100894,CUST00547,2023-12-13,Sports,Resistance Bands,North,Credit Card,1,2024.7,20,1619.76
ORD104585,CUST00336,2023-09-11,Sports,Dumbbell Set,East,UPI,1,891.74,15,757.98
ORD104620,CUST00109,2024-12-16,Books,Kids Storybook,East,UPI,2,567.99,0,1135.98
ORD103971,CUST00745,2023-07-24,Books,Kids Storybook,Central,Credit Card,1,596.94,5,567.09
ORD106182,CUST00221,2024-02-22,Fashion,Running Shoes,North,Debit Card,1,303.07,5,287.92
ORD100910,CUST00115,2023-04-16,Electronics,Smartwatch,Central,UPI,1,2549.34,15,2166.94
ORD102541,CUST00615,2024-09-24,Beauty,Sunscreen SPF50,South,Debit Card,2,614.37,20,982.99
ORD102005,CUST00071,2024-10-08,Fashion,Leather Wallet,East,UPI,1,632.73,0,632.73
ORD104599,CUST00128,2024-04-29,Electronics,Laptop Sleeve,Central,UPI,4,1550.52,20,4961.66
ORD100558,CUST00958,2023-06-21,Fashion,Cotton T-Shirt,East,Credit Card,1,805.38,0,805.38
ORD100124,CUST00203,2024-03-19,Fashion,Leather Wallet,East,Debit Card,2,1110.59,10,1999.06
ORD101470,CUST00098,2024-11-26,Fashion,Sunglasses,West,Credit Card,1,1871.79,0,1871.79
ORD105380,CUST00245,2024-12-30,Electronics,Wireless Earbuds,South,Debit Card,1,2554.08,10,2298.67
ORD106618,CUST01199,2023-12-27,Sports,Resistance Bands,North,UPI,1,908.62,0,908.62
ORD107926,CUST01060,2024-01-13,Electronics,Smartwatch,South,Credit Card,1,1991.54,0,1991.54
ORD105190,CUST00815,2024-07-13,sports,Cycling Gloves,North,UPI,2,1541.13,0,3082.26
ORD107330,CUST00611,2024-04-10,Sports,Cricket Bat,South,Credit Card,1,767.86,5,729.47
ORD101774,CUST00363,2024-07-08,Home & Kitchen,LED Lamp,East,Net Banking,2,541.79,0,1083.58
ORD101212,CUST00295,2024-08-08,Home & Kitchen,LED Lamp,East,UPI,1,1429.34,15,1214.94
ORD101183,CUST01142,2023-07-11,fashion,Running Shoes,North,Debit Card,4,1330.78,15,4524.65
ORD100224,CUST00346,2024-04-27,Electronics,Laptop Sleeve,North,Credit Card,1,2075.83,0,2075.83
ORD106130,CUST00333,2024-02-06,Home & Kitchen,Non-stick Pan,North,UPI,1,541.95,10,487.76
ORD101951,CUST00464,2024-05-03,Electronics,Bluetooth Speaker,East,Credit Card,1,3183.46,0,3183.46
ORD106957,CUST00916,2023-09-16,Fashion,Cotton T-Shirt,West,Debit Card,1,1994.78,0,1994.78
ORD105136,CUST00013,2024-04-11,Beauty,Hair Dryer,South,Net Banking,2,616.77,15,1048.51
ORD100428,CUST00855,2024-01-01,Fashion,Denim Jacket,East,UPI,1,1307.04,15,1110.98
ORD108991,CUST00299,2024-02-29,Fashion,Cotton T-Shirt,West,UPI,1,475.43,0,475.43
ORD101371,CUST00892,2024-08-09,Fashion,Sunglasses,South,UPI,1,385.65,15,327.8
ORD105453,CUST00375,2023-05-14,Books,Kids Storybook,Central,Credit Card,1,246.78,0,246.78
ORD104780,CUST00503,2023-04-18,Fashion,Sunglasses,Central,Debit Card,1,619.51,0,619.51
ORD108876,CUST00566,2023-07-25,Home & Kitchen,Cushion Cover,East,Debit Card,1,1052.98,0,1052.98
ORD103251,CUST00953,2024-12-22,Beauty,Perfume,North,UPI,2,1468.76,0,2937.52
ORD100827,CUST01004,2024-10-02,Electronics,Bluetooth Speaker,East,Cash on Delivery,1,2252.35,15,1914.5
ORD103309,CUST00925,2023-05-18,Electronics,Power Bank,East,UPI,3,2325.16,10,6277.93
ORD104728,CUST00910,2024-09-24,Home & Kitchen,Cushion Cover,East,UPI,1,1753.64,5,1665.96
ORD103744,CUST00755,2024-06-04,Fashion,Cotton T-Shirt,South,UPI,1,1104.61,5,1049.38
ORD105337,CUST00030,2023-02-01,Beauty,Hair Dryer,South,UPI,1,1092.46,10,983.21
ORD102525,CUST00130,2023-09-28,Electronics,Power Bank,East,UPI,1,3520.15,5,3344.14
ORD101671,CUST00945,2023-05-31,Electronics,Power Bank,West,Credit Card,1,2165.35,0,2165.35
ORD102858,CUST01066,2024-07-12,Fashion,Cotton T-Shirt,West,Debit Card,1,1138.09,5,1081.19
ORD101277,CUST00099,2023-07-27,Beauty,Sunscreen SPF50,East,Cash on Delivery,1,596.73,20,477.38
ORD100745,CUST01018,2024-08-03,Electronics,Laptop Sleeve,Central,Credit Card,2,4336.9,0,8673.8
ORD107458,CUST00541,2023-02-19,sports,Yoga Mat,South,UPI,1,1851.53,0,1851.53
ORD104693,CUST00793,2024-06-22,Fashion,Cotton T-Shirt,West,Debit Card,3,922.92,20,2215.01
ORD100141,CUST01055,2024-11-22,Home & Kitchen,Water Bottle,South,Debit Card,1,1726.27,30,1208.39
ORD107277,CUST00295,2024-06-26,Sports,Dumbbell Set,West,,2,1255.19,0,2510.38
ORD104900,CUST00234,2024-06-25,Books,Business Biography,West,Debit Card,3,167.76,10,452.95
ORD105301,CUST00386,2024-09-10,Sports,Yoga Mat,West,UPI,1,1992.13,0,1992.13
ORD106466,CUST00054,2023-05-29,Electronics,Power Bank,Central,UPI,1,4044.1,0,4044.1
ORD108088,CUST00749,2023-11-05,Fashion,Cotton T-Shirt,Central,Credit Card,1,1221.3,0,1221.3
ORD102248,CUST00161,2024-10-27,Sports,Yoga Mat,Central,UPI,1,1615.03,20,1292.02
ORD100454,CUST00745,2023-06-05,Sports,Resistance Bands,Central,UPI,1,1921.39,5,1825.32
ORD104868,CUST00738,2023-05-10,Electronics,Laptop Sleeve,North,Debit Card,1,1639.43,5,1557.46
ORD108396,CUST00967,2024-07-04,Home & Kitchen,Non-stick Pan,East,Debit Card,2,397.74,0,795.48
ORD100506,CUST00541,2023-02-03,Home & Kitchen,LED Lamp,North,UPI,1,289.27,0,289.27
ORD106085,CUST00499,2024-05-07,Fashion,Cotton T-Shirt,East,UPI,1,1862.92,0,1862.92
ORD103651,CUST01081,2024-02-25,Home & Kitchen,Cushion Cover,West,Credit Card,1,1488.89,0,1488.89
ORD100440,CUST00439,2023-08-30,Sports,Yoga Mat,Central,UPI,1,1738.41,10,1564.57
ORD103250,CUST00128,2024-05-06,Beauty,Lip Balm Set,Central,Debit Card,1,584.17,0,584.17
ORD101827,CUST00373,2024-07-08,Sports,Yoga Mat,Central,Credit Card,1,876.21,15,744.78
ORD100110,CUST00338,2023-12-22,Fashion,Leather Wallet,East,UPI,2,2460.51,10,4428.92
ORD105997,CUST00276,2024-11-10,Sports,Cricket Bat,East,Credit Card,1,1256.36,20,1005.09
ORD102996,CUST00453,2023-08-23,Books,Business Biography,South,Cash on Delivery,2,793.56,0,1587.12
ORD105836,CUST00128,2024-07-07,Fashion,Leather Wallet,Central,Net Banking,1,1713.45,5,1627.78
ORD106946,CUST01117,2024-07-20,Sports,Resistance Bands,South,,1,2016.34,15,1713.89
ORD101517,CUST00210,2024-02-17,Electronics,Smartwatch,West,Debit Card,1,1592.23,30,1114.56
ORD100984,CUST00396,2024-09-15,Electronics,Power Bank,East,Net Banking,1,2760.17,0,2760.17
ORD108287,CUST00571,2023-08-12,Electronics,Power Bank,West,Debit Card,1,3638.74,0,3638.74
ORD101745,CUST00711,2024-09-12,Books,Fiction Novel,Central,UPI,1,603.23,0,603.23
ORD101582,CUST00793,2024-08-08,Electronics,Wireless Earbuds,North,Debit Card,1,1024.26,0,1024.26
ORD105066,CUST00476,2024-05-11,Home & Kitchen,Non-stick Pan,North,Debit Card,2,498.72,0,997.44
ORD102447,CUST00128,2024-05-29,Home & Kitchen,Non-stick Pan,West,Debit Card,3,926.04,5,2639.21
ORD106043,CUST00770,2024-10-19,Fashion,Cotton T-Shirt,Central,UPI,1,1760.06,10,1584.05
ORD106548,CUST00361,2023-07-13,Home & Kitchen,Non-stick Pan,Central,Credit Card,2,1574.9,5,2992.31
ORD103098,CUST01195,2024-08-27,Electronics,Bluetooth Speaker,Central,UPI,1,1135.26,0,1135.26
ORD107425,CUST00272,2023-11-14,Electronics,Smartwatch,South,UPI,2,3288.3,0,6576.6
ORD100376,CUST00098,2024-05-17,Books,Cookbook,Central,Net Banking,1,318.16,10,286.34
ORD108785,CUST00047,2024-10-13,Electronics,Wireless Earbuds,West,Credit Card,2,2570.31,20,4112.5
ORD100205,CUST01159,2024-05-26,Beauty,Perfume,East,Credit Card,1,452.38,5,429.76
ORD102194,CUST00074,2024-03-18,Fashion,Cotton T-Shirt,South,Credit Card,1,2308.67,15,1962.37
ORD105472,CUST00460,2024-09-10,Electronics,Laptop Sleeve,Central,Credit Card,1,4008.91,15,3407.57
ORD106218,CUST00083,2024-08-28,Sports,Cricket Bat,East,UPI,1,1920.39,0,1920.39
ORD107794,CUST00199,2024-09-13,Books,Business Biography,South,Debit Card,2,515.64,15,876.59
ORD107508,CUST00783,2023-03-28,Sports,Cricket Bat,North,UPI,1,2133.18,10,1919.86
ORD102178,CUST00731,2024-08-04,Sports,Yoga Mat,West,UPI,1,856.69,0,856.69
ORD103701,CUST01100,2023-11-19,Books,Self-Help Book,Central,Debit Card,2,486.73,10,876.11
ORD103528,CUST00346,2023-10-24,Electronics,Bluetooth Speaker,Central,Credit Card,2,3689.63,10,6641.33
ORD100418,CUST00151,2024-09-27,Home & Kitchen,LED Lamp,South,Credit Card,1,757.03,0,757.03
ORD100283,CUST00186,2024-11-02,Fashion,Cotton T-Shirt,North,Credit Card,1,1521.29,0,1521.29
ORD103550,CUST00161,2024-11-13,Sports,Yoga Mat,South,Debit Card,1,2664.06,15,2264.45
ORD104074,CUST00804,2023-07-15,Fashion,Denim Jacket,East,Cash on Delivery,1,1386.46,0,1386.46
ORD100871,CUST00916,2023-09-17,Electronics,Laptop Sleeve,West,Credit Card,2,2125.67,0,4251.34
ORD102145,CUST00300,2024-12-11,Fashion,Leather Wallet,North,Credit Card,1,1047.22,0,1047.22
ORD106341,CUST00184,2024-10-02,Home & Kitchen,Storage Organizer,South,Credit Card,1,1119.2,5,1063.24
ORD100354,CUST00360,2024-10-01,Beauty,Face Serum,South,UPI,2,698.66,5,1327.45
ORD107873,CUST00258,2024-02-21,Home & Kitchen,Water Bottle,West,UPI,1,585.6,15,497.76
ORD102362,CUST01079,2024-11-26,Fashion,Sunglasses,East,Credit Card,1,2133.75,0,2133.75
ORD108538,CUST00034,2023-04-18,Fashion,Sunglasses,North,UPI,2,1228.24,15,2088.01
ORD108398,CUST00804,2023-09-25,Electronics,Bluetooth Speaker,East,Credit Card,1,942.43,0,942.43
ORD107172,CUST00559,2024-11-26,Electronics,Bluetooth Speaker,North,Credit Card,2,3268.06,0,6536.12
ORD105261,CUST00109,2024-06-22,Sports,Dumbbell Set,West,Cash on Delivery,2,2915.73,0,5831.46
ORD101140,CUST00326,2024-06-09,Electronics,Laptop Sleeve,South,UPI,1,4022.3,0,4022.3
ORD107065,CUST00900,2024-06-05,Sports,Yoga Mat,South,Credit Card,2,2499.7,0,4999.4
ORD108884,CUST00793,2024-06-20,Books,Self-Help Book,West,Credit Card,2,324.86,5,617.23
ORD104186,CUST00050,2024-01-10,beauty,Hair Dryer,West,Debit Card,1,414.24,10,372.82
ORD104554,CUST00033,2024-11-22,Fashion,Cotton T-Shirt,North,Credit Card,2,937.58,0,1875.16
ORD102023,CUST00801,2024-11-12,Fashion,Sunglasses,East,Cash on Delivery,1,418.61,5,397.68
ORD101633,CUST00488,2024-09-16,electronics,Laptop Sleeve,North,UPI,1,1791.58,0,1791.58
ORD101638,CUST00469,2023-10-21,Books,Self-Help Book,South,Cash on Delivery,1,736.96,15,626.42
ORD100778,CUST00731,2023-05-30,Fashion,Denim Jacket,Central,UPI,1,1400.73,0,1400.73
ORD104521,CUST00191,2024-06-11,Beauty,Perfume,South,Credit Card,1,969.69,30,678.78
ORD107382,CUST00052,2024-09-01,Home & Kitchen,Non-stick Pan,West,Debit Card,1,363.11,0,363.11
ORD100375,CUST00056,2024-03-31,Electronics,Bluetooth Speaker,West,Debit Card,1,3501.01,0,3501.01
ORD102422,CUST00267,2024-12-01,Electronics,Smartwatch,East,Debit Card,1,3263.43,15,2773.92
ORD104979,CUST00525,2023-12-03,Sports,Cycling Gloves,East,Debit Card,2,1963.2,20,3141.12
ORD104787,CUST00888,2024-08-20,Home & Kitchen,Non-stick Pan,,Net Banking,1,1786.09,0,1786.09
ORD105568,CUST00034,2023-07-22,Fashion,Leather Wallet,East,Net Banking,2,1588.38,0,3176.76
ORD107863,CUST00006,2024-12-04,Fashion,Leather Wallet,East,Credit Card,1,2496.92,5,2372.07
ORD106725,CUST00931,2024-05-20,Fashion,Running Shoes,North,Credit Card,3,1652.2,5,4708.77
ORD107404,CUST00828,2023-11-26,Beauty,Lip Balm Set,Central,Net Banking,1,1111.38,0,1111.38
ORD104413,CUST00575,2023-09-24,Electronics,Bluetooth Speaker,South,Credit Card,2,1398.15,15,2376.86
ORD103346,CUST00033,2024-08-25,Beauty,Lip Balm Set,West,Credit Card,2,1301.25,0,2602.5
ORD101168,CUST00706,2023-12-18,Electronics,Power Bank,North,UPI,1,2847.58,0,2847.58
ORD107181,CUST00777,2023-10-09,Home & Kitchen,Cushion Cover,North,UPI,2,1103.09,0,2206.18
ORD101902,CUST00121,2024-09-07,Books,Self-Help Book,Central,Cash on Delivery,1,480.43,5,456.41
ORD100630,CUST00191,2024-05-30,Fashion,Denim Jacket,West,UPI,2,1640.83,0,3281.66
ORD104604,CUST00768,2023-12-21,Sports,Cycling Gloves,East,Credit Card,2,2461.73,10,4431.11
ORD104329,CUST00580,2024-09-02,Home & Kitchen,Storage Organizer,West,Credit Card,1,1470.38,10,1323.34
ORD108672,CUST00565,2024-01-26,Sports,Dumbbell Set,East,Net Banking,1,464.71,0,464.71
ORD103208,CUST00455,2024-01-10,Fashion,Cotton T-Shirt,East,UPI,4,1318.98,5,5012.12
ORD102594,CUST00917,2024-07-09,Sports,Yoga Mat,North,UPI,1,2947.43,10,2652.69
ORD100176,CUST00418,2024-10-30,Books,Kids Storybook,West,Credit Card,1,580.08,5,551.08
ORD107782,CUST00793,2024-07-24,Home & Kitchen,Cushion Cover,North,Net Banking,1,1713.08,10,1541.77
ORD103897,CUST00571,2024-10-10,Electronics,Laptop Sleeve,East,Debit Card,1,3849.4,0,3849.4
ORD108852,CUST00844,2023-09-07,Electronics,Bluetooth Speaker,North,Credit Card,1,1823.63,0,1823.63
ORD105644,CUST00337,2024-06-27,Books,Cookbook,West,Credit Card,1,737.83,10,664.05
ORD108818,CUST00937,2024-02-15,Fashion,Sunglasses,South,Net Banking,1,2431.82,0,2431.82
ORD104850,CUST00877,2023-08-14,Home & Kitchen,Water Bottle,West,UPI,2,953.12,15,1620.3
ORD104887,CUST01110,2023-06-15,Beauty,Perfume,East,Cash on Delivery,2,1446.25,20,2314.0
ORD107234,CUST00143,2023-09-01,Electronics,Laptop Sleeve,North,Debit Card,1,2246.76,0,2246.76
ORD103933,CUST00632,2024-06-21,Fashion,Cotton T-Shirt,Central,UPI,1,1251.18,0,1251.18
ORD101550,CUST01085,2024-03-07,Home & Kitchen,LED Lamp,South,Net Banking,1,1304.67,5,1239.44
ORD108303,CUST00469,2023-12-16,Fashion,Running Shoes,East,Debit Card,1,894.92,15,760.68
ORD108231,CUST00096,2024-02-25,Beauty,Face Serum,North,Debit Card,1,1051.41,0,1051.41
ORD100125,CUST00731,2023-04-25,Beauty,Lip Balm Set,West,Debit Card,1,824.23,0,824.23
ORD103781,CUST00348,2023-07-01,Beauty,Lip Balm Set,West,UPI,1,632.03,0,632.03
ORD103366,CUST00469,2024-01-06,Books,Business Biography,North,UPI,2,216.08,0,432.16
ORD105566,CUST00812,2024-07-17,Home & Kitchen,LED Lamp,North,Net Banking,1,499.62,0,499.62
ORD101599,CUST00128,2024-02-21,Fashion,Running Shoes,Central,UPI,2,1400.58,5,2661.1
ORD101502,CUST00491,2024-09-18,Electronics,Smartwatch,Central,Credit Card,1,862.39,0,862.39
ORD107630,CUST00656,2024-08-23,Electronics,Laptop Sleeve,South,UPI,3,1793.78,15,4574.14
ORD102014,CUST00228,2023-09-11,Books,Cookbook,South,Debit Card,1,274.86,0,274.86
ORD103205,CUST00404,2024-10-28,Fashion,Cotton T-Shirt,East,UPI,1,795.86,5,756.07
ORD105632,CUST00457,2024-10-10,Home & Kitchen,Non-stick Pan,West,Credit Card,1,982.91,0,982.91
ORD106174,CUST00900,2024-03-16,Sports,Cycling Gloves,South,Debit Card,1,859.02,20,687.22
ORD102439,CUST00818,2024-11-02,Home & Kitchen,Water Bottle,West,Cash on Delivery,1,216.26,0,216.26
ORD105606,CUST00081,2024-05-31,Fashion,Denim Jacket,North,Credit Card,1,1959.74,20,1567.79
ORD108495,CUST00731,2023-04-11,Books,Self-Help Book,South,UPI,1,222.22,0,222.22
ORD101416,CUST00630,2024-03-18,Beauty,Hair Dryer,South,Credit Card,3,1082.01,10,2921.43
ORD105260,CUST00221,2023-09-08,Sports,Resistance Bands,North,Debit Card,4,997.15,5,3789.17
ORD106335,CUST00661,2024-08-04,Electronics,Bluetooth Speaker,South,Credit Card,1,1755.17,20,1404.14
ORD107580,CUST00375,2023-08-26,Electronics,Smartwatch,Central,UPI,2,2140.39,15,3638.66
ORD105264,CUST00988,2023-09-06,Fashion,Cotton T-Shirt,North,Debit Card,1,2122.23,5,2016.12
ORD101415,CUST00186,2024-09-25,Home & Kitchen,Storage Organizer,West,Net Banking,1,533.4,0,533.4
ORD105003,CUST00391,2024-12-13,Electronics,Wireless Earbuds,West,Net Banking,2,3654.11,15,6211.99
ORD104331,CUST00749,2023-10-01,Sports,Dumbbell Set,North,UPI,2,2688.47,0,5376.94
ORD104396,CUST01116,2023-04-18,Beauty,Lip Balm Set,South,Debit Card,1,1358.24,10,1222.42
ORD102740,CUST00030,2023-10-22,Fashion,Leather Wallet,Central,Cash on Delivery,1,807.18,10,726.46
ORD106363,CUST00731,2023-03-19,Fashion,Leather Wallet,West,Cash on Delivery,3,794.28,0,2382.84
ORD108309,CUST00005,2023-05-17,Electronics,Wireless Earbuds,Central,UPI,2,3512.68,0,7025.36
ORD104530,CUST00213,2023-06-25,Fashion,Cotton T-Shirt,West,Debit Card,2,1394.76,15,2371.09
ORD101829,CUST00935,2023-11-05,Electronics,Laptop Sleeve,North,Debit Card,1,3166.88,10,2850.19
ORD108951,CUST00907,2024-03-01,Sports,Cycling Gloves,Central,,1,1301.99,0,1301.99
ORD107099,CUST00063,2024-07-11,Electronics,Bluetooth Speaker,South,Credit Card,2,1952.15,0,3904.3
ORD107156,CUST00760,2024-03-11,Electronics,Power Bank,North,Credit Card,2,2444.0,0,4888.0
ORD104958,CUST00850,2024-11-30,Electronics,Laptop Sleeve,Central,Credit Card,1,929.31,5,882.84
ORD107409,CUST00808,2024-09-03,Electronics,Wireless Earbuds,East,Net Banking,1,2883.62,0,2883.62
ORD105236,CUST00385,2024-07-30,Electronics,Smartwatch,West,,1,4331.27,0,4331.27
ORD107837,CUST00962,2024-08-24,Beauty,Hair Dryer,Central,UPI,1,342.2,0,342.2
ORD100935,CUST00381,2024-10-29,Electronics,Bluetooth Speaker,East,,1,2848.06,0,2848.06
ORD108937,CUST00403,2023-06-24,Electronics,Laptop Sleeve,East,Debit Card,1,3672.0,15,3121.2
ORD106551,CUST00396,2024-04-18,Beauty,Face Serum,South,Cash on Delivery,1,407.34,5,386.97
ORD102745,CUST00203,2023-08-11,Fashion,Leather Wallet,Central,UPI,1,410.28,0,410.28
ORD107652,CUST00256,2024-12-25,Electronics,Laptop Sleeve,East,UPI,2,2911.43,5,5531.72
ORD101933,CUST00115,2024-05-05,Home & Kitchen,Cushion Cover,Central,Debit Card,1,1256.18,0,1256.18
ORD105724,CUST00125,2023-03-14,Electronics,Smartwatch,North,Cash on Delivery,1,814.91,5,774.16
ORD106704,CUST00424,2024-07-20,Home & Kitchen,Cushion Cover,South,Debit Card,1,1821.65,10,1639.48
ORD100928,CUST00666,2024-08-03,Electronics,Wireless Earbuds,North,Credit Card,1,2769.31,0,2769.31
ORD106347,CUST00444,2024-05-10,Books,Fiction Novel,South,Cash on Delivery,1,456.16,0,456.16
ORD103862,CUST00021,2024-06-24,Fashion,Sunglasses,South,UPI,1,923.81,5,877.62
ORD104377,CUST00324,2024-03-31,Fashion,Cotton T-Shirt,South,Credit Card,2,1451.16,0,2902.32
ORD108361,CUST00245,2024-04-22,Home & Kitchen,Water Bottle,Central,Net Banking,1,1076.82,0,1076.82
ORD103001,CUST00726,2024-04-26,Beauty,Lip Balm Set,East,UPI,1,832.32,0,832.32
ORD106321,CUST00471,2024-05-19,Fashion,Running Shoes,West,Cash on Delivery,2,1243.49,0,2486.98
ORD101578,CUST00120,2024-11-23,Books,Business Biography,West,Credit Card,1,763.06,15,648.6
ORD104435,CUST01008,2024-04-15,Fashion,Sunglasses,East,UPI,1,1712.35,10,1541.12
ORD102509,CUST00265,2023-11-07,Beauty,Sunscreen SPF50,West,Net Banking,1,838.92,0,838.92
ORD100897,CUST00380,2024-03-23,Home & Kitchen,LED Lamp,Central,UPI,1,1753.15,30,1227.2
ORD106457,CUST00112,2023-06-20,Electronics,Laptop Sleeve,West,Credit Card,1,2016.97,0,2016.97
ORD103956,CUST00919,2023-04-04,Electronics,Smartwatch,Central,UPI,1,3590.14,20,2872.11
ORD104491,CUST01192,2023-03-07,Beauty,Perfume,West,Credit Card,1,176.78,15,150.26
ORD104274,CUST00254,2023-12-13,Fashion,Running Shoes,East,UPI,1,2383.92,10,2145.53
ORD108867,CUST00300,2024-10-19,Electronics,Wireless Earbuds,West,Net Banking,1,3016.45,0,3016.45
ORD105857,CUST00345,2023-08-07,Beauty,Sunscreen SPF50,East,Cash on Delivery,2,278.67,0,557.34
ORD103018,CUST00528,2023-08-09,Electronics,Power Bank,East,UPI,1,2818.92,15,2396.08
ORD105163,CUST00201,2023-08-08,Beauty,Face Serum,East,Cash on Delivery,2,332.32,0,664.64
ORD100802,CUST00588,2023-09-23,Electronics,Laptop Sleeve,North,UPI,1,2944.28,0,2944.28
ORD101918,CUST00120,2024-11-17,Books,Self-Help Book,South,Debit Card,1,744.78,10,670.3
ORD106435,CUST00083,2024-08-09,Sports,Dumbbell Set,South,Credit Card,2,1166.43,15,1982.93
ORD106204,CUST00128,2024-04-29,Electronics,Bluetooth Speaker,South,UPI,3,4336.06,5,12357.77
ORD100206,CUST00807,2024-07-11,Electronics,Bluetooth Speaker,Central,Debit Card,2,2291.87,15,3896.18
ORD103099,CUST00480,2024-11-12,Sports,Resistance Bands,East,UPI,1,2655.5,15,2257.17
ORD104547,CUST01055,2024-11-20,Electronics,Smartwatch,West,Credit Card,1,1932.18,0,1932.18
ORD108328,CUST01155,2023-06-07,Fashion,Denim Jacket,South,UPI,2,1347.99,0,2695.98
ORD102987,CUST00065,2023-11-15,Electronics,Bluetooth Speaker,South,UPI,2,2970.08,5,5643.15
ORD100069,CUST00923,2023-07-13,Electronics,Smartwatch,North,Credit Card,1,854.37,0,854.37
ORD102385,CUST00200,2024-10-10,Beauty,Lip Balm Set,North,Net Banking,1,1076.77,0,1076.77
ORD108308,CUST01018,2024-08-02,Home & Kitchen,Water Bottle,South,Net Banking,3,1282.73,10,3463.37
ORD106282,CUST00082,2023-10-23,Beauty,Hair Dryer,West,Credit Card,1,1379.61,0,1379.61
ORD100992,CUST01119,2024-09-15,Sports,Resistance Bands,South,Credit Card,3,1301.5,0,3904.5
ORD103319,CUST00584,2024-10-05,Electronics,Bluetooth Speaker,East,Cash on Delivery,1,1315.11,0,1315.11
ORD103373,CUST00380,2024-05-29,Home & Kitchen,LED Lamp,West,Cash on Delivery,1,268.97,20,215.18
ORD103664,CUST00478,2024-06-27,Electronics,Laptop Sleeve,East,Credit Card,1,3981.29,5,3782.23
ORD102166,CUST00910,2024-09-03,Home & Kitchen,Non-stick Pan,North,Net Banking,1,761.18,0,761.18
ORD105315,CUST01113,2024-07-29,Fashion,Cotton T-Shirt,South,UPI,2,2136.49,0,4272.98
ORD104030,CUST00923,2023-05-24,Fashion,Leather Wallet,East,Credit Card,2,1981.65,0,3963.3
ORD100858,CUST00380,2024-04-20,electronics,Laptop Sleeve,North,UPI,2,1426.53,5,2710.41
ORD100465,CUST00888,2024-08-19,Sports,Dumbbell Set,East,Cash on Delivery,1,2654.59,10,2389.13
ORD108989,CUST00228,2023-06-15,Fashion,Leather Wallet,Central,Cash on Delivery,1,814.75,0,814.75
ORD100296,CUST00678,2024-10-11,Home & Kitchen,Storage Organizer,East,Cash on Delivery,1,1771.48,0,1771.48
ORD107001,CUST00083,2024-06-01,Electronics,Bluetooth Speaker,South,Debit Card,1,2622.92,0,2622.92
ORD101358,CUST00172,2024-10-19,Electronics,Power Bank,West,Credit Card,1,1252.41,20,1001.93
ORD106795,CUST00388,2024-12-03,Home & Kitchen,Cushion Cover,,,1,537.36,5,510.49
ORD108977,CUST00815,2024-07-05,Electronics,Laptop Sleeve,West,Credit Card,1,2221.83,0,2221.83
ORD106199,CUST00136,2023-10-01,Sports,Yoga Mat,North,UPI,1,2370.5,0,2370.5
ORD104675,CUST00375,2024-11-26,Books,Kids Storybook,East,Net Banking,3,388.69,0,1166.07
ORD108918,CUST00055,2023-09-19,Home & Kitchen,Non-stick Pan,,Net Banking,4,622.83,5,2366.75
ORD106908,CUST00399,2024-05-28,Beauty,Hair Dryer,North,Credit Card,1,422.26,0,422.26
ORD106860,CUST00449,2023-12-22,Electronics,Bluetooth Speaker,East,UPI,1,2018.53,10,1816.68
ORD102543,CUST00840,2023-06-30,Fashion,Sunglasses,Central,Cash on Delivery,1,794.96,10,715.46
ORD105825,CUST00525,2023-05-14,Fashion,Sunglasses,West,Credit Card,1,1527.56,0,1527.56
ORD102090,CUST00646,2023-11-03,Home & Kitchen,Non-stick Pan,South,UPI,1,1755.81,10,1580.23
ORD106900,CUST00049,2023-09-26,Electronics,Bluetooth Speaker,Central,Debit Card,1,2105.12,15,1789.35
ORD101255,CUST00212,2023-08-29,Books,Business Biography,East,Debit Card,1,382.94,5,363.79
ORD102154,CUST01054,2024-07-18,Electronics,Laptop Sleeve,Central,Credit Card,1,990.93,0,990.93
ORD101287,CUST00375,2023-08-25,Electronics,Wireless Earbuds,East,Credit Card,1,2653.2,5,2520.54
ORD102872,CUST00506,2024-03-05,Books,Fiction Novel,West,Credit Card,2,657.85,30,920.99
ORD107726,CUST00196,2024-07-02,Home & Kitchen,LED Lamp,Central,Debit Card,1,201.63,0,201.63
ORD101518,CUST00240,2023-07-21,Fashion,Sunglasses,West,Credit Card,1,744.87,5,-707.63
ORD102183,CUST00034,2024-09-21,Electronics,Bluetooth Speaker,West,Cash on Delivery,2,2283.19,10,4109.74
ORD103025,CUST01116,2023-11-21,Home & Kitchen,Water Bottle,North,UPI,2,1721.09,0,3442.18
ORD106740,CUST00254,2023-12-23,Fashion,Running Shoes,South,Credit Card,1,1104.82,10,994.34
ORD108676,CUST00103,2024-02-23,Home & Kitchen,Water Bottle,West,Credit Card,2,1251.17,0,2502.34
ORD108390,CUST00002,2024-12-10,Fashion,Sunglasses,North,Debit Card,1,640.04,10,576.04
ORD106545,CUST00342,2024-09-14,Electronics,Laptop Sleeve,Central,UPI,1,2649.07,20,2119.26
ORD107848,CUST00369,2024-08-27,Books,Business Biography,East,Credit Card,1,181.35,0,181.35
ORD107387,CUST00734,2024-04-13,Electronics,Wireless Earbuds,Central,Credit Card,1,3347.38,30,2343.17
ORD104035,CUST00196,2024-03-23,Sports,Resistance Bands,East,Debit Card,1,2308.36,0,2308.36
ORD107639,CUST01127,2023-06-29,Electronics,Power Bank,North,Debit Card,1,1059.16,0,1059.16
ORD108358,CUST00272,2023-02-23,Sports,Yoga Mat,West,Credit Card,1,2226.74,5,2115.4
ORD108732,CUST00003,2024-07-27,Fashion,Cotton T-Shirt,North,UPI,1,1968.04,0,1968.04
ORD103895,CUST00178,2024-12-04,Sports,Cycling Gloves,East,Debit Card,2,2420.27,0,4840.54
ORD105861,CUST01081,2024-01-31,Home & Kitchen,Non-stick Pan,Central,Net Banking,3,1787.14,20,4289.14
ORD100836,CUST00945,2024-11-29,Electronics,Power Bank,Central,Credit Card,1,3727.43,0,3727.43
ORD105475,CUST00525,2023-07-23,Home & Kitchen,Non-stick Pan,East,UPI,1,602.78,15,512.36
ORD100545,CUST01127,2024-05-04,Home & Kitchen,Cushion Cover,Central,Debit Card,1,799.32,0,799.32
ORD104611,CUST00074,2024-05-13,Electronics,Smartwatch,East,Debit Card,1,2343.29,15,1991.8
ORD102409,CUST00515,2024-05-15,Fashion,Sunglasses,Central,UPI,2,1417.17,0,2834.34
ORD103209,CUST01196,2023-03-28,Beauty,Sunscreen SPF50,Central,UPI,1,1282.47,20,1025.98
ORD107212,CUST01074,2024-01-12,Sports,Resistance Bands,North,,1,748.91,0,748.91
ORD100429,CUST00421,2023-09-18,Electronics,Laptop Sleeve,North,Net Banking,2,2944.51,0,5889.02
ORD104899,CUST00646,2023-10-23,Fashion,Denim Jacket,North,Credit Card,2,1615.4,0,3230.8
ORD108580,CUST01074,2024-01-08,Beauty,Lip Balm Set,West,Credit Card,1,1112.37,0,1112.37
ORD106045,CUST01082,2024-01-04,Fashion,Running Shoes,Central,Debit Card,1,895.4,0,895.4
ORD108667,CUST00329,2023-12-05,Home & Kitchen,Cushion Cover,East,UPI,1,1304.1,0,1304.1
ORD101979,CUST00005,2023-10-18,Fashion,Sunglasses,South,Credit Card,2,680.53,5,1293.01
ORD107088,CUST00404,2024-09-10,Home & Kitchen,Cushion Cover,South,UPI,2,881.94,0,1763.88
ORD106515,CUST00080,2024-04-20,Fashion,Sunglasses,Central,Debit Card,2,1278.57,0,2557.14
ORD108579,CUST00572,2024-10-20,Sports,Cycling Gloves,Central,Credit Card,2,1830.29,0,3660.58
ORD100268,CUST00161,2024-10-05,Electronics,Wireless Earbuds,Central,Cash on Delivery,1,1414.48,10,1273.03
ORD103931,CUST00130,2023-11-03,Fashion,Cotton T-Shirt,South,UPI,2,809.45,5,1537.96
ORD108757,CUST00184,2024-02-26,Electronics,Laptop Sleeve,North,Cash on Delivery,1,4461.95,0,4461.95
ORD100017,CUST00731,2023-08-10,Sports,Resistance Bands,Central,Credit Card,4,1852.72,15,6299.25
ORD101151,CUST00337,2024-04-07,Home & Kitchen,Cushion Cover,West,Credit Card,1,1953.64,0,1953.64
ORD104874,CUST00444,2023-06-16,Beauty,Sunscreen SPF50,South,Debit Card,1,1435.2,0,1435.2
ORD106639,CUST00962,2024-09-20,Books,Business Biography,Central,UPI,1,777.94,0,777.94
ORD100252,CUST00125,2024-06-07,Fashion,Denim Jacket,South,Credit Card,1,1650.75,0,1650.75
ORD104739,CUST00383,2023-09-03,Home & Kitchen,LED Lamp,North,Cash on Delivery,1,1096.17,0,1096.17
ORD101504,CUST00026,2024-11-13,Home & Kitchen,Water Bottle,North,UPI,2,524.53,0,1049.06
ORD103469,CUST00278,2024-03-07,Home & Kitchen,Storage Organizer,West,Debit Card,1,1631.85,15,1387.07
ORD104192,CUST00939,2024-04-22,Home & Kitchen,Water Bottle,South,Net Banking,1,383.12,0,383.12
ORD107041,CUST00486,2024-12-23,Fashion,Denim Jacket,West,Net Banking,1,2393.88,0,2393.88
ORD108649,CUST00525,2023-05-23,Beauty,Face Serum,North,Debit Card,4,648.19,0,2592.76
ORD107755,CUST00091,2023-11-04,Beauty,Sunscreen SPF50,South,UPI,1,851.65,0,851.65
ORD103535,CUST00769,2024-06-01,Beauty,Hair Dryer,East,Debit Card,1,156.62,0,156.62
ORD102160,CUST00322,2024-09-01,Beauty,Sunscreen SPF50,West,UPI,1,1476.49,0,1476.49
ORD107305,CUST00128,2024-10-09,Beauty,Lip Balm Set,East,Credit Card,2,1128.94,0,2257.88
ORD105607,CUST00731,2024-01-01,Books,Business Biography,West,Credit Card,1,578.56,10,520.7
ORD107051,CUST01087,2024-07-01,Beauty,Perfume,Central,UPI,1,701.22,20,560.98
ORD100076,CUST00749,2024-02-10,Home & Kitchen,Non-stick Pan,,UPI,2,568.97,5,1081.04
ORD104296,CUST01136,2024-11-01,Electronics,Laptop Sleeve,Central,Credit Card,1,1984.3,0,1984.3
ORD104984,CUST01076,2023-09-22,Electronics,Laptop Sleeve,Central,UPI,1,1364.3,0,1364.3
ORD108482,CUST00071,2024-09-29,Home & Kitchen,Water Bottle,North,Credit Card,1,974.09,20,779.27
ORD108493,CUST00401,2024-09-09,Electronics,Power Bank,Central,Cash on Delivery,1,2072.97,0,2072.97
ORD103092,CUST01061,2024-08-11,Electronics,Smartwatch,East,Credit Card,1,3884.1,0,3884.1
ORD103957,CUST00079,2024-04-15,Beauty,Hair Dryer,South,Credit Card,1,772.69,10,695.42
ORD108809,CUST00440,2024-05-09,Electronics,Smartwatch,East,Credit Card,2,1874.72,0,3749.44
ORD105485,CUST00080,2024-07-06,Electronics,Power Bank,Central,UPI,1,1762.5,0,1762.5
ORD103499,CUST01176,2023-09-24,Books,Kids Storybook,North,Credit Card,3,696.75,30,1463.18
ORD101079,CUST00135,2024-08-28,Sports,Cricket Bat,North,UPI,1,2558.81,0,2558.81
ORD103914,CUST00331,2024-05-08,Fashion,Denim Jacket,West,UPI,1,1334.48,0,1334.48
ORD104943,CUST00826,2023-07-19,Fashion,Leather Wallet,East,Net Banking,1,638.19,0,638.19
ORD106156,CUST00992,2024-03-05,Electronics,Wireless Earbuds,West,UPI,1,3541.03,0,3541.03
ORD108560,CUST00804,2023-06-15,Beauty,Sunscreen SPF50,Central,Net Banking,1,1468.27,0,1468.27
ORD100560,CUST00745,2023-08-03,Beauty,Sunscreen SPF50,West,Net Banking,1,1379.63,0,1379.63
ORD108786,CUST00587,2023-11-07,Beauty,Hair Dryer,Central,Credit Card,1,1257.08,10,1131.37
ORD108550,CUST00380,2024-06-26,Electronics,Power Bank,West,Debit Card,2,1491.52,0,2983.04
ORD106917,CUST00196,2024-06-18,Beauty,Perfume,South,Debit Card,3,578.53,0,1735.59
ORD103513,CUST00361,2024-02-25,Sports,Resistance Bands,West,Net Banking,1,2549.82,0,2549.82
ORD104117,CUST00346,2024-01-20,Beauty,Hair Dryer,South,Credit Card,3,1055.73,5,3008.83
ORD104538,CUST00221,2024-09-04,Home & Kitchen,Water Bottle,Central,Debit Card,2,979.0,20,1566.4
ORD102122,CUST00571,2023-08-11,Fashion,Running Shoes,South,Debit Card,2,1215.61,0,2431.22
ORD107540,CUST00161,2024-10-09,electronics,Bluetooth Speaker,East,UPI,3,3446.62,0,10339.86
ORD107134,CUST00221,2024-02-20,Fashion,Cotton T-Shirt,East,Net Banking,1,1060.93,10,954.84
ORD108873,CUST00298,2024-03-09,Electronics,Laptop Sleeve,Central,Credit Card,1,1166.05,5,1107.75
ORD100907,CUST00409,2024-08-08,Electronics,Power Bank,East,Debit Card,1,2169.33,0,2169.33
ORD101976,CUST00999,2023-11-16,Electronics,Smartwatch,North,Cash on Delivery,2,3309.67,10,5957.41
ORD103824,CUST00811,2024-03-31,Beauty,Face Serum,South,UPI,1,751.7,0,751.7
ORD104330,CUST01171,2023-05-25,Home & Kitchen,Non-stick Pan,Central,UPI,3,266.72,0,800.16
ORD102197,CUST01077,2024-09-20,Fashion,Sunglasses,South,UPI,1,644.41,0,644.41
ORD103967,CUST01142,2023-07-17,Sports,Dumbbell Set,Central,Debit Card,1,2490.41,10,2241.37
ORD102228,CUST00128,2024-06-14,Beauty,Hair Dryer,Central,Cash on Delivery,1,947.09,0,947.09
ORD106627,CUST00854,2024-09-22,Electronics,Power Bank,Central,Credit Card,1,3709.98,0,3709.98
ORD106194,CUST00418,2024-10-31,Fashion,Sunglasses,Central,UPI,1,2040.0,0,2040.0
ORD103279,CUST00309,2023-12-01,Books,Fiction Novel,North,UPI,1,315.17,10,283.65
ORD108749,CUST00615,2024-09-25,Home & Kitchen,LED Lamp,West,Debit Card,2,1901.62,10,3422.92
ORD103859,CUST00916,2023-12-23,Electronics,Laptop Sleeve,North,Debit Card,1,1637.64,0,1637.64
ORD107796,CUST00426,2024-06-28,Electronics,Bluetooth Speaker,West,Credit Card,3,873.24,15,2226.76
ORD105799,CUST00916,2023-10-19,Home & Kitchen,Water Bottle,Central,Net Banking,1,1674.94,5,1591.19
ORD106366,CUST00564,2024-11-02,Books,Kids Storybook,West,Credit Card,1,495.4,5,470.63
ORD103558,CUST01161,2024-03-19,Home & Kitchen,Cushion Cover,Central,Cash on Delivery,1,657.11,5,624.25
ORD101635,CUST00731,2024-01-13,Beauty,Lip Balm Set,South,UPI,3,455.48,30,956.51
ORD102061,CUST00410,2023-04-19,Electronics,Bluetooth Speaker,South,UPI,2,1811.28,0,3622.56
ORD104153,CUST01031,2024-07-06,Sports,Cycling Gloves,South,Credit Card,1,2548.69,0,2548.69
ORD103760,CUST00884,2024-04-15,Electronics,Wireless Earbuds,South,Net Banking,1,1231.27,0,1231.27
ORD108744,CUST00877,2023-10-25,Fashion,Running Shoes,North,Credit Card,2,2124.65,10,3824.37
ORD102192,CUST00568,2024-10-02,Fashion,Denim Jacket,East,UPI,2,1300.91,0,2601.82
ORD101472,CUST00625,2024-05-19,Sports,Cycling Gloves,East,UPI,1,1193.74,0,1193.74
ORD107842,CUST00626,2024-05-06,Electronics,Smartwatch,South,UPI,4,1204.84,0,4819.36
ORD101203,CUST00199,2024-11-20,Home & Kitchen,Water Bottle,South,Debit Card,1,921.69,0,921.69
ORD107362,CUST00115,2023-03-24,Fashion,Running Shoes,West,Net Banking,1,792.66,15,673.76
ORD100646,CUST00801,2024-12-01,Electronics,Bluetooth Speaker,North,Credit Card,2,1071.01,10,1927.82
ORD107421,CUST01074,2023-06-29,Fashion,Leather Wallet,Central,UPI,1,990.5,10,891.45
ORD108865,CUST00816,2024-04-16,electronics,Power Bank,South,Debit Card,1,2992.34,0,2992.34
ORD105664,CUST00128,2024-02-14,Sports,Yoga Mat,Central,Cash on Delivery,2,2584.37,0,5168.74
ORD103075,CUST00221,2024-04-03,Sports,Cricket Bat,Central,Debit Card,1,1620.81,0,1620.81
ORD107024,CUST00615,2024-07-18,Beauty,Perfume,North,Credit Card,1,821.65,0,821.65
ORD103071,CUST00234,2024-06-08,Fashion,Running Shoes,South,Credit Card,4,2195.73,20,7026.34
ORD105685,CUST00404,2024-08-02,Electronics,Wireless Earbuds,West,Debit Card,1,2178.53,0,2178.53
ORD103602,CUST00678,2024-12-06,Beauty,Lip Balm Set,North,Credit Card,1,868.51,0,868.51
ORD105104,CUST00961,2024-11-03,Electronics,Laptop Sleeve,West,UPI,1,1299.12,0,1299.12
ORD107822,CUST00265,2023-09-06,Home & Kitchen,Cushion Cover,West,Debit Card,2,591.55,0,1183.1
ORD101579,CUST00904,2024-06-20,Beauty,Lip Balm Set,East,Credit Card,1,1104.5,15,938.82
ORD101304,CUST00633,2023-10-21,Home & Kitchen,Non-stick Pan,Central,Cash on Delivery,1,975.29,20,780.23
ORD105391,CUST00405,2024-10-30,Electronics,Laptop Sleeve,North,Credit Card,1,4124.72,5,3918.48
ORD100346,CUST00726,2023-06-06,Fashion,Sunglasses,North,Debit Card,1,1439.62,0,1439.62
ORD104598,CUST00415,2024-04-29,Electronics,Laptop Sleeve,Central,Credit Card,1,2687.2,5,2552.84
ORD105328,CUST00929,2024-05-05,Fashion,Sunglasses,South,Net Banking,1,1431.68,0,1431.68
ORD101643,CUST00686,2023-10-22,Fashion,Sunglasses,South,UPI,2,440.15,15,748.26
ORD102990,CUST00058,2024-04-30,Home & Kitchen,LED Lamp,East,UPI,1,482.67,0,482.67
ORD100833,CUST00315,2023-12-16,Home & Kitchen,Cushion Cover,North,Credit Card,3,1658.93,5,4727.95
ORD107247,CUST01164,2023-11-28,Sports,Yoga Mat,South,Credit Card,1,2763.75,10,2487.38
ORD108058,CUST00667,2023-06-07,Electronics,Power Bank,South,Cash on Delivery,1,1761.15,20,1408.92
ORD101164,CUST00937,2024-04-04,Fashion,Denim Jacket,West,UPI,1,549.82,0,549.82
ORD103595,CUST01028,2024-05-28,Home & Kitchen,Water Bottle,North,UPI,1,654.63,10,589.17
ORD108566,CUST00039,2023-11-11,Beauty,Sunscreen SPF50,North,Credit Card,2,1074.96,15,1827.43
ORD105521,CUST00482,2024-11-22,Fashion,Cotton T-Shirt,South,UPI,2,1652.22,20,2643.55
ORD104638,CUST00806,2023-04-13,Fashion,Sunglasses,Central,UPI,1,1417.68,0,1417.68
ORD101491,CUST00560,2024-10-08,Home & Kitchen,LED Lamp,Central,UPI,4,1285.12,0,5140.48
ORD105990,CUST00018,2023-08-21,Electronics,Smartwatch,North,Debit Card,1,2192.08,0,2192.08
ORD108133,CUST01170,2024-09-22,Beauty,Face Serum,North,Cash on Delivery,1,803.03,0,803.03
ORD103050,CUST00210,2024-05-03,Beauty,Hair Dryer,,Debit Card,1,562.03,0,562.03
ORD108143,CUST00795,2024-12-10,Home & Kitchen,Cushion Cover,South,Credit Card,1,1151.63,0,1151.63
ORD104661,CUST00482,2024-12-03,Fashion,Running Shoes,West,Debit Card,1,2312.06,0,2312.06
ORD100263,CUST01146,2023-08-24,Home & Kitchen,Water Bottle,Central,UPI,1,225.8,0,225.8
ORD108611,CUST00120,2024-11-18,Fashion,Denim Jacket,Central,Cash on Delivery,2,1990.87,0,3981.74
ORD105420,CUST00580,2023-04-06,Fashion,Cotton T-Shirt,South,Debit Card,1,788.9,0,788.9
ORD100381,CUST00030,2023-04-28,Home & Kitchen,Storage Organizer,North,UPI,2,815.72,0,1631.44
ORD104499,CUST00076,2023-07-25,Beauty,Hair Dryer,West,Net Banking,1,825.22,0,825.22
ORD100613,CUST00650,2023-09-19,sports,Dumbbell Set,Central,Credit Card,1,1677.7,0,1677.7
ORD104134,CUST00201,2023-07-25,Fashion,Denim Jacket,North,UPI,1,2211.62,5,2101.04
ORD100215,CUST00221,2023-07-16,Home & Kitchen,Non-stick Pan,North,UPI,1,488.41,0,488.41
ORD108528,CUST00895,2023-11-22,Books,Cookbook,South,Credit Card,1,223.13,0,223.13
ORD105198,CUST01069,2024-06-17,Fashion,Leather Wallet,West,Credit Card,4,1978.24,0,7912.96
ORD108380,CUST00757,2023-07-12,Books,Kids Storybook,North,Credit Card,1,488.26,0,488.26
ORD103426,CUST01146,2023-04-05,Books,Business Biography,Central,Debit Card,1,769.41,5,730.94
ORD102865,CUST01101,2024-07-21,Home & Kitchen,Water Bottle,North,UPI,1,516.51,10,464.86
ORD103386,CUST00360,2024-10-01,Fashion,Leather Wallet,Central,Debit Card,1,581.82,15,494.55
ORD101112,CUST00199,2024-10-28,Fashion,Running Shoes,West,UPI,1,1320.5,10,1188.45
ORD103403,CUST00311,2024-11-20,Home & Kitchen,Storage Organizer,North,UPI,2,1653.32,0,3306.64
ORD108097,CUST00128,2024-08-14,Electronics,Power Bank,South,UPI,2,4482.07,0,8964.14
ORD106443,CUST00565,2023-06-14,Fashion,Sunglasses,Central,UPI,2,1147.27,0,2294.54
ORD101693,CUST00609,2023-12-25,Beauty,Sunscreen SPF50,North,Credit Card,1,1205.79,10,1085.21
ORD105713,CUST00594,2023-08-09,Electronics,Smartwatch,West,UPI,3,2067.88,20,4962.91
ORD108761,CUST00496,2024-07-11,Electronics,Wireless Earbuds,Central,Debit Card,1,3784.44,0,3784.44
ORD103055,CUST00128,2024-03-08,Fashion,Sunglasses,South,UPI,2,703.7,10,1266.66
ORD100032,CUST00959,2023-03-12,Fashion,Cotton T-Shirt,West,UPI,1,448.25,15,381.01
ORD100114,CUST00165,2024-10-24,Electronics,Wireless Earbuds,South,Credit Card,1,1140.65,5,1083.62
ORD104811,CUST00640,2024-07-11,Home & Kitchen,Non-stick Pan,East,Credit Card,1,1590.7,0,1590.7
ORD107048,CUST00733,2024-04-11,Fashion,Denim Jacket,North,Credit Card,4,516.07,5,1961.07
ORD104916,CUST00114,2023-02-08,Beauty,Hair Dryer,South,Debit Card,1,243.85,0,243.85
ORD107764,CUST00398,2024-11-13,Electronics,Power Bank,South,Debit Card,1,3757.05,5,3569.2
ORD103271,CUST00143,2023-12-27,Fashion,Cotton T-Shirt,East,UPI,1,807.59,0,807.59
ORD100586,CUST01086,2024-09-29,Home & Kitchen,LED Lamp,North,Credit Card,1,1851.97,30,1296.38
ORD101347,CUST00325,2023-04-13,Sports,Cricket Bat,Central,Credit Card,1,482.84,10,434.56
ORD106160,CUST00128,2024-04-01,fashion,Leather Wallet,West,UPI,1,2346.57,15,1994.58
ORD101098,CUST01041,2024-07-10,Sports,Cycling Gloves,Central,Net Banking,1,1195.19,0,1195.19
ORD105459,CUST00736,2024-05-18,Books,Fiction Novel,East,UPI,1,671.99,15,571.19
ORD100393,CUST00177,2024-12-03,Fashion,Running Shoes,Central,UPI,1,2085.58,0,2085.58
ORD107081,CUST00917,2024-07-05,Home & Kitchen,Non-stick Pan,West,Cash on Delivery,1,759.92,20,607.94
ORD107015,CUST00547,2024-03-26,Fashion,Running Shoes,East,UPI,1,2474.11,10,2226.7
ORD100724,CUST00128,2024-10-18,Sports,Cycling Gloves,West,Cash on Delivery,1,2458.46,10,2212.61
ORD105891,CUST00931,2024-05-12,Home & Kitchen,Non-stick Pan,West,Debit Card,2,435.99,30,610.39
ORD102445,CUST00332,2023-09-28,Sports,Resistance Bands,West,Cash on Delivery,1,383.0,10,344.7
ORD103477,CUST00015,2024-05-09,Electronics,Bluetooth Speaker,East,Cash on Delivery,1,3375.73,0,3375.73
ORD105618,CUST01161,2023-12-29,Fashion,Denim Jacket,,UPI,1,1403.61,0,1403.61
ORD102328,CUST01149,2024-08-22,Fashion,Denim Jacket,East,Debit Card,1,492.15,0,492.15
ORD104313,CUST00417,2024-11-01,Electronics,Wireless Earbuds,South,UPI,2,2963.19,0,5926.38
ORD107762,CUST00999,2023-12-20,Fashion,Running Shoes,West,Credit Card,2,741.73,0,1483.46
ORD101709,CUST00088,2024-04-27,Electronics,Power Bank,East,Net Banking,2,1050.7,0,2101.4
ORD100983,CUST00507,2023-06-07,Electronics,Bluetooth Speaker,West,Credit Card,2,4412.99,0,8825.98
ORD104285,CUST00147,2023-10-28,Electronics,Laptop Sleeve,East,UPI,3,1093.22,15,2787.71
ORD108595,CUST00611,2024-05-08,Books,Business Biography,South,Credit Card,1,632.26,10,569.03
ORD108314,CUST00818,2024-07-30,Beauty,Sunscreen SPF50,North,,1,321.99,20,257.59
ORD105717,CUST00191,2024-07-09,Fashion,Denim Jacket,East,UPI,1,1589.16,20,1271.33
ORD100553,CUST00685,2023-06-16,Home & Kitchen,Non-stick Pan,North,Cash on Delivery,1,1837.26,0,1837.26
ORD100543,CUST00571,2024-05-15,Electronics,Power Bank,Central,Debit Card,1,2390.38,10,2151.34
ORD107000,CUST00815,2024-09-07,Fashion,Denim Jacket,East,Debit Card,1,964.01,20,771.21
ORD103307,CUST00448,2024-12-03,Electronics,Smartwatch,South,Cash on Delivery,1,2438.93,5,2316.98
ORD107719,CUST00108,2024-07-26,Books,Cookbook,East,UPI,1,679.24,0,679.24
ORD105476,CUST01054,2023-12-29,Beauty,Hair Dryer,West,UPI,1,845.78,0,845.78
ORD101253,CUST01028,2024-07-07,Home & Kitchen,Non-stick Pan,West,Debit Card,1,1247.58,0,1247.58
ORD104786,CUST00221,2024-05-22,Electronics,Power Bank,North,UPI,1,1586.53,0,1586.53
ORD108110,CUST00489,2024-06-11,Beauty,Face Serum,Central,Cash on Delivery,2,747.39,0,1494.78
ORD104945,CUST00677,2024-01-16,fashion,Denim Jacket,East,UPI,1,2315.86,0,2315.86
ORD106913,CUST00731,2023-08-04,Electronics,Bluetooth Speaker,Central,Debit Card,1,1302.36,0,1302.36
ORD107556,CUST00598,2024-05-19,Sports,Yoga Mat,East,UPI,1,2670.62,5,2537.09
ORD102787,CUST00887,2024-01-10,Fashion,Denim Jacket,Central,Cash on Delivery,1,2450.33,0,2450.33
ORD107778,CUST00028,2024-05-14,Fashion,Denim Jacket,Central,Net Banking,2,357.95,10,644.31
ORD107066,CUST00931,2024-10-26,Fashion,Sunglasses,East,Credit Card,1,1045.75,0,1045.75
ORD104500,CUST00808,2024-12-09,Electronics,Laptop Sleeve,,Credit Card,1,3865.97,0,3865.97
ORD105879,CUST00030,2023-09-14,Fashion,Denim Jacket,East,UPI,2,863.89,5,1641.39
ORD100666,CUST01111,2024-10-31,Fashion,Leather Wallet,West,Credit Card,1,509.12,0,509.12
ORD106455,CUST00381,2024-10-23,Home & Kitchen,Non-stick Pan,Central,Debit Card,1,836.37,0,836.37
ORD102679,CUST00221,2024-12-29,Electronics,Laptop Sleeve,East,Cash on Delivery,1,3272.13,20,2617.7
ORD101413,CUST00640,2024-09-25,Home & Kitchen,Non-stick Pan,South,Credit Card,2,1960.36,15,3332.61
ORD108788,CUST00953,2024-11-12,Sports,Cricket Bat,Central,UPI,1,886.61,0,886.61
ORD100528,CUST00221,2023-11-05,Beauty,Hair Dryer,North,Net Banking,2,704.31,15,1197.33
ORD107849,CUST00307,2024-11-01,Electronics,Laptop Sleeve,East,Credit Card,1,2341.97,0,2341.97
ORD108531,CUST00703,2023-12-17,Sports,Resistance Bands,Central,Credit Card,2,1706.73,0,3413.46
ORD108073,CUST00440,2024-11-11,Fashion,Leather Wallet,West,Credit Card,1,790.46,0,790.46
ORD107457,CUST00735,2024-12-13,Sports,Cycling Gloves,West,UPI,2,419.45,5,796.96
ORD102060,CUST00917,2024-10-28,Beauty,Perfume,Central,Debit Card,1,945.46,20,756.37
ORD100485,CUST00151,2024-09-03,Sports,Dumbbell Set,West,UPI,2,389.85,0,779.7
ORD103591,CUST00580,2023-04-27,Fashion,Cotton T-Shirt,Central,Net Banking,1,2036.55,0,2036.55
ORD107743,CUST00630,2024-01-21,Beauty,Sunscreen SPF50,South,Net Banking,1,880.55,5,836.52
ORD103857,CUST00630,2024-02-11,Fashion,Cotton T-Shirt,West,Credit Card,1,366.08,5,347.78
ORD107635,CUST00611,2024-07-25,Fashion,Sunglasses,North,Net Banking,1,2277.0,10,2049.3
ORD107082,CUST01080,2024-07-17,Electronics,Wireless Earbuds,Central,Debit Card,2,4422.67,20,7076.27
ORD102781,CUST01176,2023-10-28,Sports,Cycling Gloves,West,UPI,2,2701.22,5,5132.32
ORD107621,CUST00917,2024-07-11,Fashion,Sunglasses,South,UPI,1,1090.23,0,1090.23
ORD103863,CUST01108,2024-04-02,Beauty,Hair Dryer,North,Credit Card,1,440.77,0,440.77
ORD102917,CUST00599,2024-02-08,Sports,Yoga Mat,East,Cash on Delivery,1,302.72,10,272.45
ORD108330,CUST00194,2023-12-26,Fashion,Cotton T-Shirt,East,UPI,1,2014.46,10,1813.01
ORD107476,CUST00128,2024-08-02,Electronics,Laptop Sleeve,South,Debit Card,2,4108.42,30,5751.79
ORD101548,CUST00646,2023-09-01,Sports,Dumbbell Set,West,UPI,1,2632.64,10,2369.38
ORD101597,CUST00031,2024-02-24,Home & Kitchen,LED Lamp,North,UPI,1,784.28,10,705.85
ORD108347,CUST00041,2024-07-28,Fashion,Cotton T-Shirt,East,UPI,1,541.84,15,460.56
ORD104254,CUST00432,2024-10-25,Electronics,Power Bank,East,Debit Card,1,3745.67,0,3745.67
ORD106110,CUST00173,2023-10-29,Home & Kitchen,LED Lamp,East,Debit Card,2,1734.65,0,3469.3
ORD101467,CUST00012,2024-02-04,Books,Cookbook,West,Net Banking,4,448.17,0,1792.68
ORD100337,CUST00078,2024-09-10,Electronics,Power Bank,East,Debit Card,1,3915.8,0,3915.8
ORD103288,CUST00987,2024-02-25,Home & Kitchen,LED Lamp,South,Credit Card,2,1184.83,15,2014.21
ORD108375,CUST00333,2024-06-30,Electronics,Power Bank,East,UPI,1,4197.69,0,4197.69
ORD106356,CUST01096,2024-11-28,Sports,Resistance Bands,West,UPI,1,1275.67,10,1148.1
ORD106996,CUST00013,2024-07-26,Sports,Cricket Bat,South,Net Banking,3,572.0,5,1630.2
ORD106811,CUST00584,2024-07-07,Sports,Cricket Bat,East,Credit Card,1,311.74,20,249.39
ORD101123,CUST00308,2023-03-10,Home & Kitchen,LED Lamp,North,UPI,1,891.41,0,891.41
ORD108602,CUST00630,2024-06-09,Beauty,Face Serum,Central,UPI,1,1369.94,0,1369.94
ORD100226,CUST00884,2024-05-22,Home & Kitchen,Cushion Cover,West,Cash on Delivery,1,1981.56,0,1981.56
ORD101028,CUST01019,2024-03-24,Beauty,Lip Balm Set,West,Net Banking,1,1301.49,5,1236.42
ORD103669,CUST00904,2024-05-28,electronics,Power Bank,Central,Debit Card,3,2159.63,0,6478.89
ORD103903,CUST00525,2023-05-13,Electronics,Wireless Earbuds,West,Cash on Delivery,1,2207.18,0,2207.18
ORD106390,CUST00155,2024-11-17,Home & Kitchen,LED Lamp,East,UPI,1,490.16,0,490.16
ORD108505,CUST00841,2024-09-11,Home & Kitchen,LED Lamp,Central,UPI,1,1025.69,0,1025.69
ORD100555,CUST00091,2023-12-08,Fashion,Running Shoes,South,Credit Card,1,1256.29,0,1256.29
ORD102137,CUST00421,2023-03-04,Home & Kitchen,Water Bottle,South,UPI,3,1451.74,0,4355.22
ORD107523,CUST00221,2024-01-24,Home & Kitchen,Non-stick Pan,Central,UPI,1,1941.21,15,1650.03
ORD108926,CUST00299,2024-04-02,Sports,Cricket Bat,East,Net Banking,1,847.35,5,804.98
ORD103686,CUST00650,2023-12-24,Books,Cookbook,Central,UPI,1,466.94,0,466.94
ORD102879,CUST00923,2023-09-11,Fashion,Cotton T-Shirt,North,,2,1386.03,5,2633.46
ORD106813,CUST00917,2024-09-26,Fashion,Denim Jacket,North,,2,940.71,0,1881.42
ORD107853,CUST01086,2024-09-12,Electronics,Laptop Sleeve,North,Cash on Delivery,1,1682.35,0,1682.35
ORD100707,CUST00300,2024-10-01,Electronics,Smartwatch,Central,Debit Card,1,1868.6,0,1868.6
ORD108338,CUST00964,2024-01-24,Home & Kitchen,Non-stick Pan,East,UPI,1,1052.97,0,1052.97
ORD108780,CUST00365,2024-02-05,Sports,Resistance Bands,East,UPI,2,2292.8,0,4585.6
ORD107866,CUST00081,2024-04-22,Beauty,Hair Dryer,East,Credit Card,1,1352.37,0,1352.37
ORD103728,CUST00963,2023-11-21,Beauty,Face Serum,East,Credit Card,2,1395.93,5,2652.27
ORD104415,CUST00537,2024-09-08,Home & Kitchen,Non-stick Pan,South,Debit Card,1,1277.53,0,1277.53
ORD103658,CUST00622,2024-10-04,Electronics,Smartwatch,West,UPI,1,3788.05,15,3219.84
ORD100291,CUST00900,2024-10-20,Sports,Yoga Mat,North,Credit Card,1,2058.72,0,2058.72
ORD107022,CUST00018,2024-09-07,Beauty,Sunscreen SPF50,East,UPI,3,382.45,0,1147.35
ORD101171,CUST01128,2023-12-09,Fashion,Sunglasses,North,Credit Card,1,655.56,10,590.0
ORD103276,CUST00976,2024-05-15,Fashion,Leather Wallet,East,,1,694.94,20,555.95
ORD105551,CUST00884,2024-12-07,Electronics,Laptop Sleeve,East,UPI,3,956.72,20,2296.13
ORD102776,CUST00111,2023-03-13,Home & Kitchen,Storage Organizer,West,Credit Card,2,1885.36,10,3393.65
ORD108868,CUST00568,2023-05-15,Beauty,Lip Balm Set,North,Debit Card,1,1344.84,10,1210.36
ORD108904,CUST00580,2024-02-11,Home & Kitchen,Non-stick Pan,,Credit Card,2,1520.3,15,2584.51
ORD105506,CUST00838,2024-02-22,Electronics,Bluetooth Speaker,East,Debit Card,1,2299.53,0,2299.53
ORD102676,CUST00638,2023-06-22,Fashion,Running Shoes,South,Credit Card,2,2245.16,0,4490.32
ORD108332,CUST00414,2024-12-19,Beauty,Sunscreen SPF50,Central,UPI,1,687.4,0,687.4
ORD107148,CUST01108,2024-07-06,Sports,Cycling Gloves,North,Credit Card,1,2657.17,10,2391.45
ORD104422,CUST01100,2023-04-24,Fashion,Cotton T-Shirt,East,Debit Card,2,1741.16,10,3134.09
ORD106051,CUST00360,2024-10-14,Electronics,Power Bank,Central,Debit Card,1,4419.23,5,4198.27
ORD100476,CUST00009,2023-07-31,Electronics,Bluetooth Speaker,South,Cash on Delivery,1,1338.83,5,1271.89
ORD106566,CUST00625,2024-07-07,Electronics,Power Bank,South,UPI,2,3922.85,0,7845.7
ORD108183,CUST00308,2023-02-12,Sports,Dumbbell Set,East,UPI,1,1607.84,0,1607.84
ORD108372,CUST00478,2024-08-28,Electronics,Smartwatch,Central,Credit Card,1,3924.94,20,3139.95
ORD102512,CUST01160,2024-04-29,Home & Kitchen,Non-stick Pan,Central,UPI,2,568.4,0,1136.8
ORD102065,CUST00165,2024-01-20,Home & Kitchen,Non-stick Pan,East,Credit Card,1,762.09,20,609.67
ORD100103,CUST01016,2024-02-16,Beauty,Perfume,West,UPI,1,1428.57,0,1428.57
ORD106793,CUST00855,2024-07-03,Books,Kids Storybook,Central,UPI,1,748.2,5,710.79
ORD108277,CUST01012,2024-10-20,Home & Kitchen,Storage Organizer,East,Net Banking,1,723.85,20,579.08
ORD104631,CUST00948,2024-04-01,Home & Kitchen,Non-stick Pan,South,UPI,2,1623.28,0,3246.56
ORD106497,CUST01099,2023-12-26,Books,Fiction Novel,East,UPI,2,694.9,0,1389.8
ORD104634,CUST00160,2023-12-20,Fashion,Sunglasses,North,UPI,1,1913.36,10,1722.02
ORD100523,CUST01098,2024-05-24,Home & Kitchen,Non-stick Pan,South,Credit Card,1,1900.03,5,1805.03
ORD105088,CUST00882,2023-12-16,Home & Kitchen,LED Lamp,Central,UPI,1,1886.6,0,1886.6
ORD105926,CUST00669,2024-01-08,Fashion,Sunglasses,West,Debit Card,2,412.67,0,825.34
ORD105702,CUST00048,2023-01-26,Electronics,Power Bank,North,Debit Card,1,3782.31,0,3782.31
ORD104826,CUST00221,2023-08-11,Home & Kitchen,Water Bottle,South,Credit Card,2,1474.71,0,2949.42
ORD100066,CUST00051,2024-07-07,Fashion,Sunglasses,East,UPI,2,1214.75,0,2429.5
ORD106522,CUST00904,2024-05-28,Home & Kitchen,Water Bottle,South,Net Banking,1,720.0,5,684.0
ORD107688,CUST01126,2024-11-21,Electronics,Laptop Sleeve,North,Credit Card,1,1685.78,30,1180.05
ORD106829,CUST00337,2024-03-01,Electronics,Bluetooth Speaker,West,Debit Card,1,1840.63,20,1472.5
ORD104335,CUST00514,2024-03-22,Electronics,Wireless Earbuds,North,Debit Card,1,4416.15,0,4416.15
ORD103899,CUST01107,2024-07-18,Fashion,Sunglasses,West,UPI,1,1395.73,0,1395.73
ORD101939,CUST00874,2023-05-13,Electronics,Smartwatch,West,Net Banking,3,3094.85,0,9284.55
ORD102666,CUST01128,2024-04-15,Home & Kitchen,LED Lamp,North,UPI,3,411.22,0,1233.66
ORD101396,CUST00827,2024-01-31,Fashion,Leather Wallet,Central,Debit Card,2,2250.9,5,4276.71
ORD102868,CUST00613,2023-12-14,Electronics,Laptop Sleeve,East,Debit Card,1,1420.06,5,1349.06
ORD100751,CUST01057,2024-04-25,home & kitchen,LED Lamp,West,Debit Card,1,1078.08,0,1078.08
ORD107503,CUST00358,2023-12-06,Sports,Cycling Gloves,Central,UPI,1,2775.07,15,2358.81
ORD107747,CUST00071,2024-07-31,beauty,Hair Dryer,West,Debit Card,1,680.97,15,578.82
ORD104584,CUST00749,2024-06-17,Electronics,Power Bank,West,Credit Card,1,1111.29,0,1111.29
ORD104065,CUST01100,2023-04-30,Beauty,Face Serum,South,Credit Card,1,580.96,0,580.96
ORD106032,CUST00310,2024-03-10,Electronics,Power Bank,East,Debit Card,1,4224.67,15,3590.97
ORD105112,CUST00089,2024-07-04,Home & Kitchen,Storage Organizer,West,Net Banking,1,216.57,0,216.57
ORD102106,CUST00336,2024-03-18,Beauty,Hair Dryer,Central,Cash on Delivery,2,564.96,15,960.43
ORD107303,CUST00360,2024-10-06,Fashion,Running Shoes,Central,Net Banking,1,2067.71,0,2067.71
ORD106939,CUST00878,2024-02-13,Sports,Dumbbell Set,Central,Cash on Delivery,1,2307.85,0,2307.85
ORD108817,CUST00378,2023-11-23,Fashion,Running Shoes,East,Credit Card,1,1536.2,0,1536.2
ORD102003,CUST00104,2024-11-06,Fashion,Cotton T-Shirt,Central,Debit Card,1,805.71,20,644.57
ORD107087,CUST00077,2023-08-20,Books,Kids Storybook,Central,Credit Card,2,750.09,0,1500.18
ORD103555,CUST00972,2023-12-15,Electronics,Smartwatch,Central,Debit Card,2,3455.63,5,6565.7
ORD100702,CUST01153,2024-05-25,Fashion,Denim Jacket,North,UPI,1,1214.09,0,1214.09
ORD108050,CUST00166,2024-01-21,Electronics,Laptop Sleeve,East,Cash on Delivery,1,4247.6,0,4247.6
ORD105820,CUST01015,2024-04-28,Sports,Resistance Bands,Central,,1,600.44,0,600.44
ORD100010,CUST01187,2023-12-24,Electronics,Bluetooth Speaker,Central,Credit Card,1,3368.36,0,3368.36
ORD106265,CUST00779,2024-07-24,Beauty,Hair Dryer,North,Debit Card,3,492.49,0,1477.47
ORD102200,CUST01001,2024-09-16,Electronics,Wireless Earbuds,North,Credit Card,1,2067.85,0,2067.85
ORD102097,CUST00731,2023-04-29,Electronics,Bluetooth Speaker,East,UPI,1,2163.56,10,1947.2
ORD105074,CUST00128,2024-12-02,Electronics,Wireless Earbuds,South,Debit Card,2,1039.46,5,1974.97
ORD102272,CUST00155,2024-10-15,Fashion,Sunglasses,East,,1,2163.98,20,1731.18
ORD100774,CUST00404,2024-10-04,Fashion,Sunglasses,East,Net Banking,1,2073.23,0,2073.23
ORD100759,CUST00801,2024-11-24,Electronics,Wireless Earbuds,East,Cash on Delivery,3,2807.43,15,7158.95
ORD105707,CUST00801,2024-11-26,Sports,Cricket Bat,North,Debit Card,1,2793.14,5,2653.48
ORD107187,CUST00541,2024-02-10,Home & Kitchen,Storage Organizer,East,UPI,1,1127.79,20,902.23
ORD106831,CUST00855,2024-06-27,Sports,Resistance Bands,North,Credit Card,4,2881.05,0,11524.2
ORD107818,CUST00446,2024-03-28,Electronics,Bluetooth Speaker,Central,Cash on Delivery,2,974.26,0,1948.52
ORD104206,CUST01092,2024-03-08,Fashion,Sunglasses,West,Cash on Delivery,1,1042.85,0,1042.85
ORD101606,CUST01117,2024-11-07,Electronics,Laptop Sleeve,North,,1,1228.48,0,1228.48
ORD104947,CUST00866,2024-02-16,Beauty,Face Serum,Central,Debit Card,1,425.17,0,425.17
ORD100490,CUST00382,2024-06-18,Sports,Yoga Mat,Central,Credit Card,1,2693.77,10,2424.39
ORD101190,CUST00345,2023-11-17,Electronics,Power Bank,Central,UPI,2,1364.82,0,2729.64
ORD104002,CUST00554,2023-12-16,Electronics,Bluetooth Speaker,South,Debit Card,1,3311.61,20,2649.29
ORD101089,CUST00161,2024-10-16,Fashion,Denim Jacket,Central,Debit Card,3,1561.89,10,4217.1
ORD104242,CUST00742,2023-10-01,Sports,Resistance Bands,West,UPI,4,1188.68,10,4279.25
ORD101479,CUST00225,2024-12-13,Beauty,Hair Dryer,South,Debit Card,1,1180.51,5,1121.48
ORD105895,CUST00793,2024-12-04,Home & Kitchen,Cushion Cover,Central,UPI,1,233.71,0,233.71
ORD103201,CUST00865,2023-11-29,Electronics,Smartwatch,Central,Credit Card,1,3944.86,0,3944.86
ORD106002,CUST00965,2024-11-05,Electronics,Smartwatch,East,Credit Card,1,3110.17,5,2954.66
ORD108521,CUST00128,2024-07-11,Electronics,Power Bank,South,UPI,1,3933.67,10,3540.3
ORD105394,CUST01055,2024-12-17,Fashion,Running Shoes,East,UPI,1,301.6,0,301.6
ORD102072,CUST01186,2024-03-12,Electronics,Power Bank,Central,Debit Card,1,2200.45,0,2200.45
ORD107453,CUST00959,2023-02-02,Fashion,Running Shoes,Central,UPI,2,2187.16,10,3936.89
ORD100071,CUST00580,2023-11-17,Fashion,Leather Wallet,West,Credit Card,1,887.96,0,887.96
ORD107650,CUST00049,2024-08-04,Beauty,Perfume,West,UPI,2,272.68,0,545.36
ORD105238,CUST00346,2023-11-01,Sports,Yoga Mat,West,Net Banking,2,968.38,0,1936.76
ORD101852,CUST00657,2024-05-16,Electronics,Bluetooth Speaker,West,Net Banking,3,3638.58,10,9824.17
ORD102727,CUST00174,2024-08-14,Sports,Resistance Bands,East,UPI,1,1472.05,10,1324.84
ORD108963,CUST00161,2024-10-02,Fashion,Leather Wallet,Central,UPI,2,1497.85,10,2696.13
ORD106751,CUST00649,2024-11-12,Electronics,Wireless Earbuds,Central,UPI,1,3952.79,0,3952.79
ORD104280,CUST00336,2023-02-07,Books,Business Biography,,UPI,1,721.24,0,721.24
ORD103848,CUST00276,2024-09-20,Sports,Resistance Bands,Central,Cash on Delivery,2,914.2,5,1736.98
ORD100824,CUST01116,2024-03-12,Sports,Cricket Bat,North,Debit Card,1,2528.22,0,2528.22
ORD100386,CUST00324,2023-11-09,fashion,Denim Jacket,South,Debit Card,2,314.95,5,598.4
ORD105815,CUST00795,2024-11-29,Fashion,Sunglasses,East,Debit Card,4,1826.36,0,7305.44
ORD100347,CUST00083,2023-11-08,Sports,Dumbbell Set,South,UPI,1,786.14,10,707.53
ORD103672,CUST00118,2024-09-11,Electronics,Laptop Sleeve,East,UPI,2,3656.83,15,6216.61
ORD102807,CUST00083,2024-07-25,Fashion,Running Shoes,East,Credit Card,1,1009.9,0,1009.9
ORD106386,CUST00412,2023-09-30,Home & Kitchen,Cushion Cover,Central,Credit Card,2,1777.56,5,3377.36
ORD107590,CUST00918,2023-08-17,Books,Kids Storybook,West,UPI,1,292.98,15,249.03
ORD100468,CUST00199,2024-09-08,Fashion,Running Shoes,East,Credit Card,2,2065.0,5,3923.5
ORD101418,CUST00303,2024-04-18,Electronics,Laptop Sleeve,East,Cash on Delivery,1,3539.72,15,3008.76
ORD107052,CUST01107,2023-09-11,Home & Kitchen,LED Lamp,Central,Net Banking,2,1825.32,0,3650.64
ORD104632,CUST00736,2024-06-07,Fashion,Denim Jacket,West,Debit Card,1,777.37,15,660.76
ORD104845,CUST00333,2024-01-17,Electronics,Bluetooth Speaker,,Credit Card,1,4434.39,5,4212.67
ORD100341,CUST00128,2024-03-13,Home & Kitchen,Water Bottle,Central,UPI,1,303.16,10,272.84
ORD101299,CUST00212,2023-10-11,Sports,Resistance Bands,West,Credit Card,2,1737.83,20,2780.53
ORD107988,CUST00046,2024-06-26,Beauty,Lip Balm Set,East,Debit Card,2,201.12,0,402.24
ORD102227,CUST01116,2023-08-09,Home & Kitchen,Storage Organizer,East,UPI,1,909.69,0,909.69
ORD101619,CUST00380,2024-02-19,Electronics,Smartwatch,South,Credit Card,1,2411.48,5,2290.91
ORD105082,CUST00455,2023-08-31,Home & Kitchen,Non-stick Pan,West,Credit Card,2,878.09,0,1756.18
ORD107352,CUST00963,2023-12-24,Fashion,Denim Jacket,East,Net Banking,1,712.05,10,640.84
ORD102490,CUST01073,2023-10-11,Sports,Cricket Bat,South,UPI,1,1648.15,0,1648.15
ORD106911,CUST00554,2023-06-13,Home & Kitchen,Cushion Cover,Central,Credit Card,1,713.14,0,713.14
ORD103175,CUST00759,2024-08-24,Electronics,Laptop Sleeve,South,Credit Card,2,2790.57,0,5581.14
ORD106109,CUST00496,2024-04-29,electronics,Smartwatch,North,Debit Card,1,1234.39,5,1172.67
ORD108987,CUST00071,2024-07-21,Electronics,Bluetooth Speaker,East,Cash on Delivery,2,2364.31,0,4728.62
ORD101927,CUST00343,2024-02-12,Electronics,Laptop Sleeve,South,Credit Card,1,4378.1,15,3721.38
ORD106879,CUST00587,2024-09-19,Sports,Yoga Mat,Central,Cash on Delivery,1,406.16,0,406.16
ORD100719,CUST00859,2024-02-15,Beauty,Perfume,Central,Cash on Delivery,1,745.72,0,745.72
ORD102833,CUST00775,2023-06-05,Home & Kitchen,LED Lamp,West,Cash on Delivery,1,829.25,0,829.25
ORD105179,CUST00196,2024-04-07,Fashion,Leather Wallet,North,Credit Card,2,1137.53,10,2047.55
ORD106487,CUST00894,2023-12-14,Books,Self-Help Book,East,Credit Card,1,746.59,0,746.59
ORD104012,CUST01134,2024-12-18,Sports,Yoga Mat,North,Debit Card,3,938.94,0,-2816.82
ORD103180,CUST00521,2023-08-13,Electronics,Smartwatch,South,UPI,1,1357.72,10,1221.95
ORD106602,CUST01008,2023-06-30,Home & Kitchen,Storage Organizer,North,UPI,1,642.07,0,642.07
ORD101653,CUST00089,2024-08-26,Electronics,Wireless Earbuds,South,UPI,1,2405.72,20,1924.58
ORD100749,CUST00950,2023-08-19,Fashion,Leather Wallet,North,Debit Card,3,2432.59,0,7297.77
ORD100688,CUST00203,2023-06-21,Fashion,Denim Jacket,Central,Credit Card,1,1203.11,0,1203.11
ORD107750,CUST01076,2023-12-02,Home & Kitchen,Non-stick Pan,East,Cash on Delivery,2,1346.92,0,2693.84
ORD102861,CUST00001,2023-07-17,Sports,Dumbbell Set,Central,UPI,1,1400.65,0,1400.65
ORD106714,CUST00929,2024-08-01,Home & Kitchen,Water Bottle,Central,UPI,1,821.29,0,821.29
ORD103372,CUST00985,2023-12-08,Electronics,Laptop Sleeve,Central,Cash on Delivery,1,2683.86,20,2147.09
ORD103096,CUST00590,2024-10-17,Beauty,Lip Balm Set,Central,UPI,2,1052.5,0,2105.0
ORD101558,CUST01096,2024-07-30,Fashion,Sunglasses,North,UPI,1,1613.62,10,1452.26
ORD101081,CUST00904,2024-07-13,Beauty,Lip Balm Set,Central,Debit Card,1,496.7,10,447.03
ORD105016,CUST01186,2024-02-25,Fashion,Cotton T-Shirt,South,UPI,1,759.89,20,607.91
ORD103471,CUST00983,2024-10-07,Fashion,Denim Jacket,West,Credit Card,2,1353.23,15,2300.49
ORD108650,CUST00895,2024-08-13,Electronics,Laptop Sleeve,South,Credit Card,1,1510.49,10,1359.44
ORD101853,CUST01039,2024-08-22,Sports,Yoga Mat,North,Debit Card,3,2778.06,0,8334.18
ORD104957,CUST00765,2024-07-11,Sports,Yoga Mat,North,Credit Card,1,2343.31,20,1874.65
ORD105310,CUST00308,2023-02-27,Home & Kitchen,Cushion Cover,North,UPI,2,1409.07,0,2818.14
ORD104944,CUST01067,2023-06-17,Beauty,Hair Dryer,East,Debit Card,2,277.9,0,555.8
ORD108058,CUST00667,2023-06-07,Electronics,Power Bank,South,Cash on Delivery,1,1761.15,20,1408.92
ORD104271,CUST01155,2023-02-08,Fashion,Cotton T-Shirt,Central,UPI,1,1409.02,10,1268.12
ORD108625,CUST00804,2023-11-11,Electronics,Smartwatch,North,Net Banking,1,3734.48,0,3734.48
ORD108530,CUST01147,2024-12-16,Sports,Yoga Mat,East,Cash on Delivery,1,2091.54,15,1777.81
ORD105612,CUST00172,2024-12-23,Fashion,Running Shoes,East,Credit Card,1,1116.41,20,893.13
ORD108518,CUST01007,2024-10-24,Electronics,Laptop Sleeve,,Cash on Delivery,3,4474.69,5,12752.87
ORD107543,CUST01146,2023-04-23,Fashion,Denim Jacket,Central,Credit Card,4,570.63,10,2054.27
ORD108601,CUST01065,2023-12-03,Fashion,Leather Wallet,Central,Credit Card,1,2041.49,0,2041.49
ORD108927,CUST00970,2023-09-04,Fashion,Sunglasses,East,UPI,1,1954.46,30,1368.12
ORD105122,CUST00109,2023-10-13,Fashion,Cotton T-Shirt,South,Net Banking,1,1648.99,0,1648.99
ORD102659,CUST00048,2024-03-24,Electronics,Power Bank,West,UPI,1,1041.47,5,989.4
ORD108944,CUST00343,2023-05-15,Electronics,Laptop Sleeve,North,Net Banking,1,3801.65,0,3801.65
ORD105390,CUST00445,2024-10-18,fashion,Leather Wallet,North,UPI,3,1681.97,10,4541.32
ORD102189,CUST00021,2024-04-28,Books,Kids Storybook,South,Cash on Delivery,2,639.21,10,1150.58
ORD103989,CUST01173,2023-12-03,Beauty,Perfume,West,Credit Card,2,816.27,0,1632.54
ORD101531,CUST00361,2023-09-21,Fashion,Sunglasses,South,Credit Card,1,1493.62,5,1418.94
ORD108855,CUST00071,2024-10-19,Electronics,Bluetooth Speaker,East,Net Banking,1,4015.0,0,4015.0
ORD102660,CUST00290,2024-11-29,Home & Kitchen,Non-stick Pan,West,Debit Card,2,1687.7,0,3375.4
ORD105483,CUST00957,2024-12-19,Fashion,Cotton T-Shirt,West,UPI,1,1075.72,0,1075.72
ORD100338,CUST01041,2024-06-06,Beauty,Hair Dryer,Central,UPI,1,1068.52,15,908.24
ORD102347,CUST00970,2024-01-01,Sports,Cycling Gloves,North,Credit Card,1,1326.32,0,1326.32
ORD106414,CUST00554,2023-07-30,Electronics,Laptop Sleeve,Central,Net Banking,2,1428.95,20,2286.32
ORD101251,CUST00900,2024-03-26,Electronics,Wireless Earbuds,West,Debit Card,1,2715.3,30,1900.71
ORD101892,CUST00747,2023-11-20,fashion,Running Shoes,West,Net Banking,1,1659.67,20,1327.74
ORD104052,CUST01070,2024-05-19,Home & Kitchen,LED Lamp,North,Cash on Delivery,1,1506.6,0,1506.6
ORD103670,CUST00459,2024-06-12,Electronics,Power Bank,South,Cash on Delivery,1,2391.1,10,2151.99
ORD100568,CUST00569,2024-02-21,Fashion,Cotton T-Shirt,North,Net Banking,1,2153.58,0,2153.58
ORD103453,CUST00731,2023-05-16,Fashion,Denim Jacket,South,UPI,2,959.9,0,1919.8
ORD107264,CUST00983,2024-09-16,Home & Kitchen,Non-stick Pan,South,Credit Card,2,1337.76,0,2675.52
ORD100436,CUST00731,2023-06-22,Electronics,Power Bank,South,Debit Card,2,861.68,0,1723.36
ORD101559,CUST00744,2024-04-09,Electronics,Smartwatch,North,Debit Card,1,2617.21,0,2617.21
ORD107115,CUST00557,2024-03-20,Sports,Resistance Bands,Central,Debit Card,1,571.81,5,543.22
ORD100655,CUST00511,2024-11-13,Electronics,Bluetooth Speaker,Central,Cash on Delivery,2,802.92,0,1605.84
ORD100554,CUST00084,2024-03-12,Fashion,Sunglasses,Central,UPI,1,992.89,0,992.89
ORD104876,CUST01055,2024-12-21,Home & Kitchen,Water Bottle,South,Debit Card,3,1244.72,20,2987.33
ORD102661,CUST00564,2024-09-10,Fashion,Leather Wallet,South,Credit Card,2,1899.33,5,3608.73
ORD102042,CUST00360,2024-11-22,Home & Kitchen,Water Bottle,North,Cash on Delivery,1,314.59,0,314.59
ORD105293,CUST00646,2023-08-09,electronics,Wireless Earbuds,West,Credit Card,1,2097.14,0,2097.14
ORD106629,CUST00731,2023-08-01,Fashion,Denim Jacket,West,UPI,1,1884.77,0,1884.77
ORD107325,CUST00772,2023-08-01,Books,Business Biography,Central,Credit Card,1,401.97,0,401.97
ORD107418,CUST00118,2024-08-07,Books,Fiction Novel,South,Cash on Delivery,1,578.09,15,491.38
ORD106083,CUST00247,2024-08-01,Fashion,Running Shoes,North,Net Banking,2,1464.78,20,2343.65
ORD104941,CUST01099,2023-08-26,Fashion,Cotton T-Shirt,South,UPI,1,2269.48,10,2042.53
ORD100602,CUST01153,2024-06-19,Electronics,Smartwatch,North,Cash on Delivery,1,4037.53,0,4037.53
ORD100611,CUST00745,2023-04-30,Electronics,Laptop Sleeve,Central,UPI,2,1423.23,30,1992.52
ORD107114,CUST00745,2023-05-03,Books,Self-Help Book,South,UPI,2,495.23,0,990.46
ORD102357,CUST00293,2024-03-02,Electronics,Bluetooth Speaker,Central,Credit Card,1,3818.28,0,3818.28
ORD104204,CUST00342,2024-10-06,Fashion,Sunglasses,Central,Credit Card,1,777.12,5,738.26
ORD104326,CUST01069,2023-12-26,Electronics,Power Bank,West,Debit Card,2,1065.74,0,2131.48
ORD104039,CUST00679,2024-12-01,Electronics,Power Bank,West,Debit Card,1,3263.18,10,2936.86
ORD102471,CUST00324,2023-12-13,Fashion,Running Shoes,Central,Credit Card,1,640.15,0,640.15
ORD101733,CUST00984,2024-01-29,Sports,Cycling Gloves,East,Net Banking,2,1579.64,0,3159.28
ORD108365,CUST00904,2024-07-08,Beauty,Perfume,West,Credit Card,2,1357.88,0,2715.76
ORD106638,CUST00486,2024-12-20,Home & Kitchen,Water Bottle,South,Net Banking,1,1954.93,5,1857.18
ORD105398,CUST00757,2024-06-15,Beauty,Hair Dryer,Central,Credit Card,3,694.94,5,1980.58
ORD104924,CUST00457,2024-05-12,Fashion,Cotton T-Shirt,North,UPI,1,1982.71,15,1685.3
ORD100151,CUST00894,2023-11-02,Electronics,Laptop Sleeve,East,Net Banking,1,1760.43,15,1496.37
ORD107908,CUST01006,2024-10-25,Sports,Resistance Bands,South,Cash on Delivery,1,1687.39,15,1434.28
ORD104933,CUST00147,2024-04-10,Sports,Dumbbell Set,Central,Credit Card,1,2721.79,10,2449.61
ORD106735,CUST00106,2024-01-12,Fashion,Leather Wallet,West,UPI,1,2458.57,10,2212.71
ORD107132,CUST01128,2024-08-19,Fashion,Sunglasses,North,UPI,1,902.63,0,902.63
ORD104265,CUST00161,2024-11-19,Sports,Resistance Bands,South,Cash on Delivery,1,2057.39,5,1954.52
ORD105961,CUST00904,2024-06-12,Beauty,Hair Dryer,North,Debit Card,1,364.14,0,364.14
ORD102073,CUST00580,2023-03-26,Home & Kitchen,Cushion Cover,North,Net Banking,2,1276.12,5,2424.63
ORD100782,CUST00069,2023-09-17,Electronics,Smartwatch,Central,UPI,1,4291.19,5,4076.63
ORD104493,CUST00904,2024-05-27,Electronics,Power Bank,East,Credit Card,1,4464.98,10,4018.48
ORD103053,CUST01140,2024-04-18,Home & Kitchen,Water Bottle,South,Credit Card,1,615.04,5,584.29
ORD100166,CUST01004,2024-09-30,Fashion,Sunglasses,Central,Credit Card,2,2445.75,15,4157.77
ORD103789,CUST00467,2023-04-22,Home & Kitchen,Water Bottle,Central,Debit Card,1,1617.89,0,1617.89
ORD107558,CUST01074,2023-09-26,Home & Kitchen,Non-stick Pan,East,UPI,1,1688.25,5,1603.84
ORD103458,CUST00557,2024-02-15,Books,Kids Storybook,Central,Credit Card,1,780.09,10,702.08
ORD108300,CUST00902,2023-10-18,Fashion,Cotton T-Shirt,West,UPI,2,2248.78,0,4497.56
ORD106105,CUST00006,2024-12-28,Electronics,Bluetooth Speaker,Central,Cash on Delivery,1,3866.46,15,3286.49
ORD105321,CUST00541,2023-05-09,Books,Business Biography,Central,Net Banking,1,225.9,0,225.9
ORD105892,CUST00361,2023-12-16,Home & Kitchen,Storage Organizer,Central,UPI,1,392.02,5,372.42
ORD107067,CUST00939,2023-08-22,Electronics,Power Bank,South,UPI,1,3323.68,5,3157.5
ORD105738,CUST01077,2024-09-21,Electronics,Power Bank,East,Credit Card,2,3586.59,5,6814.52
ORD100142,CUST00952,2023-12-14,Books,Cookbook,East,UPI,1,177.84,0,177.84
ORD105336,CUST00685,2023-07-28,Fashion,Leather Wallet,North,Cash on Delivery,3,1319.62,10,3562.97
ORD101986,CUST01140,2024-05-26,Fashion,Running Shoes,South,UPI,2,377.92,5,718.05
ORD107176,CUST00476,2024-01-31,Beauty,Face Serum,Central,Debit Card,1,472.83,15,401.91
ORD107953,CUST01169,2023-11-28,Books,Self-Help Book,East,Debit Card,1,343.54,0,343.54
ORD108341,CUST00128,2024-06-23,Books,Business Biography,South,Credit Card,2,541.73,5,1029.29
ORD104059,CUST00305,2024-09-17,Electronics,Power Bank,East,Cash on Delivery,1,1562.55,0,1562.55
ORD103443,CUST00795,2024-11-27,Beauty,Face Serum,Central,UPI,3,1238.07,0,3714.21
ORD103981,CUST01054,2024-05-09,Electronics,Wireless Earbuds,West,UPI,4,3225.69,0,12902.76
ORD102693,CUST00030,2023-08-08,Electronics,Laptop Sleeve,Central,Debit Card,3,4139.31,15,10555.24
ORD104333,CUST00904,2024-06-16,Fashion,Denim Jacket,East,Credit Card,1,1036.35,15,880.9
ORD100989,CUST00749,2024-06-19,Home & Kitchen,Water Bottle,Central,Debit Card,1,1144.44,10,1030.0
ORD103422,CUST00579,2023-04-16,Electronics,Bluetooth Speaker,East,UPI,1,1527.22,30,1069.05
ORD108440,CUST00198,2023-05-08,Sports,Yoga Mat,South,Credit Card,1,2147.24,0,2147.24
ORD101758,CUST00551,2024-11-14,Electronics,Smartwatch,South,UPI,1,2999.84,0,2999.84
ORD102369,CUST01163,2024-09-08,Fashion,Denim Jacket,Central,Debit Card,1,1247.47,0,1247.47
ORD101021,CUST00074,2024-03-03,Electronics,Wireless Earbuds,West,UPI,1,3761.33,5,3573.26
ORD108255,CUST00863,2023-04-17,Books,Business Biography,West,Debit Card,2,655.83,0,1311.66
ORD100866,CUST00565,2023-11-10,Home & Kitchen,Water Bottle,East,Debit Card,1,330.09,5,313.59
ORD103020,CUST00580,2023-03-30,Fashion,Denim Jacket,North,Debit Card,1,1866.35,5,1773.03
ORD108636,CUST00702,2024-01-26,Electronics,Smartwatch,North,Net Banking,1,3972.1,0,3972.1
ORD108559,CUST00962,2024-09-28,Electronics,Power Bank,North,Credit Card,2,2443.6,0,4887.2
ORD106219,CUST00030,2024-10-24,Home & Kitchen,Water Bottle,East,UPI,1,942.04,10,847.84
ORD105415,CUST00147,2024-04-19,Beauty,Perfume,Central,Cash on Delivery,1,826.79,20,661.43
ORD106381,CUST01176,2024-03-06,Sports,Yoga Mat,Central,UPI,1,2824.09,20,2259.27
ORD101697,CUST00189,2024-12-13,Fashion,Leather Wallet,Central,Cash on Delivery,1,2036.64,5,1934.81
ORD106338,CUST00432,2024-11-15,Sports,Cricket Bat,South,Credit Card,1,1104.57,0,1104.57
ORD100327,CUST00612,2024-07-29,Home & Kitchen,Cushion Cover,Central,Debit Card,2,1777.9,0,3555.8
ORD107736,CUST00078,2024-03-16,Electronics,Wireless Earbuds,West,Debit Card,1,1787.33,15,1519.23
ORD105896,CUST00847,2024-02-05,Electronics,Bluetooth Speaker,West,Credit Card,2,2403.71,0,4807.42
ORD105678,CUST00034,2023-05-05,Sports,Dumbbell Set,West,UPI,1,1165.66,10,1049.09
ORD100803,CUST01089,2023-02-20,Beauty,Face Serum,East,Net Banking,1,958.16,10,862.34
ORD107894,CUST00945,2024-04-23,Beauty,Hair Dryer,Central,Debit Card,1,213.16,0,213.16
ORD107013,CUST00557,2024-05-12,Electronics,Smartwatch,Central,Debit Card,1,3327.59,0,3327.59
ORD105322,CUST00797,2023-08-20,Home & Kitchen,Non-stick Pan,North,Credit Card,1,254.31,0,254.31
ORD105299,CUST00161,2024-10-06,Electronics,Bluetooth Speaker,East,UPI,1,3288.89,0,3288.89
ORD101804,CUST00128,2024-02-07,Sports,Cricket Bat,North,UPI,4,1205.84,0,4823.36
ORD102903,CUST00384,2023-09-18,Fashion,Running Shoes,South,UPI,2,2388.63,10,4299.53
ORD107239,CUST00063,2024-06-02,Electronics,Laptop Sleeve,West,UPI,3,1879.93,15,4793.82
ORD106909,CUST00013,2024-07-06,Electronics,Smartwatch,East,UPI,1,2206.78,10,1986.1
ORD106686,CUST00025,2024-06-28,Home & Kitchen,LED Lamp,West,Credit Card,1,417.37,10,375.63
ORD104161,CUST00381,2024-10-17,Home & Kitchen,LED Lamp,South,Credit Card,2,1553.98,20,2486.37
ORD106203,CUST00888,2024-09-28,Electronics,Smartwatch,Central,Cash on Delivery,1,2663.6,0,2663.6
ORD106782,CUST00823,2024-02-12,Home & Kitchen,Cushion Cover,East,UPI,1,1675.64,15,1424.29
ORD100401,CUST00722,2024-07-31,Fashion,Sunglasses,Central,Net Banking,1,593.78,15,504.71
ORD105983,CUST01179,2024-08-14,Home & Kitchen,LED Lamp,East,Debit Card,1,1747.54,5,1660.16
ORD103413,CUST00308,2023-03-31,Fashion,Sunglasses,South,UPI,2,2375.92,0,4751.84
ORD101346,CUST00245,2024-03-14,Beauty,Hair Dryer,North,Credit Card,2,354.31,0,708.62
ORD102391,CUST00245,2024-04-15,Electronics,Laptop Sleeve,East,,1,3944.67,10,3550.2
ORD101267,CUST00002,2024-03-15,Electronics,Smartwatch,North,Debit Card,1,1216.45,0,1216.45
ORD104901,CUST00071,2024-07-20,Electronics,Power Bank,West,UPI,1,1267.75,0,1267.75
ORD101443,CUST00128,2024-07-09,Sports,Dumbbell Set,North,Debit Card,1,1819.52,5,1728.54
ORD105055,CUST00988,2023-07-12,Home & Kitchen,Non-stick Pan,East,Cash on Delivery,1,482.43,10,434.19
ORD101392,CUST00882,2023-10-12,Fashion,Running Shoes,South,Net Banking,1,1894.94,0,1894.94
ORD100185,CUST00120,2024-11-28,Fashion,Leather Wallet,East,UPI,2,1135.45,0,2270.9
ORD106806,CUST00916,2023-12-16,home & kitchen,Storage Organizer,Central,UPI,2,1611.85,5,3062.52
ORD105847,CUST01012,2024-06-12,Home & Kitchen,LED Lamp,North,Debit Card,1,1707.95,30,1195.56
ORD102085,CUST00951,2024-08-11,Sports,Cricket Bat,Central,UPI,2,645.03,10,1161.05
ORD100096,CUST00068,2024-03-14,Beauty,Perfume,West,Cash on Delivery,1,560.32,0,560.32
ORD106754,CUST00030,2023-07-21,Electronics,Smartwatch,South,UPI,1,1635.39,15,1390.08
ORD102010,CUST00053,2024-02-18,Fashion,Sunglasses,North,Credit Card,2,473.48,20,757.57
ORD102119,CUST00132,2024-09-20,Electronics,Smartwatch,East,Cash on Delivery,1,2224.87,20,1779.9
ORD106540,CUST00931,2024-10-25,Electronics,Bluetooth Speaker,South,UPI,1,1667.88,5,1584.49
ORD107816,CUST00414,2024-10-06,Electronics,Laptop Sleeve,Central,Credit Card,2,2874.18,5,5460.94
ORD107907,CUST00369,2024-06-19,Fashion,Running Shoes,East,Debit Card,1,363.81,5,345.62
ORD104765,CUST01026,2024-11-18,Electronics,Smartwatch,West,Debit Card,2,3147.09,10,5664.76
ORD101752,CUST00282,2023-08-19,Sports,Dumbbell Set,West,UPI,2,1808.15,0,3616.3
ORD100469,CUST00284,2024-06-27,Beauty,Lip Balm Set,West,Debit Card,1,413.25,5,392.59
ORD106454,CUST00595,2024-07-03,Electronics,Wireless Earbuds,West,Net Banking,2,2396.35,20,3834.16
ORD108699,CUST00580,2023-07-31,Electronics,Smartwatch,North,Cash on Delivery,1,1986.0,0,1986.0
ORD101659,CUST00431,2023-07-18,Beauty,Perfume,East,Credit Card,1,606.42,15,515.46
ORD103762,CUST00789,2024-12-11,Sports,Dumbbell Set,South,Credit Card,1,2593.41,0,2593.41
ORD103238,CUST00634,2024-08-03,Electronics,Laptop Sleeve,West,UPI,1,3950.38,0,3950.38
ORD103825,CUST00270,2024-03-13,Books,Kids Storybook,East,Credit Card,1,789.18,0,789.18
ORD101476,CUST00631,2024-08-04,Home & Kitchen,Water Bottle,Central,Debit Card,1,643.47,10,579.12
ORD100260,CUST00006,2024-12-03,Home & Kitchen,Cushion Cover,South,UPI,1,991.74,0,991.74
ORD103158,CUST01074,2023-08-26,Fashion,Leather Wallet,South,UPI,2,1615.97,5,3070.34
ORD104025,CUST00418,2024-11-18,Electronics,Bluetooth Speaker,Central,UPI,1,1715.68,0,1715.68
ORD106703,CUST00008,2024-10-20,Sports,Resistance Bands,North,UPI,3,2270.13,0,6810.39
ORD108968,CUST01050,2024-10-13,Books,Business Biography,South,Credit Card,2,174.16,0,348.32
ORD101377,CUST00904,2024-08-04,Fashion,Cotton T-Shirt,East,Net Banking,2,388.44,0,776.88
ORD103041,CUST00571,2023-10-19,Fashion,Sunglasses,West,UPI,2,454.7,0,909.4
ORD105719,CUST00752,2024-10-01,Electronics,Smartwatch,North,Debit Card,1,847.38,0,847.38
ORD106763,CUST01083,2023-08-22,Electronics,Laptop Sleeve,Central,UPI,3,1683.58,0,5050.74
ORD101221,CUST00087,2023-09-06,Fashion,Sunglasses,South,UPI,1,912.66,0,912.66
ORD106531,CUST00374,2024-07-07,Beauty,Hair Dryer,North,UPI,1,241.15,5,229.09
ORD107638,CUST00668,2024-02-13,Beauty,Face Serum,North,UPI,1,1240.37,20,992.3
ORD100535,CUST00423,2024-09-28,Beauty,Sunscreen SPF50,West,UPI,1,885.86,20,708.69
ORD103888,CUST00471,2024-09-15,Electronics,Wireless Earbuds,North,Debit Card,1,2948.62,0,2948.62
ORD102212,CUST00536,2024-04-19,Fashion,Leather Wallet,West,Credit Card,1,661.55,10,595.4
ORD104057,CUST01177,2023-09-10,Electronics,Wireless Earbuds,West,Credit Card,1,2683.94,10,2415.55
ORD100943,CUST00401,2024-10-08,Home & Kitchen,Storage Organizer,South,Debit Card,1,1639.24,10,1475.32
ORD104502,CUST00434,2024-09-17,Fashion,Cotton T-Shirt,North,UPI,1,632.7,0,632.7
ORD100241,CUST00772,2024-02-21,Electronics,Wireless Earbuds,East,UPI,1,1965.2,0,1965.2
ORD105885,CUST00186,2024-11-23,Home & Kitchen,Cushion Cover,North,Cash on Delivery,1,389.34,0,389.34
ORD101926,CUST00002,2024-05-29,Electronics,Wireless Earbuds,Central,UPI,2,2131.12,0,4262.24
ORD102603,CUST00931,2024-03-20,books,Self-Help Book,South,UPI,3,708.65,0,2125.95
ORD100526,CUST00919,2023-12-24,Books,Self-Help Book,East,Net Banking,1,675.09,5,641.34
ORD103785,CUST00248,2023-12-05,Electronics,Laptop Sleeve,West,UPI,2,807.38,15,1372.55
ORD105748,CUST00724,2024-04-03,Electronics,Laptop Sleeve,East,UPI,1,4155.05,0,4155.05
ORD101159,CUST00078,2023-12-25,Electronics,Laptop Sleeve,East,UPI,1,1810.21,0,1810.21
ORD107534,CUST01116,2023-05-27,Fashion,Sunglasses,Central,Credit Card,2,1701.59,5,3233.02
ORD106495,CUST00780,2024-07-30,Books,Self-Help Book,North,Debit Card,4,761.14,5,2892.33
ORD102960,CUST00917,2024-08-12,Home & Kitchen,Non-stick Pan,Central,Credit Card,1,265.47,5,252.2
ORD102252,CUST00375,2023-05-22,Books,Business Biography,North,Credit Card,1,316.85,0,316.85
ORD102088,CUST00435,2024-10-13,Home & Kitchen,Cushion Cover,South,Credit Card,1,1627.84,0,1627.84
ORD106232,CUST01027,2024-05-23,Fashion,Leather Wallet,Central,Net Banking,2,2081.89,15,3539.21
ORD106227,CUST00326,2024-06-07,Electronics,Wireless Earbuds,Central,UPI,2,3975.92,15,6759.06
ORD104525,CUST01015,2023-03-09,Electronics,Wireless Earbuds,North,Debit Card,1,2831.13,15,2406.46
ORD104293,CUST00904,2024-06-20,Sports,Dumbbell Set,East,Debit Card,1,1578.0,5,1499.1
ORD106162,CUST00027,2023-08-15,Electronics,Bluetooth Speaker,West,Credit Card,1,4488.13,5,4263.72
ORD102325,CUST00626,2024-05-14,Fashion,Running Shoes,North,UPI,1,481.09,0,481.09
ORD107942,CUST00211,2024-10-19,Home & Kitchen,LED Lamp,North,Cash on Delivery,1,320.1,0,320.1
ORD108276,CUST00816,2024-04-05,Books,Business Biography,South,Cash on Delivery,1,418.86,15,356.03
ORD101478,CUST00564,2024-09-22,Home & Kitchen,Non-stick Pan,,Debit Card,1,712.21,0,712.21
ORD104434,CUST00575,2024-05-30,Beauty,Sunscreen SPF50,South,Credit Card,1,1425.01,5,1353.76
ORD106170,CUST00580,2023-06-01,Fashion,Leather Wallet,South,Credit Card,1,708.99,0,708.99
ORD103988,CUST00399,2023-12-14,Fashion,Denim Jacket,East,Credit Card,1,853.79,0,853.79
ORD106107,CUST00644,2023-07-02,Home & Kitchen,Storage Organizer,Central,UPI,1,1442.15,15,1225.83
ORD107910,CUST00046,2024-09-14,Sports,Cricket Bat,Central,Debit Card,1,2992.15,10,2692.94
ORD104349,CUST00034,2023-03-09,Home & Kitchen,Cushion Cover,North,Credit Card,1,971.72,20,777.38
ORD100320,CUST00120,2024-11-29,Fashion,Sunglasses,South,Debit Card,1,1053.7,0,1053.7
ORD106144,CUST01041,2024-06-01,Fashion,Sunglasses,,UPI,1,689.76,10,620.78
ORD107289,CUST00493,2023-08-23,Home & Kitchen,Water Bottle,South,Debit Card,3,273.18,15,696.61
ORD105042,CUST00645,2023-12-23,Fashion,Sunglasses,South,UPI,1,1655.29,0,1655.29
ORD104215,CUST01004,2024-10-11,Fashion,Sunglasses,North,Net Banking,1,1807.46,0,1807.46
ORD101084,CUST01147,2024-12-11,Home & Kitchen,Storage Organizer,Central,Net Banking,1,1812.85,0,1812.85
ORD103652,CUST00469,2024-01-17,Electronics,Laptop Sleeve,South,Cash on Delivery,1,4103.63,0,4103.63
ORD101191,CUST01142,2024-05-29,Books,Business Biography,West,UPI,2,335.12,10,603.22
ORD103827,CUST00764,2024-08-23,Fashion,Denim Jacket,West,UPI,1,1255.69,5,1192.91
ORD100620,CUST00114,2023-04-29,Home & Kitchen,LED Lamp,East,Credit Card,1,589.03,0,589.03
ORD102098,CUST00410,2023-08-04,Home & Kitchen,Cushion Cover,Central,Credit Card,1,1652.84,15,1404.91
ORD104846,CUST00251,2024-10-25,Fashion,Denim Jacket,South,Cash on Delivery,1,1134.18,5,1077.47
ORD106952,CUST01008,2024-03-28,Home & Kitchen,Water Bottle,East,Cash on Delivery,1,206.72,10,186.05
ORD102803,CUST00494,2024-09-01,Sports,Resistance Bands,East,Debit Card,3,542.24,10,1464.05
ORD108011,CUST00004,2024-03-14,Home & Kitchen,LED Lamp,East,Credit Card,2,405.07,20,648.11
ORD101864,CUST00199,2024-09-17,Beauty,Face Serum,West,Cash on Delivery,1,734.25,5,697.54
ORD106054,CUST00195,2024-09-09,Electronics,Wireless Earbuds,Central,UPI,1,1798.58,20,1438.86
ORD102295,CUST00423,2024-05-30,Fashion,Sunglasses,Central,Net Banking,1,2122.32,0,2122.32
ORD101959,CUST00775,2023-07-17,Home & Kitchen,LED Lamp,Central,Credit Card,1,873.39,10,786.05
ORD105873,CUST00247,2024-07-04,Books,Business Biography,Central,Credit Card,1,200.46,20,160.37
ORD108673,CUST00802,2023-11-01,Fashion,Denim Jacket,Central,Credit Card,2,2478.05,0,4956.1
ORD100577,CUST00128,2024-07-31,Electronics,Wireless Earbuds,West,Debit Card,1,2294.71,0,2294.71
ORD105763,CUST00892,2024-06-05,Fashion,Denim Jacket,Central,UPI,2,2084.27,20,3334.83
ORD101395,CUST00872,2024-08-27,Electronics,Laptop Sleeve,North,Debit Card,2,2627.51,5,4992.27
ORD106805,CUST00610,2024-04-05,Sports,Cricket Bat,South,Credit Card,2,423.53,0,847.06
ORD106279,CUST00423,2024-06-23,Sports,Cricket Bat,North,UPI,2,2487.13,0,4974.26
ORD102754,CUST01104,2024-10-20,Sports,Cycling Gloves,Central,UPI,1,1188.82,10,1069.94
ORD101805,CUST00985,2023-09-21,Beauty,Sunscreen SPF50,North,Cash on Delivery,2,259.45,0,518.9
ORD102854,CUST00923,2023-06-21,Home & Kitchen,LED Lamp,Central,Debit Card,1,396.03,15,336.63
ORD108433,CUST00834,2023-11-07,Beauty,Perfume,South,Cash on Delivery,1,1480.79,0,1480.79
ORD103912,CUST00650,2024-03-07,Sports,Dumbbell Set,East,UPI,1,2483.83,0,2483.83
ORD104366,CUST00749,2023-10-06,Electronics,Bluetooth Speaker,West,UPI,1,4239.12,20,3391.3
ORD100170,CUST00356,2024-12-15,Electronics,Smartwatch,Central,Debit Card,2,3868.46,5,7350.07
ORD102041,CUST00044,2024-06-16,Electronics,Power Bank,South,Credit Card,2,1370.4,10,2466.72
ORD107127,CUST00005,2023-04-21,Beauty,Hair Dryer,Central,Net Banking,1,1017.86,5,966.97
ORD101233,CUST00221,2023-07-22,Home & Kitchen,LED Lamp,Central,Cash on Delivery,3,1934.8,5,5514.18
ORD105911,CUST00618,2024-04-04,Home & Kitchen,LED Lamp,Central,Credit Card,1,1945.18,20,1556.14
ORD107709,CUST01000,2024-10-18,Sports,Cricket Bat,Central,Cash on Delivery,1,1390.31,5,1320.79
ORD105169,CUST00500,2024-04-02,Books,Self-Help Book,West,Debit Card,1,332.84,0,332.84
ORD108442,CUST00119,2024-01-29,Home & Kitchen,Non-stick Pan,West,Debit Card,2,815.77,15,1386.81
ORD107475,CUST00896,2024-08-09,Electronics,Wireless Earbuds,Central,Net Banking,2,3400.89,0,6801.78
ORD107669,CUST00469,2023-09-04,Electronics,Laptop Sleeve,,Cash on Delivery,1,2198.31,0,2198.31
ORD105592,CUST00078,2023-10-08,Home & Kitchen,Water Bottle,North,Debit Card,1,1573.36,0,1573.36
ORD108485,CUST00631,2024-04-15,Electronics,Laptop Sleeve,North,Cash on Delivery,1,3726.68,0,3726.68
ORD101275,CUST01080,2024-04-08,Electronics,Laptop Sleeve,Central,UPI,1,2508.14,0,2508.14
ORD107971,CUST01104,2024-06-26,Beauty,Sunscreen SPF50,West,UPI,1,543.71,0,543.71
ORD108811,CUST00861,2024-10-25,Fashion,Cotton T-Shirt,West,UPI,1,1617.87,0,1617.87
ORD103118,CUST00437,2024-03-25,Electronics,Bluetooth Speaker,North,Credit Card,1,3071.64,10,2764.48
ORD104395,CUST00128,2024-03-03,Sports,Resistance Bands,West,Net Banking,2,1752.7,0,3505.4
ORD102949,CUST00847,2024-05-09,Electronics,Laptop Sleeve,Central,Net Banking,1,3212.17,0,3212.17
ORD108945,CUST00837,2024-11-22,Electronics,Bluetooth Speaker,North,Credit Card,1,3956.03,5,3758.23
ORD101890,CUST00882,2024-03-23,Electronics,Laptop Sleeve,East,Credit Card,1,2785.33,0,2785.33
ORD100677,CUST01160,2024-04-24,Fashion,Cotton T-Shirt,North,Credit Card,2,873.47,15,1484.9
ORD107581,CUST01101,2024-09-23,Fashion,Denim Jacket,North,UPI,1,323.15,0,323.15
ORD106266,CUST00846,2024-04-28,Home & Kitchen,Storage Organizer,South,Credit Card,1,1079.85,15,917.87
ORD108572,CUST00773,2024-09-24,electronics,Wireless Earbuds,West,Credit Card,1,1761.98,0,1761.98
ORD107012,CUST00104,2024-11-06,Home & Kitchen,Water Bottle,North,Cash on Delivery,2,980.76,15,1667.29
ORD106982,CUST00928,2024-11-06,Home & Kitchen,Non-stick Pan,Central,Debit Card,1,1012.34,0,1012.34
ORD106537,CUST00015,2024-11-22,Books,Fiction Novel,South,UPI,1,769.85,20,615.88
ORD101296,CUST01116,2023-10-03,Electronics,Laptop Sleeve,West,Credit Card,1,1445.45,0,1445.45
ORD104391,CUST00068,2024-02-28,Sports,Resistance Bands,North,UPI,1,1900.23,0,1900.23
ORD105166,CUST01116,2023-05-11,Electronics,Wireless Earbuds,Central,Debit Card,2,1273.95,0,2547.9
ORD104149,CUST00471,2024-05-15,Electronics,Smartwatch,,Credit Card,2,3694.85,5,7020.21
ORD108710,CUST00040,2024-11-19,Sports,Resistance Bands,North,UPI,1,1853.89,10,1668.5
ORD103400,CUST00021,2024-05-12,Electronics,Wireless Earbuds,North,Credit Card,1,3741.64,0,3741.64
ORD102934,CUST00707,2023-10-21,Electronics,Laptop Sleeve,North,Debit Card,3,4389.33,0,13167.99
ORD102239,CUST00612,2024-03-28,Home & Kitchen,Water Bottle,North,Debit Card,1,450.92,0,450.92
ORD103900,CUST00646,2023-12-06,Books,Cookbook,Central,Cash on Delivery,2,319.89,0,639.78
ORD105648,CUST00026,2024-01-30,Books,Business Biography,North,Credit Card,1,337.26,20,269.81
ORD106728,CUST00013,2024-04-26,Electronics,Laptop Sleeve,North,Credit Card,1,2596.3,5,2466.48
ORD103342,CUST00580,2023-05-05,Home & Kitchen,Cushion Cover,West,Credit Card,1,664.09,0,664.09
ORD106102,CUST00262,2024-06-23,Fashion,Denim Jacket,West,Debit Card,1,404.39,20,323.51
ORD100301,CUST01167,2024-03-01,Fashion,Cotton T-Shirt,Central,Debit Card,1,677.51,0,677.51
ORD100365,CUST00128,2024-07-28,Home & Kitchen,Storage Organizer,South,UPI,2,1126.08,0,2252.16
ORD106518,CUST00228,2023-08-02,Electronics,Laptop Sleeve,Central,Credit Card,1,3096.71,0,3096.71
ORD104198,CUST00872,2024-07-11,Home & Kitchen,Cushion Cover,South,UPI,2,1577.35,0,3154.7
ORD101045,CUST01182,2023-06-04,Sports,Yoga Mat,East,UPI,1,2915.62,0,2915.62
ORD102795,CUST00560,2024-07-22,Home & Kitchen,Cushion Cover,East,UPI,2,590.86,5,1122.63
ORD105143,CUST00154,2024-09-05,Fashion,Denim Jacket,North,UPI,1,2326.83,0,2326.83
ORD103694,CUST00932,2023-09-10,Electronics,Power Bank,Central,Net Banking,1,1771.22,5,1682.66
ORD100857,CUST00778,2024-02-24,Electronics,Bluetooth Speaker,West,Credit Card,1,1193.56,0,1193.56
ORD104405,CUST00580,2023-05-04,Books,Business Biography,Central,UPI,1,206.8,0,206.8
ORD103005,CUST01000,2023-11-10,Electronics,Smartwatch,North,UPI,1,2713.73,10,2442.36
ORD106978,CUST01171,2023-10-14,Electronics,Wireless Earbuds,West,Credit Card,1,938.62,20,750.9
ORD105583,CUST00461,2024-09-22,Fashion,Leather Wallet,Central,UPI,1,2041.24,10,1837.12
ORD107028,CUST00195,2024-05-25,Home & Kitchen,Water Bottle,Central,UPI,2,1731.07,0,3462.14
ORD103254,CUST00902,2023-11-13,Electronics,Power Bank,Central,UPI,1,2585.65,0,-2585.65
ORD104470,CUST00511,2024-12-06,Electronics,Power Bank,,Debit Card,1,1444.87,5,1372.63
ORD105309,CUST00128,2024-03-10,Books,Cookbook,South,UPI,1,527.28,0,527.28
ORD100544,CUST00664,2023-10-09,Fashion,Sunglasses,South,UPI,1,1406.89,10,1266.2
ORD105447,CUST00834,2024-02-18,Sports,Yoga Mat,East,Credit Card,1,841.78,10,757.6
ORD104387,CUST00252,2023-11-07,Electronics,Smartwatch,East,Cash on Delivery,1,3550.65,0,3550.65
ORD107414,CUST00249,2024-06-30,Electronics,Smartwatch,,UPI,2,4248.15,0,8496.3
ORD103688,CUST00978,2024-09-15,Electronics,Wireless Earbuds,East,Debit Card,4,2459.34,0,9837.36
ORD104485,CUST00336,2024-03-22,Electronics,Laptop Sleeve,Central,Debit Card,1,4065.94,30,2846.16
ORD102869,CUST01146,2023-05-15,Electronics,Power Bank,Central,UPI,1,1386.69,5,1317.36
ORD104946,CUST00012,2024-01-19,Electronics,Laptop Sleeve,South,Net Banking,3,4043.05,5,11522.69
ORD106489,CUST00541,2023-12-09,Home & Kitchen,LED Lamp,East,Debit Card,2,1705.83,0,3411.66
ORD101870,CUST00019,2024-11-01,Electronics,Bluetooth Speaker,East,UPI,2,3283.94,15,5582.7
ORD105956,CUST00922,2023-03-20,Fashion,Leather Wallet,East,Credit Card,3,1343.73,5,3829.63
ORD108875,CUST01008,2023-12-19,Electronics,Bluetooth Speaker,West,Net Banking,2,3556.24,20,5689.98
ORD105258,CUST00380,2024-03-13,Home & Kitchen,Water Bottle,North,Cash on Delivery,1,1407.03,20,1125.62
ORD103231,CUST00679,2024-12-23,Home & Kitchen,LED Lamp,Central,UPI,1,528.1,20,422.48
ORD106260,CUST00773,2024-07-30,Home & Kitchen,Non-stick Pan,South,Net Banking,1,446.92,0,446.92
ORD105015,CUST00902,2024-03-06,Electronics,Bluetooth Speaker,South,Net Banking,2,3108.17,30,4351.44
ORD107701,CUST00274,2024-11-27,Beauty,Face Serum,East,Debit Card,4,711.67,5,2704.35
ORD106358,CUST00053,2024-03-03,Home & Kitchen,Storage Organizer,West,UPI,1,1568.14,5,1489.73
ORD104506,CUST00884,2024-06-01,Electronics,Laptop Sleeve,Central,Credit Card,1,2453.81,15,2085.74
ORD108941,CUST01118,2023-12-01,Electronics,Laptop Sleeve,West,Cash on Delivery,1,2373.05,0,2373.05
ORD105141,CUST00698,2023-03-03,Fashion,Leather Wallet,Central,Debit Card,1,2442.75,5,2320.61
ORD101894,CUST00711,2024-11-27,Electronics,Bluetooth Speaker,North,Debit Card,1,3014.46,0,3014.46
ORD101184,CUST00775,2023-05-16,Sports,Cycling Gloves,South,Credit Card,1,1520.5,0,1520.5
ORD103407,CUST00396,2024-02-21,Sports,Cricket Bat,Central,Debit Card,1,1637.34,15,1391.74
ORD103004,CUST00174,2024-04-16,Beauty,Perfume,Central,UPI,2,202.88,10,365.18
ORD101898,CUST00221,2023-12-08,Fashion,Denim Jacket,Central,Credit Card,2,1826.67,0,3653.34
ORD100832,CUST00568,2023-11-05,Home & Kitchen,Non-stick Pan,South,Debit Card,1,280.55,0,280.55
ORD106323,CUST00019,2024-10-26,Fashion,Sunglasses,West,UPI,2,305.43,15,519.23
ORD105899,CUST01066,2024-09-02,Books,Business Biography,East,,1,173.22,0,173.22
ORD100690,CUST00267,2024-12-05,Fashion,Leather Wallet,South,UPI,1,416.06,20,332.85
ORD108233,CUST00326,2024-06-04,Fashion,Denim Jacket,East,Cash on Delivery,2,623.06,30,872.28
ORD103776,CUST00496,2024-02-24,Electronics,Wireless Earbuds,North,Debit Card,1,3532.44,0,3532.44
ORD101512,CUST00123,2024-04-17,Books,Cookbook,South,Debit Card,1,597.47,0,597.47
ORD106362,CUST00752,2024-10-14,Electronics,Laptop Sleeve,Central,UPI,2,2804.59,10,5048.26
ORD108981,CUST01169,2023-10-15,Fashion,Cotton T-Shirt,East,Credit Card,1,951.99,0,951.99
ORD103882,CUST01116,2023-07-12,Home & Kitchen,Cushion Cover,East,Cash on Delivery,2,770.24,30,1078.34
ORD101075,CUST00871,2023-09-08,Books,Kids Storybook,South,UPI,1,240.39,5,-228.37
ORD108939,CUST00861,2024-10-15,Beauty,Face Serum,East,UPI,1,1397.02,15,1187.47
ORD106815,CUST00002,2024-03-31,Electronics,Smartwatch,East,Debit Card,1,2343.63,0,2343.63
ORD102111,CUST01016,2023-08-06,Home & Kitchen,Storage Organizer,North,Net Banking,1,249.12,20,199.3
ORD104865,CUST00005,2023-11-22,Electronics,Wireless Earbuds,Central,Cash on Delivery,2,1972.14,0,3944.28
ORD106816,CUST00918,2024-04-14,Home & Kitchen,Storage Organizer,North,Credit Card,1,1428.68,0,1428.68
ORD108799,CUST00586,2024-10-29,Fashion,Cotton T-Shirt,West,Credit Card,2,469.7,0,939.4
ORD102602,CUST00999,2023-11-19,Sports,Dumbbell Set,North,UPI,1,360.11,5,342.1
ORD101946,CUST00191,2024-05-31,Beauty,Face Serum,North,UPI,1,391.43,0,391.43
ORD104650,CUST00916,2024-07-23,Books,Business Biography,North,Cash on Delivery,3,230.5,0,691.5
ORD103985,CUST00222,2024-06-17,Home & Kitchen,Cushion Cover,Central,Credit Card,4,670.21,10,2412.76
ORD100752,CUST00404,2024-08-11,Electronics,Bluetooth Speaker,West,Debit Card,1,4497.47,0,4497.47
ORD101361,CUST00026,2024-02-16,Books,Self-Help Book,South,Credit Card,1,254.76,0,254.76
ORD106502,CUST00275,2024-12-13,Books,Cookbook,East,UPI,2,728.35,5,1383.86
ORD102682,CUST00901,2024-11-15,Books,Self-Help Book,East,Debit Card,1,234.32,0,234.32
ORD105137,CUST00349,2023-11-01,Fashion,Running Shoes,East,Debit Card,1,1685.02,5,1600.77
ORD103284,CUST00012,2023-12-20,Fashion,Leather Wallet,Central,Net Banking,1,2264.83,10,2038.35
ORD108104,CUST01180,2023-09-06,Beauty,Face Serum,East,UPI,1,1376.07,10,1238.46
ORD108466,CUST00091,2024-01-25,Fashion,Running Shoes,South,Credit Card,1,2351.88,15,1999.1
ORD100363,CUST00222,2024-03-13,Fashion,Denim Jacket,South,UPI,3,560.12,15,1428.31
ORD105252,CUST01022,2024-05-28,Home & Kitchen,Cushion Cover,South,Debit Card,1,1228.73,5,1167.29
ORD102764,CUST00034,2023-04-12,Sports,Resistance Bands,,UPI,1,1708.98,5,1623.53
ORD101135,CUST00128,2024-06-14,Electronics,Power Bank,North,Cash on Delivery,2,800.58,0,1601.16
ORD103212,CUST00471,2024-06-21,Fashion,Leather Wallet,North,Net Banking,1,1448.14,10,1303.33
ORD103807,CUST00002,2024-06-12,Books,Self-Help Book,West,Net Banking,1,589.47,15,501.05
ORD101679,CUST00879,2023-05-01,Electronics,Wireless Earbuds,North,Credit Card,4,1190.88,10,4287.17
ORD104646,CUST00343,2023-08-23,Sports,Cycling Gloves,East,UPI,1,1965.34,10,1768.81
ORD103589,CUST00630,2024-03-18,Fashion,Denim Jacket,Central,UPI,1,1427.19,0,1427.19
ORD102356,CUST01097,2024-11-03,Home & Kitchen,Storage Organizer,North,Debit Card,2,369.49,5,702.03
ORD106849,CUST00664,2024-11-07,Electronics,Wireless Earbuds,Central,Net Banking,2,1655.04,0,3310.08
ORD101622,CUST00904,2024-10-01,Home & Kitchen,Cushion Cover,East,Debit Card,1,1477.15,20,1181.72
ORD108118,CUST00131,2023-04-21,Electronics,Power Bank,Central,UPI,1,4470.2,0,4470.2
ORD107850,CUST00509,2023-11-29,Books,Fiction Novel,West,Net Banking,3,693.39,5,1976.16
ORD104097,CUST00558,2023-03-16,Beauty,Face Serum,South,UPI,1,1259.84,15,1070.86
ORD103014,CUST00945,2023-01-06,Home & Kitchen,Water Bottle,West,UPI,2,835.33,30,1169.46
ORD104810,CUST00731,2023-06-20,Sports,Yoga Mat,Central,Net Banking,1,1725.44,0,1725.44
ORD104938,CUST00598,2024-11-18,Fashion,Running Shoes,West,Credit Card,1,1302.53,5,1237.4
ORD102068,CUST00185,2024-11-09,Books,Kids Storybook,North,Credit Card,1,611.35,0,611.35
ORD104389,CUST00104,2024-12-20,Electronics,Laptop Sleeve,East,UPI,4,2707.54,10,9747.14
ORD100879,CUST00046,2024-05-19,Beauty,Perfume,East,Credit Card,1,929.94,10,836.95
ORD108624,CUST00444,2023-09-11,Home & Kitchen,Water Bottle,North,UPI,1,1370.11,0,1370.11
ORD107205,CUST00801,2024-11-02,Sports,Resistance Bands,South,Net Banking,1,2106.46,0,2106.46
ORD103797,CUST00380,2024-11-13,Fashion,Sunglasses,South,Debit Card,2,571.5,20,914.4
ORD104959,CUST00499,2023-11-18,Home & Kitchen,Non-stick Pan,South,UPI,1,830.78,0,830.78
ORD100758,CUST00183,2024-11-09,Sports,Resistance Bands,South,Debit Card,2,2543.81,0,5087.62
ORD103121,CUST00054,2024-06-24,Fashion,Sunglasses,Central,,1,2186.82,0,2186.82
ORD106351,CUST00221,2023-12-24,Electronics,Bluetooth Speaker,South,Net Banking,2,3397.15,0,6794.3
ORD102402,CUST01176,2023-09-22,Home & Kitchen,Storage Organizer,South,UPI,2,1852.09,15,3148.55
ORD102059,CUST01131,2023-08-13,Electronics,Bluetooth Speaker,East,UPI,1,2276.82,10,2049.14
ORD107345,CUST00049,2023-09-21,Beauty,Face Serum,East,Cash on Delivery,1,1222.71,0,1222.71
ORD106818,CUST00708,2023-10-20,Home & Kitchen,Water Bottle,South,Debit Card,3,834.12,0,2502.36
ORD102577,CUST01140,2024-01-09,Home & Kitchen,Water Bottle,Central,UPI,1,973.73,20,778.98
ORD101911,CUST00417,2024-12-11,Home & Kitchen,Cushion Cover,West,UPI,1,1328.19,0,1328.19
ORD107962,CUST00121,2024-09-29,Fashion,Cotton T-Shirt,South,UPI,1,2098.35,20,1678.68
ORD101020,CUST00284,2024-09-27,Electronics,Laptop Sleeve,West,Credit Card,1,1448.25,15,1231.01
ORD101073,CUST00179,2024-12-12,Fashion,Cotton T-Shirt,West,Credit Card,1,2421.54,10,2179.39
ORD105849,CUST00628,2023-02-24,Fashion,Leather Wallet,Central,UPI,1,794.33,20,635.46
ORD105255,CUST00712,2023-09-15,Beauty,Perfume,South,Cash on Delivery,3,1324.38,15,3377.17
ORD100058,CUST00081,2024-07-17,Electronics,Power Bank,West,Credit Card,1,1668.22,0,1668.22
ORD105422,CUST00910,2024-08-29,Electronics,Power Bank,North,Debit Card,4,3448.21,10,12413.56
ORD108376,CUST00749,2023-09-15,Beauty,Hair Dryer,South,Debit Card,1,549.87,0,549.87
ORD102294,CUST00440,2024-07-08,Sports,Dumbbell Set,West,UPI,1,1077.8,5,1023.91
ORD106989,CUST00274,2024-11-11,Electronics,Wireless Earbuds,North,Credit Card,1,3975.73,10,3578.16
ORD105334,CUST01064,2023-08-28,Electronics,Wireless Earbuds,South,Debit Card,1,3500.97,15,2975.82
ORD108033,CUST00191,2024-06-06,Electronics,Power Bank,East,Cash on Delivery,2,3437.42,0,6874.84
ORD102398,CUST00606,2023-12-26,Beauty,Lip Balm Set,East,UPI,1,617.47,0,617.47
ORD103133,CUST00317,2024-11-05,Fashion,Leather Wallet,South,UPI,1,1640.19,0,1640.19
ORD101068,CUST00127,2024-05-18,Electronics,Smartwatch,Central,Debit Card,4,4296.52,0,17186.08
ORD102529,CUST01160,2024-05-05,Electronics,Bluetooth Speaker,South,UPI,1,3519.35,5,3343.38
ORD101773,CUST00987,2024-03-15,Fashion,Sunglasses,North,UPI,1,2424.52,10,2182.07
ORD101477,CUST01182,2023-10-07,Fashion,Running Shoes,East,Net Banking,2,1871.99,0,3743.98
ORD101513,CUST00084,2024-03-31,Home & Kitchen,Cushion Cover,North,Debit Card,1,579.74,10,521.77
ORD106292,CUST00307,2024-11-13,Fashion,Cotton T-Shirt,South,UPI,1,2098.78,0,2098.78
ORD103285,CUST00996,2023-06-16,Sports,Yoga Mat,North,UPI,2,1448.46,5,2752.07
ORD108546,CUST01077,2024-12-27,Home & Kitchen,Water Bottle,West,Credit Card,1,609.78,0,-609.78
ORD103068,CUST01095,2024-03-16,Home & Kitchen,Water Bottle,West,UPI,2,873.25,10,1571.85
ORD105360,CUST00535,2024-03-06,Electronics,Laptop Sleeve,East,UPI,1,3292.32,30,2304.62
ORD105164,CUST00128,2024-02-08,Books,Fiction Novel,East,Credit Card,1,371.61,0,371.61
ORD106291,CUST00109,2024-02-02,Fashion,Leather Wallet,South,Credit Card,1,761.19,10,685.07
ORD108002,CUST00587,2023-06-26,Books,Kids Storybook,Central,Credit Card,2,308.87,30,432.42
ORD108631,CUST00931,2024-04-29,Sports,Resistance Bands,South,UPI,1,452.51,10,407.26
ORD104612,CUST00086,2024-10-13,Electronics,Wireless Earbuds,North,Credit Card,1,3732.7,30,2612.89
ORD108801,CUST00361,2023-07-20,Fashion,Sunglasses,East,Debit Card,2,1534.54,20,2455.26
ORD103289,CUST00384,2023-05-27,Fashion,Cotton T-Shirt,Central,UPI,1,1620.52,0,1620.52
ORD101799,CUST00928,2024-08-10,Beauty,Face Serum,East,Debit Card,1,791.45,0,791.45
ORD108085,CUST00687,2024-08-06,Sports,Cycling Gloves,South,Credit Card,1,1935.97,0,1935.97
ORD107720,CUST00252,2023-12-18,Beauty,Sunscreen SPF50,Central,UPI,1,1278.77,5,1214.83
ORD102009,CUST00641,2024-12-04,Beauty,Face Serum,,UPI,1,1332.88,15,1132.95
ORD102500,CUST00109,2023-09-26,Fashion,Denim Jacket,North,Credit Card,3,2191.87,0,6575.61
ORD102191,CUST01158,2024-04-17,Books,Fiction Novel,West,Cash on Delivery,1,216.61,0,216.61
ORD100914,CUST00847,2024-01-14,Beauty,Perfume,North,Debit Card,1,604.67,15,513.97
ORD104288,CUST01055,2024-12-02,Fashion,Denim Jacket,East,Debit Card,1,2351.15,0,2351.15
ORD103795,CUST00161,2024-10-30,Fashion,Running Shoes,South,Credit Card,1,1819.34,0,1819.34
ORD107296,CUST00015,2024-09-06,Electronics,Wireless Earbuds,North,Debit Card,1,1891.25,0,1891.25
ORD107519,CUST00404,2024-07-26,Home & Kitchen,Non-stick Pan,West,Debit Card,1,1034.05,15,878.94
ORD104085,CUST00877,2023-11-02,Sports,Resistance Bands,Central,Credit Card,2,1308.52,0,2617.04
ORD105134,CUST00576,2024-01-17,Electronics,Wireless Earbuds,North,Credit Card,1,1845.45,0,1845.45
ORD106274,CUST00795,2024-12-13,Sports,Resistance Bands,South,Debit Card,2,2957.84,15,5028.33
ORD106055,CUST00942,2023-04-28,Sports,Cycling Gloves,West,Cash on Delivery,2,1031.09,0,2062.18
ORD108438,CUST00005,2023-06-06,home & kitchen,Cushion Cover,Central,Credit Card,1,1385.38,15,1177.57
ORD105313,CUST00108,2024-06-07,Home & Kitchen,Water Bottle,West,Debit Card,1,1797.49,5,1707.62
ORD102681,CUST00418,2024-10-20,Beauty,Hair Dryer,Central,Net Banking,1,1133.89,20,907.11
ORD105614,CUST00034,2023-07-02,Home & Kitchen,Non-stick Pan,West,Debit Card,2,1792.94,30,2510.12
ORD102505,CUST00979,2024-12-26,Home & Kitchen,Cushion Cover,Central,UPI,1,1684.8,10,1516.32
ORD101303,CUST01122,2024-09-22,Books,Kids Storybook,North,UPI,1,311.01,0,311.01
ORD104722,CUST00230,2024-10-05,Electronics,Bluetooth Speaker,East,UPI,2,966.73,0,1933.46
ORD103805,CUST00104,2024-11-16,Fashion,Running Shoes,North,UPI,2,2487.25,0,4974.5
ORD101173,CUST00569,2024-05-23,Books,Fiction Novel,South,Credit Card,1,469.61,0,469.61
ORD101432,CUST01066,2024-07-14,Fashion,Leather Wallet,South,UPI,1,1117.46,0,1117.46
ORD101099,CUST00580,2023-12-22,Fashion,Leather Wallet,South,UPI,1,2019.28,5,1918.32
ORD108639,CUST00404,2024-09-13,Books,Cookbook,West,Cash on Delivery,2,722.57,0,1445.14
ORD101908,CUST01151,2023-10-03,Home & Kitchen,LED Lamp,,Credit Card,3,689.39,10,1861.35
ORD103022,CUST01020,2023-07-21,Electronics,Smartwatch,South,Credit Card,1,1814.46,5,1723.74
ORD108712,CUST01071,2024-02-02,Home & Kitchen,Cushion Cover,East,Debit Card,1,1087.44,30,761.21
ORD108423,CUST00015,2024-09-22,Fashion,Sunglasses,,UPI,1,1610.97,0,1610.97
ORD107884,CUST00637,2023-07-27,Electronics,Power Bank,West,Credit Card,1,3239.44,0,3239.44
ORD101405,CUST00405,2024-09-15,Electronics,Bluetooth Speaker,Central,Cash on Delivery,2,3125.94,5,5939.29
ORD106006,CUST00773,2024-10-07,Beauty,Lip Balm Set,South,UPI,2,955.99,0,1911.98
ORD106294,CUST00284,2024-06-29,Electronics,Smartwatch,North,Debit Card,1,3771.48,20,3017.18
ORD108556,CUST00322,2024-08-15,Electronics,Wireless Earbuds,West,Credit Card,1,2145.17,0,2145.17
ORD106926,CUST00309,2023-10-22,Electronics,Wireless Earbuds,South,Debit Card,4,1199.24,0,4796.96
ORD108996,CUST01189,2023-11-28,Fashion,Running Shoes,,Net Banking,1,1252.16,0,1252.16
ORD102813,CUST00917,2024-07-22,Beauty,Perfume,Central,Debit Card,1,909.39,5,863.92
ORD100309,CUST01032,2024-07-03,Beauty,Lip Balm Set,South,UPI,2,200.89,0,401.78
ORD105508,CUST00139,2024-08-31,Fashion,Denim Jacket,East,Cash on Delivery,1,390.29,5,370.78
ORD104090,CUST00996,2024-09-10,Electronics,Bluetooth Speaker,Central,Debit Card,1,2533.05,0,2533.05
ORD100775,CUST00934,2023-07-17,Fashion,Cotton T-Shirt,West,UPI,2,2296.76,0,4593.52
ORD104580,CUST00844,2024-05-06,Books,Kids Storybook,North,Cash on Delivery,2,779.32,0,1558.64
ORD105670,CUST00270,2024-02-18,Sports,Cricket Bat,South,Credit Card,1,2744.54,0,2744.54
ORD100367,CUST00537,2024-08-21,Home & Kitchen,Water Bottle,Central,Credit Card,1,1779.95,15,1512.96
ORD100570,CUST00499,2024-04-20,Sports,Yoga Mat,East,Debit Card,1,356.7,15,303.2
ORD104099,CUST00882,2023-12-28,Home & Kitchen,Non-stick Pan,South,Credit Card,2,1619.82,10,2915.68
ORD104745,CUST00248,2023-07-02,Beauty,Perfume,West,Credit Card,1,355.53,15,302.2
ORD107611,CUST01119,2024-05-31,Electronics,Wireless Earbuds,South,Debit Card,2,3580.99,0,7161.98
ORD104537,CUST00257,2023-08-20,Beauty,Lip Balm Set,East,UPI,1,989.12,0,989.12
ORD101593,CUST00541,2023-12-16,Electronics,Laptop Sleeve,North,UPI,1,2511.56,0,2511.56
ORD102263,CUST00108,2024-06-06,Home & Kitchen,Cushion Cover,South,Credit Card,1,1753.95,0,1753.95
ORD108844,CUST00083,2024-02-23,Fashion,Sunglasses,North,Credit Card,1,874.67,0,874.67
ORD107985,CUST00161,2024-10-09,Sports,Cycling Gloves,Central,Cash on Delivery,1,2319.04,0,2319.04
ORD101541,CUST00328,2023-07-20,Home & Kitchen,Water Bottle,Central,UPI,1,969.49,15,824.07
ORD108860,CUST00128,2024-07-22,Fashion,Denim Jacket,East,Cash on Delivery,1,924.95,20,739.96
ORD107588,CUST00815,2024-08-02,Sports,Yoga Mat,East,Debit Card,1,2480.86,0,2480.86
ORD108534,CUST01055,2024-11-21,Books,Fiction Novel,East,Debit Card,2,755.58,5,1435.6
ORD104644,CUST00199,2024-11-02,Beauty,Face Serum,North,Debit Card,1,1189.24,5,1129.78
ORD108604,CUST00439,2024-11-17,Sports,Yoga Mat,South,Net Banking,1,913.42,15,776.41
ORD107896,CUST00507,2023-09-12,Books,Cookbook,South,Credit Card,1,744.72,0,744.72
ORD101840,CUST00245,2023-12-05,Fashion,Cotton T-Shirt,North,Debit Card,1,1381.9,0,1381.9
ORD106941,CUST01189,2024-03-08,Beauty,Lip Balm Set,Central,Debit Card,1,1451.65,15,1233.9
ORD106127,CUST01080,2024-04-18,electronics,Power Bank,Central,Credit Card,1,1761.45,5,1673.38
ORD105041,CUST00108,2024-05-05,Electronics,Bluetooth Speaker,West,Debit Card,1,1375.36,0,1375.36
ORD105785,CUST00456,2023-08-13,Fashion,Leather Wallet,West,Net Banking,2,1373.12,15,2334.3
ORD108709,CUST00856,2024-07-26,Books,Kids Storybook,,Cash on Delivery,1,528.78,0,528.78
ORD100072,CUST00012,2024-06-10,Sports,Dumbbell Set,North,UPI,1,749.78,0,749.78
ORD104829,CUST01055,2024-12-09,Fashion,Running Shoes,East,Credit Card,1,481.66,15,409.41
ORD107219,CUST01007,2024-07-28,Electronics,Wireless Earbuds,West,UPI,1,2685.95,0,2685.95
ORD105090,CUST00094,2024-10-29,Electronics,Smartwatch,Central,Net Banking,1,3220.25,15,2737.21
ORD104858,CUST00128,2024-03-28,Electronics,Laptop Sleeve,North,Credit Card,1,2395.26,0,2395.26
ORD106233,CUST00309,2024-04-10,Home & Kitchen,Water Bottle,South,UPI,1,1075.13,5,1021.37
ORD102835,CUST00276,2024-10-14,Electronics,Power Bank,North,UPI,1,4393.08,0,4393.08
ORD104269,CUST00560,2024-07-15,Fashion,Sunglasses,South,Debit Card,1,991.79,5,942.2
ORD106161,CUST01113,2024-05-13,Fashion,Sunglasses,East,UPI,1,713.51,0,713.51
ORD105830,CUST00272,2023-09-25,Fashion,Running Shoes,South,Credit Card,1,1174.72,5,1115.98
ORD108610,CUST00034,2024-03-16,Fashion,Running Shoes,Central,UPI,1,571.61,0,571.61
ORD103736,CUST01074,2024-07-22,Electronics,Power Bank,South,Cash on Delivery,1,2419.49,0,2419.49
ORD108092,CUST00338,2024-01-24,Home & Kitchen,Storage Organizer,West,Credit Card,1,758.15,0,758.15
ORD102511,CUST00525,2023-04-18,Beauty,Sunscreen SPF50,South,Credit Card,1,419.14,30,293.4
ORD101780,CUST00423,2024-07-06,Fashion,Cotton T-Shirt,South,UPI,2,1826.2,0,3652.4
ORD106447,CUST00551,2024-07-27,Electronics,Power Bank,Central,UPI,1,2639.73,0,2639.73
ORD101775,CUST01055,2024-12-08,Fashion,Cotton T-Shirt,West,UPI,1,1135.11,0,1135.11
ORD101534,CUST00659,2024-01-13,Home & Kitchen,Non-stick Pan,West,Debit Card,1,259.64,0,259.64
ORD104934,CUST00153,2024-07-15,Beauty,Hair Dryer,North,Cash on Delivery,1,999.61,0,999.61
ORD103105,CUST00970,2024-04-28,Beauty,Sunscreen SPF50,Central,Debit Card,1,561.28,0,561.28
ORD103765,CUST00279,2024-04-01,Sports,Resistance Bands,North,Credit Card,1,1839.8,30,1287.86
ORD103334,CUST01080,2024-04-21,Sports,Cycling Gloves,South,Credit Card,1,1772.64,10,1595.38
ORD107721,CUST00639,2023-07-18,Electronics,Bluetooth Speaker,West,Debit Card,2,2206.46,0,4412.92
ORD104960,CUST00015,2024-01-30,Electronics,Bluetooth Speaker,East,Debit Card,1,2384.74,0,2384.74
ORD103330,CUST00568,2024-08-25,Beauty,Hair Dryer,North,Credit Card,1,688.08,20,550.46
ORD106653,CUST01066,2024-07-29,Fashion,Running Shoes,South,Debit Card,1,1359.66,0,1359.66
ORD107460,CUST00177,2024-10-29,Home & Kitchen,Water Bottle,South,UPI,1,1312.1,15,1115.28
ORD108879,CUST00399,2023-04-03,fashion,Sunglasses,Central,Credit Card,2,2339.21,0,4678.42
ORD105999,CUST01164,2023-01-22,Beauty,Perfume,North,Debit Card,1,527.62,0,527.62
ORD104394,CUST00184,2024-11-17,Electronics,Laptop Sleeve,South,Credit Card,4,1998.13,30,5594.76
ORD104467,CUST00525,2023-06-03,Sports,Cricket Bat,Central,Credit Card,3,944.16,15,2407.61
ORD105995,CUST00041,2024-07-24,Electronics,Power Bank,Central,Cash on Delivery,2,1577.83,15,2682.31
ORD105389,CUST00312,2024-05-30,Electronics,Wireless Earbuds,South,Credit Card,2,3847.35,0,7694.7
ORD104362,CUST01086,2024-08-27,Electronics,Power Bank,East,Credit Card,1,1661.32,5,1578.25
ORD103962,CUST00199,2024-09-22,Beauty,Perfume,West,Credit Card,1,176.71,10,159.04
ORD107287,CUST00006,2024-12-02,Electronics,Wireless Earbuds,East,UPI,1,2854.25,10,2568.83
ORD101784,CUST00321,2024-12-11,Home & Kitchen,Storage Organizer,West,Debit Card,1,239.33,15,203.43
ORD108199,CUST01150,2024-05-28,Fashion,Running Shoes,East,Debit Card,1,1552.66,0,1552.66
ORD101029,CUST01105,2024-01-10,Electronics,Smartwatch,North,Cash on Delivery,1,2934.57,0,2934.57
ORD100519,CUST00646,2023-08-30,Fashion,Leather Wallet,South,UPI,1,556.72,0,556.72
ORD108448,CUST00742,2023-11-12,fashion,Sunglasses,East,UPI,1,1983.48,10,1785.13
ORD102446,CUST00613,2023-07-23,Sports,Resistance Bands,West,UPI,1,2827.09,10,2544.38
ORD105319,CUST00650,2024-01-08,Sports,Cycling Gloves,West,Credit Card,1,2285.65,0,2285.65
ORD101914,CUST00380,2024-07-27,Beauty,Sunscreen SPF50,West,Credit Card,1,270.97,10,243.87
ORD107589,CUST00290,2024-11-20,Fashion,Sunglasses,South,Credit Card,4,890.67,0,3562.68
ORD100238,CUST00221,2023-12-08,Home & Kitchen,Water Bottle,West,Cash on Delivery,1,782.35,5,743.23
ORD101609,CUST00404,2024-07-26,Fashion,Denim Jacket,North,UPI,1,2182.37,15,1855.01
ORD107921,CUST00888,2024-08-30,Sports,Cricket Bat,Central,Credit Card,2,756.65,0,1513.3
ORD108005,CUST00114,2023-02-18,Books,Kids Storybook,West,Debit Card,1,161.0,10,144.9
ORD100395,CUST00252,2024-01-11,Beauty,Perfume,East,Debit Card,1,918.56,5,872.63
ORD104190,CUST00901,2024-11-19,Sports,Yoga Mat,North,Net Banking,2,1170.8,5,2224.52
ORD106644,CUST00475,2023-02-07,Fashion,Leather Wallet,Central,UPI,2,447.6,5,850.44
ORD105935,CUST00195,2024-06-06,Sports,Resistance Bands,Central,Credit Card,2,566.36,0,1132.72
ORD105881,CUST00026,2023-11-01,Fashion,Leather Wallet,North,UPI,2,1110.69,0,2221.38
ORD101983,CUST00847,2024-04-04,Sports,Dumbbell Set,East,Net Banking,1,1307.61,5,1242.23
ORD101936,CUST00525,2023-05-21,Electronics,Bluetooth Speaker,North,Credit Card,1,4079.17,0,4079.17
ORD103364,CUST00170,2023-10-19,Home & Kitchen,Storage Organizer,South,Debit Card,1,1138.24,0,1138.24
ORD108201,CUST00064,2023-07-25,Sports,Yoga Mat,South,UPI,1,639.21,0,639.21
ORD108029,CUST00210,2024-02-22,electronics,Smartwatch,South,UPI,2,3124.8,30,4374.72
ORD101033,CUST00248,2023-11-07,Home & Kitchen,Water Bottle,East,Cash on Delivery,1,1183.74,0,1183.74
ORD107459,CUST00667,2023-02-20,Beauty,Perfume,North,UPI,1,852.93,10,767.64
ORD106716,CUST00573,2024-05-06,Beauty,Hair Dryer,Central,Debit Card,1,419.21,0,419.21
ORD104388,CUST01153,2024-07-22,Fashion,Cotton T-Shirt,North,Credit Card,1,1325.61,0,1325.61
ORD105048,CUST00457,2024-04-28,Beauty,Lip Balm Set,West,UPI,1,253.43,10,228.09
ORD100604,CUST01140,2024-04-04,Fashion,Cotton T-Shirt,East,Credit Card,1,441.36,5,419.29
ORD107297,CUST00384,2023-10-12,Books,Fiction Novel,South,Credit Card,1,310.79,0,310.79
ORD104977,CUST00958,2024-06-19,Electronics,Smartwatch,Central,Credit Card,1,1766.0,0,1766.0
ORD103268,CUST00541,2023-04-21,Sports,Cycling Gloves,South,UPI,4,1744.58,15,5931.57
ORD102804,CUST00006,2024-12-16,Fashion,Running Shoes,West,UPI,2,689.03,15,1171.35
ORD101431,CUST00952,2024-08-23,Electronics,Smartwatch,East,Cash on Delivery,1,2090.18,15,1776.65
ORD102709,CUST01089,2023-06-08,Home & Kitchen,LED Lamp,North,UPI,1,449.64,15,382.19
ORD103650,CUST01116,2023-04-08,Fashion,Running Shoes,Central,Debit Card,2,2420.39,0,4840.78
ORD108594,CUST00557,2024-02-23,Electronics,Power Bank,South,Credit Card,1,4180.41,0,4180.41
ORD104902,CUST00085,2023-10-07,Fashion,Cotton T-Shirt,West,Net Banking,3,414.23,10,1118.42
ORD104208,CUST01087,2024-04-03,Fashion,Denim Jacket,,Debit Card,1,1399.4,5,1329.43
ORD102365,CUST01055,2024-11-29,Fashion,Cotton T-Shirt,North,UPI,2,1924.46,0,3848.92
ORD101321,CUST00804,2024-05-30,electronics,Wireless Earbuds,East,Credit Card,1,4232.61,0,4232.61
ORD106167,CUST00383,2023-10-20,Electronics,Wireless Earbuds,North,Net Banking,1,3260.48,15,2771.41
ORD102576,CUST00647,2023-09-06,Fashion,Leather Wallet,Central,Credit Card,1,892.41,5,847.79
ORD105043,CUST00068,2024-02-20,Beauty,Sunscreen SPF50,West,Credit Card,1,673.76,0,673.76
ORD108600,CUST00621,2024-11-03,Home & Kitchen,Non-stick Pan,South,,2,1766.21,0,3532.42
ORD105683,CUST00743,2024-11-05,Books,Fiction Novel,West,UPI,1,710.15,0,710.15
ORD105273,CUST00757,2023-12-01,home & kitchen,Water Bottle,North,UPI,1,1164.98,20,931.98
ORD102641,CUST00785,2023-08-04,Home & Kitchen,Storage Organizer,North,Net Banking,1,1264.66,0,1264.66
ORD108932,CUST00646,2024-04-20,Fashion,Sunglasses,Central,Credit Card,1,2484.07,0,2484.07
ORD104726,CUST00165,2023-08-30,Fashion,Cotton T-Shirt,East,UPI,2,1950.57,0,3901.14
ORD107138,CUST00518,2024-11-18,Electronics,Smartwatch,West,Net Banking,2,963.55,0,1927.1
ORD105666,CUST00588,2023-08-28,Electronics,Laptop Sleeve,North,Debit Card,1,4454.71,0,4454.71
ORD107662,CUST01188,2024-06-24,Electronics,Wireless Earbuds,East,UPI,1,926.8,0,926.8
ORD107324,CUST00939,2024-01-01,Fashion,Denim Jacket,South,Credit Card,2,1075.93,0,2151.86
ORD103432,CUST00705,2023-09-10,Home & Kitchen,Non-stick Pan,Central,Credit Card,1,925.03,0,925.03
ORD102683,CUST00860,2024-06-08,Fashion,Leather Wallet,,Credit Card,4,1380.7,10,4970.52
ORD103380,CUST00240,2023-09-18,Fashion,Sunglasses,South,Credit Card,1,2129.28,20,1703.42
ORD105710,CUST00752,2024-10-29,Beauty,Perfume,West,UPI,1,331.68,0,331.68
ORD104318,CUST00708,2024-10-25,home & kitchen,Water Bottle,Central,UPI,2,765.44,0,1530.88
ORD104073,CUST01100,2023-06-08,Electronics,Wireless Earbuds,East,UPI,2,1292.15,0,2584.3
ORD108349,CUST01140,2024-09-29,Beauty,Lip Balm Set,Central,Credit Card,1,565.79,10,509.21
ORD106252,CUST00136,2023-10-26,Sports,Cricket Bat,South,Cash on Delivery,1,1249.38,0,1249.38
ORD107787,CUST01066,2024-08-13,Electronics,Power Bank,West,UPI,1,1202.28,5,1142.17
ORD103932,CUST00001,2024-06-01,Electronics,Wireless Earbuds,West,Net Banking,2,3922.15,15,6667.66
ORD101742,CUST00031,2023-09-25,Fashion,Denim Jacket,North,UPI,1,1687.51,20,1350.01
ORD107661,CUST00749,2024-03-08,Home & Kitchen,LED Lamp,East,Credit Card,1,1255.3,0,1255.3
ORD107830,CUST00035,2024-06-17,Sports,Resistance Bands,West,Debit Card,2,642.44,5,1220.64
ORD101877,CUST00360,2024-10-01,Beauty,Lip Balm Set,South,Net Banking,1,335.05,0,335.05
ORD107632,CUST00806,2023-05-19,Beauty,Hair Dryer,North,UPI,1,370.85,10,333.77
ORD106185,CUST00884,2024-06-14,Fashion,Cotton T-Shirt,West,UPI,1,1031.68,15,876.93
ORD108568,CUST00308,2024-05-06,Home & Kitchen,LED Lamp,North,UPI,2,1016.63,0,2033.26
ORD106258,CUST00034,2023-03-21,Home & Kitchen,Non-stick Pan,North,UPI,2,526.7,20,842.72
ORD107802,CUST00071,2024-09-05,Beauty,Hair Dryer,East,Credit Card,1,1322.79,0,1322.79
ORD101923,CUST01071,2024-02-11,Home & Kitchen,Non-stick Pan,East,UPI,1,1572.96,10,1415.66
ORD108412,CUST00304,2024-07-05,Electronics,Wireless Earbuds,Central,UPI,1,1856.06,5,1763.26
ORD102841,CUST01086,2024-12-04,Electronics,Bluetooth Speaker,South,UPI,1,2037.67,0,2037.67
ORD104383,CUST00128,2024-05-26,Electronics,Smartwatch,South,Net Banking,1,1328.04,5,1261.64
ORD106974,CUST00646,2024-10-01,Electronics,Wireless Earbuds,East,,3,1050.62,10,2836.67
ORD101924,CUST00939,2023-06-06,Beauty,Hair Dryer,Central,UPI,3,532.51,10,1437.78
ORD107882,CUST00870,2024-07-29,Home & Kitchen,Non-stick Pan,Central,Credit Card,2,1337.52,15,2273.78
ORD104209,CUST00909,2024-06-23,Beauty,Sunscreen SPF50,South,Credit Card,2,533.38,0,1066.76
ORD106465,CUST01155,2023-08-15,Beauty,Hair Dryer,South,Cash on Delivery,2,580.57,15,986.97
ORD100027,CUST00970,2023-04-26,Sports,Yoga Mat,North,UPI,1,2000.1,0,2000.1
ORD107285,CUST00937,2023-12-05,Home & Kitchen,Cushion Cover,East,UPI,1,1936.4,0,1936.4
ORD105205,CUST00602,2024-10-25,Home & Kitchen,Storage Organizer,North,UPI,1,1372.07,15,-1166.26
ORD103568,CUST01100,2023-09-22,Books,Kids Storybook,West,Debit Card,1,396.23,0,396.23
ORD105320,CUST00920,2024-01-30,Fashion,Running Shoes,West,Debit Card,3,2491.34,0,7474.02
ORD103431,CUST00525,2023-05-24,Fashion,Sunglasses,East,Credit Card,4,1628.16,5,6187.01
ORD107891,CUST00942,2024-05-12,Books,Business Biography,West,Net Banking,1,317.38,15,269.77
ORD106492,CUST01176,2024-01-01,Fashion,Running Shoes,,UPI,2,829.19,5,1575.46
ORD102176,CUST00931,2024-03-05,Sports,Yoga Mat,South,Credit Card,1,349.32,0,349.32
ORD104621,CUST00091,2024-04-15,Books,Business Biography,East,UPI,1,200.1,10,180.09
ORD108261,CUST01151,2023-06-15,Fashion,Cotton T-Shirt,West,Debit Card,1,1133.13,0,1133.13
ORD105569,CUST00762,2023-04-10,Home & Kitchen,Storage Organizer,South,Debit Card,2,864.78,0,1729.56
ORD108743,CUST00258,2024-03-03,Fashion,Running Shoes,East,Credit Card,1,817.31,0,-817.31
ORD103879,CUST00128,2024-11-23,Fashion,Running Shoes,Central,Credit Card,1,1561.64,0,1561.64
ORD104602,CUST00161,2024-11-18,Beauty,Face Serum,South,Credit Card,2,506.5,0,1013.0
ORD103551,CUST00137,2024-09-15,Electronics,Smartwatch,Central,Credit Card,3,2999.21,0,8997.63
ORD108975,CUST00361,2023-06-18,Home & Kitchen,Water Bottle,West,UPI,2,1299.11,20,2078.58
ORD108791,CUST00580,2023-08-06,electronics,Laptop Sleeve,Central,Credit Card,1,2119.88,15,1801.9
ORD101223,CUST00797,2023-07-29,Electronics,Smartwatch,North,Cash on Delivery,1,2260.04,0,2260.04
ORD102444,CUST00534,2023-12-14,Home & Kitchen,Water Bottle,East,Credit Card,1,847.05,0,847.05
ORD107507,CUST01082,2024-03-04,Beauty,Hair Dryer,Central,UPI,1,549.95,0,549.95
ORD103312,CUST00091,2023-06-14,Fashion,Sunglasses,West,UPI,2,1701.22,10,3062.2
ORD106808,CUST00002,2024-04-01,Books,Fiction Novel,Central,Debit Card,4,586.02,20,1875.26
ORD105791,CUST01097,2024-09-18,Electronics,Bluetooth Speaker,South,Debit Card,1,1590.81,0,1590.81
ORD108543,CUST00380,2024-08-02,Beauty,Perfume,North,Cash on Delivery,1,1147.39,5,1090.02
ORD103067,CUST00143,2023-08-24,Beauty,Sunscreen SPF50,Central,Debit Card,1,596.4,15,506.94
ORD101626,CUST00006,2024-12-24,Electronics,Power Bank,South,Debit Card,1,2846.37,10,2561.73
ORD101264,CUST00038,2024-12-06,Electronics,Power Bank,East,Cash on Delivery,1,3804.36,0,3804.36
ORD103969,CUST00793,2024-06-05,Books,Kids Storybook,Central,Cash on Delivery,2,725.12,15,1232.7
ORD101964,CUST01074,2023-11-10,Books,Self-Help Book,,Credit Card,1,791.08,5,751.53
ORD100877,CUST00291,2023-07-13,Electronics,Smartwatch,Central,Credit Card,2,3386.69,0,6773.38
ORD108882,CUST00884,2024-05-01,Electronics,Power Bank,East,Credit Card,2,3978.16,10,7160.69
ORD108925,CUST00200,2024-09-17,Electronics,Laptop Sleeve,South,Debit Card,2,4302.84,0,8605.68
ORD105735,CUST00773,2024-08-13,Sports,Yoga Mat,North,UPI,1,1035.51,0,1035.51
ORD103478,CUST00001,2023-05-07,Fashion,Denim Jacket,Central,Credit Card,1,2156.99,0,2156.99
ORD104109,CUST00418,2024-10-20,Electronics,Bluetooth Speaker,South,Credit Card,2,1483.18,0,2966.36
ORD100481,CUST00407,2023-10-10,Sports,Cricket Bat,East,UPI,1,1628.2,30,1139.74
ORD108833,CUST00598,2024-08-06,Electronics,Laptop Sleeve,North,UPI,1,2034.65,0,2034.65
ORD108318,CUST00449,2024-01-20,Electronics,Bluetooth Speaker,South,UPI,1,2409.17,10,2168.25
ORD108113,CUST00469,2023-09-26,Home & Kitchen,Storage Organizer,West,Debit Card,1,650.79,0,650.79
ORD106520,CUST00470,2024-10-21,Electronics,Smartwatch,Central,Debit Card,1,1630.04,20,1304.03
ORD102552,CUST01193,2023-10-20,Electronics,Wireless Earbuds,Central,Debit Card,1,1521.35,0,1521.35
ORD107313,CUST00022,2024-10-06,Electronics,Smartwatch,Central,Cash on Delivery,1,3821.92,0,3821.92
ORD108703,CUST01191,2024-10-28,Sports,Cycling Gloves,East,Net Banking,2,2552.34,5,4849.45
ORD104953,CUST00128,2024-05-21,home & kitchen,Water Bottle,West,Debit Card,2,493.74,20,789.98
ORD106647,CUST00731,2023-11-22,Beauty,Face Serum,North,Credit Card,1,947.83,0,947.83
ORD103129,CUST00557,2024-03-15,Fashion,Denim Jacket,East,Debit Card,1,1060.68,10,954.61
ORD104142,CUST00557,2024-03-27,Electronics,Smartwatch,East,Debit Card,2,3724.62,5,7076.78
ORD102918,CUST00199,2024-10-07,Fashion,Running Shoes,Central,Debit Card,1,1194.88,10,1075.39
ORD103871,CUST00590,2024-10-15,Home & Kitchen,Storage Organizer,Central,Credit Card,2,891.07,15,1514.82
ORD104041,CUST00692,2024-12-14,Beauty,Sunscreen SPF50,West,UPI,1,400.88,0,400.88
ORD102314,CUST00745,2024-08-25,Home & Kitchen,Water Bottle,North,UPI,2,1965.34,5,3734.15
ORD108857,CUST00269,2024-04-21,Sports,Cycling Gloves,North,Debit Card,2,733.57,20,1173.71
ORD106481,CUST00725,2024-02-01,Beauty,Hair Dryer,North,UPI,2,568.97,5,1081.04
ORD104995,CUST00569,2024-04-14,electronics,Smartwatch,North,Cash on Delivery,1,1155.09,0,1155.09
ORD105118,CUST00745,2024-01-19,Electronics,Wireless Earbuds,,Credit Card,1,1139.69,15,968.74
ORD104328,CUST00550,2024-07-03,Sports,Cycling Gloves,North,UPI,1,800.38,5,760.36
ORD100941,CUST01169,2024-02-13,home & kitchen,Water Bottle,East,Credit Card,1,1175.38,10,1057.84
ORD108759,CUST01077,2024-10-28,Electronics,Smartwatch,South,UPI,1,2014.94,0,2014.94
ORD108824,CUST01198,2024-08-28,Electronics,Smartwatch,Central,Net Banking,3,4411.19,10,11910.21
ORD108955,CUST00121,2024-09-12,Electronics,Wireless Earbuds,East,UPI,4,2113.76,15,7186.78
ORD103237,CUST00804,2023-02-25,Sports,Cricket Bat,Central,Credit Card,1,755.63,5,717.85
ORD108216,CUST00128,2024-07-27,Fashion,Running Shoes,East,UPI,1,1862.18,0,1862.18
ORD106998,CUST00599,2024-06-01,Fashion,Running Shoes,East,Credit Card,1,1125.47,10,1012.92
ORD101809,CUST00917,2024-07-21,Fashion,Sunglasses,East,UPI,2,2231.86,5,4240.53
ORD107377,CUST01145,2024-04-29,Home & Kitchen,Water Bottle,Central,Credit Card,2,473.42,0,946.84
ORD106317,CUST00521,2024-01-25,Sports,Yoga Mat,West,Credit Card,4,2557.7,5,9719.26
ORD101165,CUST00114,2024-04-21,Home & Kitchen,LED Lamp,East,UPI,2,1013.93,0,2027.86
ORD100204,CUST00012,2024-04-26,Electronics,Wireless Earbuds,East,UPI,3,3026.22,0,9078.66
ORD108226,CUST01140,2024-05-25,Electronics,Wireless Earbuds,West,Credit Card,1,2671.73,15,2270.97
ORD108760,CUST00719,2024-11-04,Beauty,Lip Balm Set,Central,Net Banking,2,830.57,5,1578.08
ORD103689,CUST01051,2024-01-22,Beauty,Hair Dryer,Central,Credit Card,1,1001.23,10,901.11
ORD101887,CUST00731,2023-05-31,Electronics,Wireless Earbuds,South,Credit Card,3,1425.09,0,4275.27
ORD103509,CUST00847,2024-03-17,Books,Kids Storybook,North,UPI,2,486.64,10,875.95
ORD101162,CUST01116,2023-12-09,Sports,Dumbbell Set,East,Net Banking,1,460.7,15,391.6
ORD102729,CUST00114,2024-03-08,electronics,Smartwatch,North,Debit Card,1,2865.37,0,2865.37
ORD101600,CUST00459,2023-12-24,Home & Kitchen,Non-stick Pan,South,UPI,4,448.26,0,1793.04
ORD100086,CUST00614,2024-03-14,Electronics,Smartwatch,East,Credit Card,2,1990.18,10,3582.32
ORD105965,CUST00380,2024-04-05,Electronics,Power Bank,West,UPI,1,2626.34,0,2626.34
ORD107089,CUST00002,2024-05-27,Electronics,Power Bank,East,Credit Card,1,3194.83,0,3194.83
ORD102207,CUST00129,2024-01-31,Electronics,Wireless Earbuds,West,UPI,2,836.98,0,1673.96
ORD103046,CUST00778,2024-06-26,sports,Dumbbell Set,East,Credit Card,1,2301.04,15,1955.88
ORD107320,CUST00104,2024-11-12,Beauty,Sunscreen SPF50,South,Credit Card,2,946.26,5,1797.89
ORD104717,CUST00758,2024-07-24,Electronics,Smartwatch,West,Credit Card,1,2752.3,15,2339.46
ORD105909,CUST00970,2023-08-20,Home & Kitchen,LED Lamp,West,UPI,1,1906.4,0,1906.4
ORD106843,CUST00040,2024-11-24,sports,Yoga Mat,North,Debit Card,1,1462.97,5,1389.82
ORD107898,CUST00191,2024-07-11,Electronics,Bluetooth Speaker,Central,Debit Card,1,2530.74,0,2530.74
ORD100364,CUST00012,2024-01-21,Beauty,Sunscreen SPF50,South,Cash on Delivery,1,1096.48,5,1041.66
ORD103980,CUST00360,2024-10-08,Electronics,Smartwatch,West,Cash on Delivery,3,3887.43,0,11662.29
ORD106910,CUST00493,2023-07-04,Electronics,Laptop Sleeve,West,Credit Card,1,3869.47,0,3869.47
ORD108100,CUST00356,2024-11-26,Electronics,Smartwatch,South,UPI,1,3177.67,10,2859.9
ORD101292,CUST00114,2023-03-11,Beauty,Perfume,North,Credit Card,1,1060.22,0,1060.22
ORD103975,CUST00962,2024-10-26,Beauty,Sunscreen SPF50,North,Credit Card,1,290.61,20,232.49
ORD108470,CUST00270,2024-05-26,Sports,Yoga Mat,South,Net Banking,1,1240.82,0,1240.82
ORD106977,CUST00758,2024-11-07,Home & Kitchen,Non-stick Pan,South,Debit Card,1,1339.82,0,1339.82
ORD108206,CUST00475,2023-05-20,Fashion,Denim Jacket,Central,UPI,1,2103.76,0,2103.76
ORD100999,CUST00291,2024-11-26,Beauty,Lip Balm Set,West,Credit Card,1,477.48,20,381.98
ORD103172,CUST00355,2024-01-10,Beauty,Perfume,South,Debit Card,2,1174.98,5,2232.46
ORD101036,CUST00541,2023-06-14,Home & Kitchen,Non-stick Pan,West,Credit Card,1,1038.7,10,934.83
ORD105749,CUST00754,2024-05-12,Beauty,Hair Dryer,East,Credit Card,1,1358.47,20,1086.78
ORD108620,CUST00418,2024-10-25,Electronics,Wireless Earbuds,,UPI,2,3725.36,0,7450.72
ORD102802,CUST00504,2024-12-01,Home & Kitchen,Water Bottle,West,UPI,3,1660.16,15,4233.41
ORD105184,CUST00550,2024-08-02,Fashion,Running Shoes,North,Net Banking,3,749.67,0,2249.01
ORD102694,CUST00745,2023-09-04,Books,Business Biography,East,Cash on Delivery,2,295.64,0,591.28
ORD101336,CUST01014,2023-10-16,Sports,Dumbbell Set,North,Credit Card,1,1925.61,15,1636.77
ORD100995,CUST00471,2024-07-12,Home & Kitchen,Non-stick Pan,North,Debit Card,1,226.76,0,226.76
ORD100220,CUST00900,2024-03-25,home & kitchen,Water Bottle,Central,Debit Card,2,967.02,15,1643.93
ORD102401,CUST00248,2024-08-03,Books,Business Biography,South,UPI,2,702.36,30,983.3
ORD108713,CUST00958,2023-08-16,Beauty,Lip Balm Set,West,Net Banking,1,434.12,0,434.12
ORD108750,CUST00712,2023-04-18,Fashion,Cotton T-Shirt,East,Credit Card,1,2286.3,0,2286.3
ORD108065,CUST00485,2024-07-07,Sports,Cycling Gloves,East,UPI,3,1082.76,0,3248.28
ORD103821,CUST00438,2024-02-26,Home & Kitchen,Cushion Cover,East,Net Banking,1,934.12,10,840.71
ORD100249,CUST00587,2024-02-19,Books,Kids Storybook,West,Debit Card,2,648.24,0,1296.48
ORD102007,CUST00050,2024-12-30,Beauty,Sunscreen SPF50,North,Net Banking,1,711.27,15,604.58
ORD106261,CUST00097,2024-10-25,Beauty,Sunscreen SPF50,East,UPI,2,1456.95,20,2331.12
ORD103030,CUST00128,2024-04-18,Sports,Cricket Bat,,Credit Card,2,2330.91,0,4661.82
ORD105288,CUST00944,2024-07-18,Electronics,Smartwatch,East,Debit Card,1,3631.77,5,3450.18
ORD101886,CUST01106,2023-05-29,Home & Kitchen,Storage Organizer,North,Credit Card,1,1905.22,0,1905.22
ORD107555,CUST01018,2024-08-07,Electronics,Smartwatch,North,Debit Card,1,3492.98,5,3318.33
ORD104659,CUST00024,2024-03-12,Sports,Yoga Mat,Central,Credit Card,1,2931.11,10,2638.0
ORD107622,CUST00321,2024-10-20,Beauty,Sunscreen SPF50,Central,Net Banking,1,1069.82,0,1069.82
ORD103466,CUST00210,2024-02-15,Home & Kitchen,Non-stick Pan,North,UPI,1,1923.44,0,1923.44
ORD102538,CUST00565,2023-02-20,Electronics,Smartwatch,North,Credit Card,1,2408.06,10,2167.25
ORD107679,CUST00003,2023-11-02,Electronics,Laptop Sleeve,East,Net Banking,2,2483.98,0,4967.96
ORD104481,CUST01197,2024-10-06,books,Kids Storybook,Central,Credit Card,1,432.61,0,432.61
ORD107699,CUST01007,2024-08-31,Beauty,Sunscreen SPF50,South,,1,851.25,0,851.25
ORD104618,CUST00247,2024-08-10,Fashion,Sunglasses,West,UPI,1,583.08,20,466.46
ORD100591,CUST00114,2023-04-05,Home & Kitchen,LED Lamp,West,Credit Card,1,578.95,0,578.95
ORD108103,CUST00265,2023-08-21,Fashion,Cotton T-Shirt,East,Credit Card,2,2065.0,0,4130.0
ORD108351,CUST00653,2024-03-22,Fashion,Leather Wallet,Central,Credit Card,2,1353.86,30,1895.4
ORD102202,CUST00595,2024-03-22,Home & Kitchen,LED Lamp,West,Net Banking,1,1765.51,0,1765.51
ORD102225,CUST00560,2024-12-29,Books,Self-Help Book,West,Credit Card,1,451.77,15,384.0
ORD102259,CUST00570,2024-04-16,Home & Kitchen,Cushion Cover,West,Cash on Delivery,1,1760.21,0,1760.21
ORD104478,CUST00749,2024-05-10,Books,Kids Storybook,North,UPI,1,261.28,5,248.22
ORD100518,CUST00022,2024-06-01,Home & Kitchen,Cushion Cover,Central,Credit Card,2,709.79,5,1348.6
ORD104669,CUST00129,2024-02-25,Home & Kitchen,LED Lamp,North,UPI,1,1866.28,0,1866.28
ORD105684,CUST00168,2024-09-26,Home & Kitchen,Water Bottle,South,Credit Card,1,1034.92,0,1034.92
ORD106753,CUST00380,2024-03-02,Electronics,Smartwatch,East,Net Banking,1,1223.37,30,856.36
ORD106948,CUST00731,2023-02-20,Home & Kitchen,Water Bottle,West,UPI,1,1806.67,0,1806.67
ORD103104,CUST01080,2024-05-19,Home & Kitchen,LED Lamp,West,Credit Card,3,1230.77,0,3692.31
ORD104062,CUST00274,2024-11-08,Electronics,Wireless Earbuds,East,UPI,1,2277.11,0,2277.11
ORD108248,CUST00373,2024-07-23,Sports,Yoga Mat,East,UPI,1,2392.7,0,2392.7
ORD106622,CUST00842,2024-05-02,Electronics,Bluetooth Speaker,East,Debit Card,2,1755.96,0,3511.92
ORD107511,CUST00964,2023-11-29,Home & Kitchen,Water Bottle,North,Net Banking,1,1818.06,15,1545.35
ORD103045,CUST01070,2024-02-13,Home & Kitchen,Cushion Cover,North,UPI,1,1193.68,0,1193.68
ORD104672,CUST00904,2024-09-19,Electronics,Power Bank,West,UPI,1,4182.88,15,3555.45
ORD101650,CUST01147,2024-12-15,Sports,Cricket Bat,South,Debit Card,2,267.84,20,428.54
ORD108569,CUST01101,2024-08-06,Electronics,Wireless Earbuds,North,Debit Card,1,2942.42,0,2942.42
ORD106163,CUST00333,2024-03-28,Electronics,Wireless Earbuds,South,Debit Card,1,2437.66,0,2437.66
ORD106056,CUST01041,2024-09-20,Home & Kitchen,LED Lamp,West,Credit Card,1,1713.88,15,1456.8
ORD100254,CUST01039,2024-09-04,electronics,Power Bank,South,Credit Card,2,1401.85,0,2803.7
ORD104647,CUST00565,2023-02-21,Electronics,Wireless Earbuds,Central,Credit Card,1,1296.4,5,1231.58
ORD105731,CUST00165,2023-10-20,Electronics,Wireless Earbuds,South,Credit Card,2,3639.19,20,5822.7
ORD101274,CUST00357,2024-10-03,Beauty,Face Serum,East,Credit Card,1,520.42,30,364.29
ORD101816,CUST00646,2023-11-01,Electronics,Wireless Earbuds,East,Credit Card,1,2297.02,5,2182.17
ORD104851,CUST00471,2024-08-28,Fashion,Running Shoes,South,Credit Card,2,1005.56,0,2011.12
ORD102634,CUST00229,2024-12-12,Beauty,Lip Balm Set,South,Credit Card,1,665.05,10,598.54
ORD101327,CUST00221,2023-12-19,Home & Kitchen,Non-stick Pan,North,UPI,1,1746.85,0,1746.85
ORD104735,CUST00344,2024-12-12,Home & Kitchen,LED Lamp,Central,Debit Card,1,585.5,0,585.5
ORD101053,CUST00541,2023-02-09,Sports,Resistance Bands,East,Cash on Delivery,3,2157.03,5,6147.54
ORD100043,CUST00962,2024-08-28,Beauty,Hair Dryer,South,Debit Card,1,1338.42,5,1271.5
ORD100007,CUST00965,2024-11-26,Home & Kitchen,Cushion Cover,East,Credit Card,1,403.3,10,362.97
ORD100480,CUST00942,2024-01-01,Electronics,Power Bank,South,UPI,1,974.73,20,779.78
ORD105590,CUST00746,2024-01-05,Electronics,Laptop Sleeve,West,Net Banking,1,1070.42,5,1016.9
ORD100471,CUST00161,2024-10-22,Fashion,Running Shoes,East,Credit Card,1,2485.87,10,2237.28
ORD104517,CUST00592,2024-06-08,Electronics,Smartwatch,South,Credit Card,2,1479.84,5,2811.7
ORD108933,CUST00970,2023-07-24,Sports,Resistance Bands,Central,UPI,2,792.84,5,1506.4
ORD102237,CUST00195,2024-08-16,Books,Fiction Novel,Central,Debit Card,1,541.36,0,541.36
ORD107667,CUST00629,2024-06-14,Electronics,Bluetooth Speaker,West,Debit Card,1,2642.59,0,2642.59
ORD107168,CUST01190,2024-10-04,Beauty,Lip Balm Set,South,Credit Card,1,898.81,10,808.93
ORD100654,CUST00736,2023-02-16,Fashion,Cotton T-Shirt,East,UPI,2,311.77,20,498.83
ORD107044,CUST00557,2024-07-15,Books,Cookbook,North,Credit Card,4,349.21,0,1396.84
ORD100437,CUST00165,2024-01-28,Sports,Yoga Mat,East,UPI,2,778.95,10,1402.11
ORD104404,CUST00918,2024-01-21,Home & Kitchen,Storage Organizer,Central,Debit Card,1,603.67,0,603.67
ORD100464,CUST00203,2024-01-02,Electronics,Bluetooth Speaker,Central,Credit Card,1,2610.33,10,2349.3
ORD103902,CUST00002,2024-05-15,Books,Fiction Novel,West,Debit Card,1,398.53,0,398.53
ORD104563,CUST00937,2024-04-06,Electronics,Smartwatch,North,Net Banking,1,3217.84,0,3217.84
ORD101691,CUST00317,2024-10-13,Beauty,Hair Dryer,South,Credit Card,1,1247.64,20,998.11
ORD105129,CUST00071,2024-10-25,Electronics,Power Bank,West,Cash on Delivery,1,3300.34,0,3300.34
ORD100697,CUST00589,2024-10-19,Electronics,Laptop Sleeve,South,,1,3568.46,0,3568.46
ORD102230,CUST00919,2023-04-24,Sports,Yoga Mat,North,Credit Card,1,1108.52,0,1108.52
ORD107519,CUST00404,2024-07-26,Home & Kitchen,Non-stick Pan,West,Debit Card,1,1034.05,15,878.94
ORD102695,CUST00828,2023-06-17,Fashion,Cotton T-Shirt,West,Credit Card,2,1840.14,0,3680.28
ORD100065,CUST01199,2023-10-08,Fashion,Leather Wallet,East,Debit Card,1,2204.8,0,2204.8
ORD101348,CUST01136,2023-06-20,Books,Fiction Novel,East,Credit Card,1,371.15,20,296.92
ORD102415,CUST00731,2023-06-01,Home & Kitchen,Cushion Cover,West,Credit Card,1,984.1,10,885.69
ORD102480,CUST00326,2024-08-22,Beauty,Lip Balm Set,East,UPI,2,820.67,0,1641.34
ORD105528,CUST00128,2024-09-11,fashion,Cotton T-Shirt,South,UPI,1,1646.55,0,1646.55
ORD102149,CUST01095,2024-04-06,Electronics,Wireless Earbuds,East,Credit Card,3,1967.72,10,5312.84
ORD107554,CUST00108,2024-07-19,Fashion,Sunglasses,North,Credit Card,1,918.2,0,918.2
ORD102096,CUST00091,2023-12-15,Electronics,Smartwatch,East,Credit Card,2,2626.76,0,5253.52
ORD106188,CUST00772,2023-08-14,Home & Kitchen,Cushion Cover,Central,UPI,1,1771.78,20,1417.42
ORD106697,CUST00300,2024-11-02,Home & Kitchen,Cushion Cover,North,Credit Card,1,937.85,0,937.85
ORD105091,CUST00128,2024-02-12,Electronics,Power Bank,North,UPI,2,4031.7,5,7660.23
ORD106467,CUST00924,2024-10-09,Fashion,Cotton T-Shirt,East,UPI,1,2009.65,0,2009.65
ORD101810,CUST00514,2024-03-05,Home & Kitchen,Water Bottle,East,UPI,2,885.93,0,1771.86
ORD107190,CUST00589,2024-04-10,Fashion,Running Shoes,North,UPI,2,1957.35,0,3914.7
ORD108228,CUST00128,2024-10-11,Fashion,Cotton T-Shirt,East,UPI,4,1704.31,5,6476.38
ORD105876,CUST00259,2023-11-03,Home & Kitchen,Non-stick Pan,Central,UPI,1,227.73,15,193.57
ORD108074,CUST00191,2024-07-24,Sports,Cricket Bat,North,UPI,1,845.81,0,845.81
ORD106205,CUST01100,2023-12-10,Electronics,Laptop Sleeve,North,Credit Card,1,941.4,0,941.4
ORD107456,CUST00254,2023-12-14,Sports,Cricket Bat,East,UPI,1,2642.7,0,2642.7
ORD102047,CUST00877,2023-04-19,Electronics,Laptop Sleeve,North,UPI,1,1892.11,0,1892.11
ORD103852,CUST00457,2024-04-29,Sports,Cycling Gloves,West,Debit Card,4,1004.93,10,3617.75
ORD104225,CUST00471,2024-03-17,Fashion,Sunglasses,South,Cash on Delivery,1,330.54,10,297.49
ORD107228,CUST00191,2024-07-17,Electronics,Laptop Sleeve,East,,1,1982.88,5,1883.74
ORD107517,CUST00722,2024-08-15,Beauty,Lip Balm Set,South,UPI,1,869.37,0,869.37
ORD100849,CUST00051,2024-01-29,Fashion,Sunglasses,Central,Credit Card,2,1711.07,0,3422.14
ORD108209,CUST00458,2024-04-03,Home & Kitchen,Cushion Cover,North,Credit Card,2,1044.47,0,2088.94
ORD103965,CUST00971,2024-09-12,Electronics,Laptop Sleeve,North,Debit Card,2,3982.17,0,7964.34
ORD100417,CUST00541,2023-01-22,Books,Business Biography,East,Credit Card,1,294.48,10,265.03
ORD103718,CUST01136,2023-10-15,Fashion,Cotton T-Shirt,Central,Credit Card,1,1567.14,15,1332.07
ORD107789,CUST01019,2024-02-14,sports,Cricket Bat,Central,Credit Card,1,1554.48,0,1554.48
ORD107586,CUST00128,2024-03-06,Home & Kitchen,Non-stick Pan,West,UPI,1,1204.48,10,1084.03
ORD102285,CUST00198,2023-07-26,Electronics,Wireless Earbuds,East,Debit Card,1,4222.22,0,4222.22
ORD107771,CUST00331,2024-06-23,Fashion,Sunglasses,Central,Cash on Delivery,2,2337.17,0,4674.34
ORD105294,CUST00873,2024-05-16,Electronics,Smartwatch,West,Cash on Delivery,1,1530.5,20,1224.4
ORD102549,CUST00916,2023-10-05,Electronics,Wireless Earbuds,East,UPI,2,2252.26,5,-4279.29
ORD104173,CUST00128,2024-04-05,Home & Kitchen,Storage Organizer,East,UPI,1,1053.39,5,1000.72
ORD104356,CUST00850,2024-12-13,Home & Kitchen,Water Bottle,East,Net Banking,1,484.85,0,484.85
ORD101922,CUST00418,2024-11-05,Electronics,Wireless Earbuds,East,Net Banking,4,3061.46,30,8572.09
ORD108099,CUST01101,2024-11-22,Beauty,Perfume,North,Credit Card,1,1103.82,30,772.67
ORD105489,CUST00859,2024-11-04,Beauty,Face Serum,North,Credit Card,2,960.09,0,1920.18
ORD102570,CUST00564,2024-07-30,Sports,Cricket Bat,South,Cash on Delivery,2,2949.53,0,5899.06
ORD103761,CUST00128,2024-05-29,Fashion,Leather Wallet,West,Net Banking,1,2294.62,5,2179.89
ORD108909,CUST00649,2024-12-02,Beauty,Sunscreen SPF50,South,UPI,2,461.11,5,876.11
ORD102102,CUST01177,2024-08-03,Home & Kitchen,Storage Organizer,East,UPI,1,1077.53,15,915.9
ORD107809,CUST00525,2023-07-09,Fashion,Running Shoes,Central,,1,1918.16,10,1726.34
ORD100998,CUST00475,2023-02-28,Books,Kids Storybook,South,UPI,1,691.3,10,622.17
ORD108747,CUST00361,2023-08-25,Home & Kitchen,Water Bottle,East,UPI,1,1035.28,5,983.52
ORD102232,CUST00114,2024-02-11,Electronics,Laptop Sleeve,South,UPI,1,962.83,0,962.83
ORD108659,CUST00015,2024-02-15,Beauty,Face Serum,Central,UPI,1,550.23,0,550.23
ORD101481,CUST00199,2024-10-08,Fashion,Denim Jacket,East,Credit Card,1,2257.37,0,2257.37
ORD106040,CUST00245,2024-03-31,Electronics,Smartwatch,East,Net Banking,1,4063.91,30,2844.74
ORD100382,CUST00228,2023-06-23,Electronics,Power Bank,West,Net Banking,2,2697.59,0,5395.18
ORD107242,CUST00346,2023-09-06,Electronics,Smartwatch,North,Debit Card,1,4406.05,15,3745.14
ORD108740,CUST00720,2024-04-22,Fashion,Sunglasses,East,Debit Card,1,1024.4,10,921.96
ORD106301,CUST00053,2024-02-19,Fashion,Running Shoes,North,Cash on Delivery,1,2381.18,0,2381.18
ORD104272,CUST00248,2024-06-09,Home & Kitchen,Non-stick Pan,North,Debit Card,1,1196.27,0,1196.27
ORD104781,CUST00937,2024-04-30,Sports,Yoga Mat,North,Credit Card,1,2309.6,0,2309.6
ORD104654,CUST00793,2024-06-25,Sports,Dumbbell Set,East,Debit Card,1,773.45,20,618.76
ORD104931,CUST00418,2024-10-29,Beauty,Sunscreen SPF50,Central,Debit Card,1,960.81,5,912.77
ORD108176,CUST00245,2024-07-10,Fashion,Cotton T-Shirt,South,UPI,4,883.2,10,3179.52
ORD100029,CUST00420,2024-09-11,Beauty,Lip Balm Set,East,UPI,1,1052.57,0,1052.57
ORD104559,CUST00199,2024-10-07,Fashion,Running Shoes,West,UPI,2,2431.15,0,4862.3
ORD103811,CUST01132,2024-11-20,Fashion,Sunglasses,East,Credit Card,1,2388.6,0,2388.6
ORD107664,CUST00372,2024-02-22,Fashion,Running Shoes,North,Debit Card,2,343.89,30,481.45
ORD105012,CUST00242,2024-10-08,Home & Kitchen,LED Lamp,South,UPI,2,1983.36,0,3966.72
ORD105921,CUST00189,2024-11-30,Home & Kitchen,LED Lamp,East,UPI,2,1183.38,0,2366.76
ORD108837,CUST00404,2024-07-31,Fashion,Leather Wallet,West,UPI,1,2281.72,0,2281.72
ORD108180,CUST00221,2023-05-03,Fashion,Sunglasses,North,UPI,1,814.8,15,692.58
ORD100321,CUST00587,2024-02-28,Sports,Dumbbell Set,West,UPI,2,2791.2,5,5303.28
ORD101823,CUST00962,2024-09-16,Fashion,Sunglasses,North,Net Banking,1,1337.51,15,1136.88
ORD106920,CUST01113,2024-11-08,Fashion,Denim Jacket,East,Credit Card,1,2103.11,10,1892.8
ORD103697,CUST00247,2024-08-09,Fashion,Denim Jacket,South,UPI,1,2403.56,0,2403.56
ORD104614,CUST00717,2024-09-25,Electronics,Power Bank,South,Credit Card,1,2508.39,0,2508.39
ORD107091,CUST00913,2023-09-12,Sports,Dumbbell Set,Central,,2,666.97,20,1067.15
ORD103684,CUST00128,2024-03-26,Home & Kitchen,Storage Organizer,Central,Net Banking,3,1600.89,0,4802.67
ORD103344,CUST00001,2023-06-17,Electronics,Wireless Earbuds,South,Credit Card,2,1683.34,0,3366.68
ORD105802,CUST01077,2024-10-05,Fashion,Leather Wallet,Central,Debit Card,1,698.15,5,663.24
ORD105968,CUST00073,2024-06-03,Books,Kids Storybook,North,UPI,1,322.42,0,322.42
ORD107290,CUST00245,2024-11-13,Home & Kitchen,LED Lamp,North,Net Banking,2,1264.36,10,2275.85
ORD107923,CUST00211,2024-10-15,Beauty,Lip Balm Set,East,Debit Card,2,680.03,0,1360.06
ORD104691,CUST00656,2024-01-19,Electronics,Smartwatch,North,Debit Card,2,4035.62,0,8071.24
ORD107406,CUST00467,2023-11-22,Home & Kitchen,Storage Organizer,Central,Credit Card,1,1920.92,0,1920.92
ORD104565,CUST01200,2024-05-08,Sports,Yoga Mat,Central,UPI,1,1359.42,10,1223.48
ORD103944,CUST00671,2024-11-20,Home & Kitchen,LED Lamp,Central,Debit Card,1,1268.75,0,1268.75
ORD107229,CUST00646,2024-04-02,Fashion,Running Shoes,Central,UPI,3,2143.7,0,6431.1
ORD107183,CUST00034,2024-01-19,Electronics,Laptop Sleeve,North,Debit Card,2,1556.86,10,2802.35
ORD108807,CUST00479,2024-01-02,Electronics,Bluetooth Speaker,North,Debit Card,2,3115.6,20,4984.96
ORD106511,CUST00128,2024-03-15,Electronics,Bluetooth Speaker,West,Credit Card,2,4272.24,0,8544.48
ORD103280,CUST00518,2024-12-21,Beauty,Perfume,North,Debit Card,3,1430.45,0,4291.35
ORD106389,CUST00758,2024-10-21,home & kitchen,Non-stick Pan,East,Net Banking,1,1377.54,5,1308.66
ORD102947,CUST00161,2024-11-10,Electronics,Laptop Sleeve,Central,UPI,1,834.11,0,834.11
ORD105650,CUST00916,2023-10-22,Electronics,Wireless Earbuds,East,Cash on Delivery,2,1109.0,30,1552.6
ORD103185,CUST01007,2024-10-21,Home & Kitchen,Non-stick Pan,North,Credit Card,2,226.08,20,361.73
ORD103167,CUST00970,2024-01-21,Home & Kitchen,LED Lamp,East,UPI,3,1244.09,0,3732.27
ORD100097,CUST00221,2023-12-09,Beauty,Perfume,Central,UPI,1,1174.74,15,998.53
ORD108043,CUST00248,2023-10-15,Electronics,Smartwatch,West,UPI,2,1263.73,0,2527.46
ORD106308,CUST00090,2023-11-17,Electronics,Wireless Earbuds,Central,UPI,3,3243.69,0,9731.07
ORD102429,CUST00418,2024-11-29,Electronics,Laptop Sleeve,West,Credit Card,2,913.35,15,1552.7
ORD102245,CUST00128,2024-02-28,beauty,Perfume,East,Credit Card,1,1217.25,0,1217.25
ORD107965,CUST01083,2023-06-05,Electronics,Bluetooth Speaker,East,UPI,1,3138.35,5,2981.43
ORD102076,CUST01039,2024-08-20,Electronics,Power Bank,South,Net Banking,1,1793.87,5,1704.18
ORD100447,CUST01191,2024-06-27,Sports,Resistance Bands,North,Cash on Delivery,2,818.69,0,1637.38
ORD105772,CUST00049,2023-10-22,Electronics,Smartwatch,South,Net Banking,1,2886.28,10,2597.65
ORD105829,CUST00181,2024-01-12,Electronics,Wireless Earbuds,North,UPI,1,2684.91,0,2684.91
ORD105993,CUST00104,2024-11-07,Sports,Cricket Bat,North,Debit Card,2,1386.22,15,2356.57
ORD108457,CUST00363,2024-05-17,Fashion,Sunglasses,South,Debit Card,2,403.33,0,806.66
ORD106964,CUST00694,2024-07-15,Electronics,Power Bank,South,UPI,1,2966.63,0,2966.63
ORD100014,CUST00816,2024-08-02,Books,Fiction Novel,West,Credit Card,2,348.09,0,696.18
ORD104393,CUST00983,2024-08-14,Fashion,Running Shoes,Central,UPI,2,2498.21,0,4996.42
ORD107278,CUST00221,2023-12-18,Fashion,Running Shoes,East,Credit Card,1,739.79,0,739.79
ORD101215,CUST00404,2024-07-30,Sports,Yoga Mat,,Credit Card,2,1298.6,20,2077.76
ORD105663,CUST01147,2024-12-07,Home & Kitchen,Storage Organizer,East,UPI,2,1883.22,10,3389.8
ORD107744,CUST00024,2024-08-01,Books,Business Biography,North,UPI,1,340.55,0,340.55
ORD103794,CUST00234,2024-04-15,Beauty,Face Serum,South,UPI,1,746.84,0,746.84
ORD107034,CUST00965,2024-09-09,Beauty,Hair Dryer,North,Net Banking,1,400.7,10,360.63
ORD106226,CUST00129,2024-02-07,Electronics,Smartwatch,West,Credit Card,1,3488.88,15,2965.55
ORD105924,CUST01097,2024-09-28,Sports,Dumbbell Set,North,Debit Card,1,2358.86,15,2005.03
ORD106865,CUST00917,2024-09-17,Beauty,Face Serum,Central,Credit Card,3,580.85,10,1568.3
ORD108775,CUST00471,2024-04-13,Home & Kitchen,Cushion Cover,North,Net Banking,1,704.14,30,492.9
ORD107676,CUST00031,2023-10-10,Fashion,Running Shoes,Central,Debit Card,3,2038.24,20,4891.78
ORD102342,CUST00093,2023-09-16,Sports,Cricket Bat,Central,UPI,1,1943.57,0,1943.57
ORD100286,CUST00962,2024-08-18,Beauty,Perfume,North,Credit Card,2,537.75,0,1075.5
ORD103843,CUST00108,2024-10-06,Beauty,Hair Dryer,South,Cash on Delivery,1,248.57,15,211.28
ORD104218,CUST00421,2023-11-05,Fashion,Sunglasses,Central,Credit Card,2,1389.39,0,2778.78
ORD102312,CUST00654,2024-12-23,Sports,Cricket Bat,West,UPI,1,1389.17,0,1389.17
ORD102859,CUST01104,2024-09-10,Fashion,Cotton T-Shirt,West,Debit Card,1,1150.73,15,978.12
ORD100779,CUST00250,2024-01-27,Books,Business Biography,West,,2,419.65,0,839.3
ORD105750,CUST01186,2024-06-10,Home & Kitchen,Cushion Cover,West,Credit Card,1,439.59,15,373.65
ORD101525,CUST00778,2024-03-25,Books,Self-Help Book,West,Net Banking,1,567.13,15,482.06
ORD104019,CUST00560,2024-04-30,Fashion,Sunglasses,South,UPI,1,1151.64,0,1151.64
ORD102052,CUST01181,2024-06-07,home & kitchen,LED Lamp,North,Debit Card,1,1133.33,5,1076.66
ORD104524,CUST00195,2024-07-19,Sports,Dumbbell Set,South,Credit Card,1,2582.81,0,2582.81
ORD107359,CUST00951,2024-06-02,Fashion,Leather Wallet,Central,Debit Card,1,1690.88,5,1606.34
ORD108253,CUST00471,2024-03-23,Sports,Resistance Bands,South,UPI,2,2164.28,0,4328.56
ORD105563,CUST00471,2024-04-29,Home & Kitchen,Non-stick Pan,Central,Credit Card,2,509.7,0,1019.4
ORD106660,CUST00218,2024-04-25,Electronics,Power Bank,West,Cash on Delivery,1,2569.68,0,2569.68
ORD108260,CUST00344,2024-12-22,Electronics,Laptop Sleeve,South,Net Banking,1,1099.43,15,934.52
ORD104996,CUST00118,2024-08-31,Electronics,Wireless Earbuds,North,UPI,2,867.73,10,1561.91
ORD105004,CUST00030,2023-02-15,Beauty,Face Serum,East,Cash on Delivery,1,764.42,0,764.42
ORD104446,CUST00708,2024-02-20,Fashion,Running Shoes,Central,Cash on Delivery,3,1646.1,30,-3456.81
ORD108564,CUST01058,2024-01-31,Fashion,Cotton T-Shirt,North,UPI,1,2125.54,0,2125.54
ORD100165,CUST00288,2024-07-03,Books,Business Biography,North,Debit Card,1,290.55,5,276.02
ORD107286,CUST00455,2023-09-11,Electronics,Bluetooth Speaker,East,Credit Card,1,2666.42,0,2666.42
ORD100660,CUST00307,2024-12-22,Electronics,Smartwatch,Central,Cash on Delivery,2,2061.88,15,3505.2
ORD106391,CUST01180,2023-12-07,Beauty,Lip Balm Set,South,Cash on Delivery,1,1085.88,5,1031.59
ORD103108,CUST00881,2024-06-30,Fashion,Running Shoes,West,Cash on Delivery,2,738.59,10,1329.46
ORD101339,CUST00580,2023-11-20,Fashion,Sunglasses,West,UPI,1,303.12,5,287.96
ORD101138,CUST01146,2024-08-22,Beauty,Perfume,East,Credit Card,1,287.55,15,244.42
ORD102618,CUST00272,2023-08-13,Home & Kitchen,LED Lamp,South,Debit Card,1,1699.66,15,1444.71
ORD106302,CUST00418,2024-10-24,Books,Kids Storybook,East,Credit Card,1,628.08,10,565.27
ORD104479,CUST00854,2024-11-10,Home & Kitchen,Non-stick Pan,West,Cash on Delivery,2,629.52,10,1133.14
ORD108075,CUST00518,2024-12-16,Home & Kitchen,Storage Organizer,South,Net Banking,2,1059.42,5,2012.9
ORD102216,CUST01033,2024-06-09,Books,Self-Help Book,West,UPI,1,249.21,0,249.21
ORD102188,CUST00046,2024-05-26,Home & Kitchen,Cushion Cover,East,Credit Card,1,1395.91,15,1186.52
ORD103832,CUST00566,2024-11-07,Fashion,Cotton T-Shirt,West,Net Banking,1,672.3,0,672.3
ORD103973,CUST00308,2023-08-16,Electronics,Wireless Earbuds,West,Net Banking,1,1774.5,0,1774.5
ORD104561,CUST00979,2024-12-09,Beauty,Sunscreen SPF50,Central,UPI,1,1179.47,15,1002.55
ORD105228,CUST00983,2024-08-24,Beauty,Lip Balm Set,South,Net Banking,2,747.69,0,1495.38
ORD100299,CUST00128,2024-03-13,Electronics,Smartwatch,East,UPI,2,2308.78,0,4617.56
ORD106541,CUST00598,2024-08-09,Home & Kitchen,LED Lamp,East,Credit Card,2,1379.89,10,2483.8
ORD101615,CUST00759,2023-11-20,Electronics,Laptop Sleeve,West,UPI,3,1715.29,0,5145.87
ORD105327,CUST00770,2024-08-08,Home & Kitchen,LED Lamp,Central,Cash on Delivery,1,835.67,0,835.67
ORD108031,CUST00581,2024-10-24,Home & Kitchen,Water Bottle,North,Credit Card,1,1222.31,0,1222.31
ORD106413,CUST00128,2024-03-22,Books,Business Biography,East,Debit Card,1,241.98,15,205.68
ORD105659,CUST00338,2023-12-17,fashion,Leather Wallet,Central,UPI,1,2071.51,0,2071.51
ORD101133,CUST00962,2024-12-21,Beauty,Hair Dryer,South,Cash on Delivery,1,259.73,5,246.74
ORD103081,CUST01147,2024-12-03,Beauty,Perfume,East,UPI,1,192.94,15,164.0
ORD103142,CUST00128,2024-08-20,Fashion,Running Shoes,East,UPI,1,758.35,5,720.43
ORD101937,CUST00143,2023-09-20,Sports,Yoga Mat,South,UPI,1,1743.01,0,1743.01
ORD106066,CUST00382,2024-08-24,Sports,Cricket Bat,South,UPI,1,2392.62,0,2392.62
ORD108589,CUST00805,2024-07-09,Sports,Yoga Mat,South,Cash on Delivery,1,383.74,0,383.74
ORD108259,CUST00071,2024-07-29,Fashion,Leather Wallet,North,UPI,2,986.71,10,1776.08
ORD101048,CUST00013,2024-07-28,Sports,Yoga Mat,South,Debit Card,1,2730.98,0,2730.98
ORD101427,CUST00071,2024-10-12,Home & Kitchen,Cushion Cover,West,Credit Card,1,978.47,0,978.47
ORD105243,CUST00078,2023-10-10,Home & Kitchen,LED Lamp,East,Credit Card,1,1038.53,5,986.6
ORD105624,CUST00541,2023-04-21,Electronics,Wireless Earbuds,Central,UPI,1,2283.39,5,2169.22
ORD104148,CUST01080,2024-06-09,Books,Self-Help Book,West,Debit Card,1,507.51,0,507.51
ORD100846,CUST00962,2024-10-06,Fashion,Sunglasses,East,UPI,4,2388.05,0,9552.2
ORD100251,CUST00070,2024-03-12,Home & Kitchen,Storage Organizer,West,Debit Card,4,1384.58,0,5538.32
ORD103034,CUST01074,2023-08-11,Electronics,Smartwatch,South,UPI,1,1745.37,20,1396.3
ORD101027,CUST00366,2024-09-19,Books,Business Biography,North,Net Banking,1,319.36,0,319.36
ORD108606,CUST00983,2024-07-27,Books,Self-Help Book,West,Credit Card,2,330.93,0,661.86
ORD100806,CUST00731,2023-11-13,Electronics,Laptop Sleeve,East,UPI,1,4411.46,0,4411.46
ORD101552,CUST00002,2024-03-30,Fashion,Denim Jacket,North,Debit Card,1,1055.19,0,1055.19
ORD100031,CUST00590,2024-09-29,Electronics,Power Bank,South,Cash on Delivery,1,1891.65,5,1797.07
ORD100715,CUST00034,2023-06-18,Beauty,Sunscreen SPF50,North,Cash on Delivery,1,1470.98,5,1397.43
ORD102384,CUST00507,2023-07-15,Books,Fiction Novel,South,UPI,1,349.19,0,349.19
ORD107074,CUST00380,2024-02-25,Beauty,Perfume,West,UPI,1,251.2,0,251.2
ORD100811,CUST00892,2024-09-21,Beauty,Lip Balm Set,West,Credit Card,1,1140.39,15,969.33
ORD105703,CUST00500,2024-08-19,Beauty,Perfume,South,UPI,2,1343.9,0,2687.8
ORD108250,CUST00121,2024-10-08,Electronics,Wireless Earbuds,Central,UPI,1,1770.43,5,1681.91
ORD101484,CUST00609,2023-10-30,Home & Kitchen,Water Bottle,South,UPI,1,1897.05,20,1517.64
ORD103459,CUST00438,2024-10-18,Electronics,Smartwatch,Central,Debit Card,1,2552.8,5,2425.16
ORD107374,CUST00128,2024-02-02,Fashion,Denim Jacket,West,UPI,2,362.21,15,615.76
ORD101044,CUST00937,2023-11-27,Fashion,Running Shoes,Central,UPI,3,1480.58,5,4219.65
ORD102052,CUST01181,2024-06-07,home & kitchen,LED Lamp,North,Debit Card,1,1133.33,5,1076.66
ORD106116,CUST00380,2024-02-06,Beauty,Hair Dryer,South,Debit Card,1,155.14,15,131.87
ORD105855,CUST00300,2024-11-08,Electronics,Power Bank,East,Debit Card,1,2079.42,30,1455.59
ORD102144,CUST00191,2024-08-19,Fashion,Denim Jacket,West,UPI,1,592.49,0,592.49
ORD102489,CUST00917,2024-07-05,Electronics,Smartwatch,East,Net Banking,1,3364.79,0,3364.79
ORD103244,CUST00114,2023-10-11,Fashion,Running Shoes,South,Debit Card,1,1805.29,10,1624.76
ORD106452,CUST00785,2023-09-05,Electronics,Wireless Earbuds,East,Net Banking,3,3160.97,5,9008.76
ORD105462,CUST00161,2024-10-10,Sports,Cricket Bat,Central,Debit Card,1,1370.92,0,1370.92
ORD105165,CUST00970,2023-05-14,Electronics,Power Bank,South,UPI,2,927.6,20,1484.16
ORD103191,CUST00845,2024-05-31,Electronics,Power Bank,East,Cash on Delivery,1,1906.5,0,1906.5
ORD107468,CUST00735,2024-05-09,Electronics,Bluetooth Speaker,Central,,1,3392.84,5,3223.2
ORD107768,CUST00855,2024-11-28,Beauty,Face Serum,Central,Debit Card,2,1491.32,0,2982.64
ORD103987,CUST00884,2024-04-19,Electronics,Power Bank,West,Credit Card,1,3216.28,0,3216.28
ORD100330,CUST00979,2024-07-12,Sports,Cricket Bat,East,Debit Card,2,1814.63,15,3084.87
ORD106536,CUST01167,2024-06-20,Electronics,Laptop Sleeve,South,Credit Card,2,2722.6,10,4900.68
ORD101891,CUST00315,2024-02-25,Home & Kitchen,Water Bottle,East,UPI,4,1228.61,5,4668.72
ORD103510,CUST01077,2024-10-18,Fashion,Denim Jacket,North,UPI,1,1661.88,15,1412.6
ORD108804,CUST00500,2023-09-30,Electronics,Bluetooth Speaker,Central,Debit Card,2,1691.07,30,2367.5
ORD105611,CUST00361,2023-07-22,Beauty,Sunscreen SPF50,South,Net Banking,1,286.61,0,286.61
ORD100861,CUST00727,2023-05-10,Fashion,Denim Jacket,West,Cash on Delivery,1,1464.76,0,1464.76
ORD106889,CUST01189,2023-12-10,Home & Kitchen,Non-stick Pan,East,UPI,1,423.56,0,423.56
ORD106874,CUST00161,2024-10-08,Electronics,Smartwatch,North,Debit Card,2,2721.68,15,4626.86
ORD101198,CUST00672,2024-02-14,Home & Kitchen,LED Lamp,West,Cash on Delivery,1,313.43,0,313.43
ORD105207,CUST00916,2024-05-15,Sports,Yoga Mat,Central,UPI,1,457.87,0,457.87
ORD104423,CUST00240,2024-08-22,Books,Fiction Novel,South,Credit Card,1,223.0,10,200.7
ORD103951,CUST00375,2023-09-24,Sports,Resistance Bands,West,Credit Card,2,797.17,15,1355.19
ORD101088,CUST00186,2024-10-07,Beauty,Perfume,Central,UPI,1,1269.01,0,1269.01
ORD104219,CUST00161,2024-10-04,Electronics,Power Bank,North,Cash on Delivery,1,2182.38,0,2182.38
ORD102515,CUST00250,2024-09-05,Fashion,Leather Wallet,East,Net Banking,1,555.53,0,555.53
ORD100003,CUST00322,2024-09-21,Books,Cookbook,North,Debit Card,2,723.57,5,1374.78
ORD103757,CUST00324,2023-07-16,Electronics,Laptop Sleeve,East,Credit Card,1,2524.85,0,2524.85
ORD106738,CUST00294,2023-12-01,Beauty,Face Serum,West,UPI,3,1271.16,0,3813.48
ORD103724,CUST00639,2023-09-29,Fashion,Cotton T-Shirt,South,Debit Card,1,590.03,0,590.03
ORD102093,CUST00430,2024-11-16,Electronics,Laptop Sleeve,East,UPI,1,3044.5,10,2740.05
ORD104040,CUST00128,2024-04-13,Fashion,Sunglasses,Central,Cash on Delivery,2,658.75,20,1054.0
ORD105586,CUST00471,2024-04-06,Beauty,Perfume,East,Credit Card,2,1446.37,15,2458.83
ORD102459,CUST01080,2024-04-21,fashion,Denim Jacket,North,Cash on Delivery,2,2164.04,0,4328.08
ORD104710,CUST00078,2023-10-04,Electronics,Laptop Sleeve,North,Debit Card,2,1758.72,10,3165.7
ORD100549,CUST00962,2024-10-29,Books,Self-Help Book,South,UPI,1,777.75,15,661.09
ORD104652,CUST00560,2024-05-04,Home & Kitchen,Storage Organizer,West,,1,1228.52,0,1228.52
ORD106298,CUST00450,2024-02-09,Electronics,Power Bank,North,Credit Card,1,3784.17,0,3784.17
ORD106685,CUST00205,2024-12-10,Fashion,Running Shoes,West,Debit Card,2,1811.27,0,3622.54
ORD105581,CUST00825,2023-11-17,Sports,Yoga Mat,East,UPI,1,1724.02,5,1637.82
ORD107935,CUST00084,2024-07-14,Fashion,Running Shoes,North,UPI,1,1465.4,10,1318.86
ORD104360,CUST00910,2024-09-08,Fashion,Sunglasses,East,UPI,1,1698.12,10,1528.31
ORD108168,CUST00128,2024-05-10,Electronics,Laptop Sleeve,South,Debit Card,1,4335.84,0,4335.84
ORD103972,CUST00140,2024-05-08,Books,Kids Storybook,North,UPI,2,526.58,15,895.19
ORD101471,CUST01163,2024-04-18,Sports,Yoga Mat,West,Credit Card,1,770.32,10,693.29
ORD101234,CUST00894,2024-03-21,Home & Kitchen,Cushion Cover,West,Debit Card,1,1573.1,5,1494.44
ORD101154,CUST00865,2023-10-15,Fashion,Running Shoes,South,UPI,1,2078.61,0,2078.61
ORD101401,CUST00083,2023-12-05,Electronics,Bluetooth Speaker,West,Debit Card,1,4422.08,0,4422.08
ORD107267,CUST00034,2023-04-17,Sports,Cycling Gloves,South,Cash on Delivery,1,1516.56,0,1516.56
ORD100918,CUST00900,2024-12-02,Fashion,Cotton T-Shirt,West,UPI,1,1110.74,10,999.67
ORD104520,CUST00918,2023-09-21,Books,Self-Help Book,Central,UPI,2,361.48,0,722.96
ORD105160,CUST00460,2024-12-06,Beauty,Face Serum,West,Credit Card,3,1224.52,0,3673.56
ORD102348,CUST00125,2023-02-15,Beauty,Lip Balm Set,East,Debit Card,3,390.8,0,1172.4
ORD108399,CUST01155,2023-06-12,Beauty,Lip Balm Set,East,Credit Card,1,1199.86,0,1199.86
ORD103660,CUST00316,2023-11-18,Electronics,Power Bank,Central,Debit Card,1,3530.61,5,3354.08
ORD107980,CUST00212,2024-11-08,Home & Kitchen,LED Lamp,East,Debit Card,1,1374.16,15,1168.04
ORD102601,CUST00404,2024-09-26,Home & Kitchen,Non-stick Pan,North,Net Banking,1,578.6,5,549.67
ORD105608,CUST00880,2024-03-20,Fashion,Running Shoes,West,Cash on Delivery,1,770.1,10,693.09
ORD103633,CUST00332,2023-05-06,Electronics,Bluetooth Speaker,West,Credit Card,3,1771.31,0,5313.93
ORD101821,CUST00128,2024-02-23,Electronics,Laptop Sleeve,East,Cash on Delivery,1,3059.89,10,2753.9
ORD100467,CUST00030,2023-02-23,Sports,Yoga Mat,South,UPI,4,2061.98,0,8247.92
ORD104440,CUST00711,2024-09-11,Electronics,Laptop Sleeve,West,UPI,1,1805.96,0,1805.96
ORD105097,CUST00208,2023-10-20,Fashion,Leather Wallet,North,Net Banking,1,1716.32,5,1630.5
ORD101492,CUST00361,2024-07-27,Home & Kitchen,Water Bottle,Central,UPI,1,569.42,10,512.48
ORD104630,CUST00210,2024-04-20,Electronics,Power Bank,East,Net Banking,1,1829.87,0,1829.87
ORD101738,CUST00865,2023-12-05,Sports,Cricket Bat,North,Cash on Delivery,2,2283.05,0,4566.1
ORD105513,CUST00108,2024-12-29,Electronics,Bluetooth Speaker,East,Debit Card,1,1265.39,0,1265.39
ORD108895,CUST00704,2024-01-26,Fashion,Running Shoes,Central,Credit Card,2,1806.59,20,2890.54
ORD104170,CUST00328,2023-07-23,Beauty,Face Serum,Central,Credit Card,1,1317.33,0,1317.33
ORD105544,CUST00496,2024-06-11,Electronics,Bluetooth Speaker,North,Debit Card,1,2038.47,0,2038.47
ORD107392,CUST00166,2023-08-11,Sports,Cricket Bat,Central,Cash on Delivery,2,1580.25,5,3002.48
ORD108897,CUST01000,2024-03-27,Electronics,Smartwatch,West,Debit Card,2,2729.52,30,3821.33
ORD103754,CUST00384,2023-12-30,Electronics,Bluetooth Speaker,North,Net Banking,1,1187.95,10,1069.16
ORD104939,CUST00983,2024-08-09,Electronics,Wireless Earbuds,West,Credit Card,1,2170.04,10,1953.04
ORD101888,CUST00066,2023-09-25,Home & Kitchen,Water Bottle,South,UPI,1,1052.51,20,842.01
ORD107924,CUST00467,2023-07-29,Home & Kitchen,Non-stick Pan,East,UPI,2,1316.3,0,2632.6
ORD105805,CUST00128,2024-02-20,Electronics,Wireless Earbuds,West,Cash on Delivery,1,2219.79,0,2219.79
ORD104861,CUST00316,2024-07-22,Home & Kitchen,LED Lamp,Central,Net Banking,1,1514.64,0,1514.64
ORD103128,CUST00221,2023-05-18,Fashion,Sunglasses,East,Credit Card,1,1969.72,0,1969.72
ORD102487,CUST00834,2024-07-25,electronics,Wireless Earbuds,North,Debit Card,2,3174.48,15,5396.62
ORD106120,CUST00618,2024-06-24,Electronics,Laptop Sleeve,West,Credit Card,1,2707.74,10,2436.97
ORD107631,CUST00438,2024-10-12,Fashion,Running Shoes,East,UPI,1,2405.88,5,2285.59
ORD100021,CUST00404,2024-08-29,Home & Kitchen,LED Lamp,North,Credit Card,1,688.82,30,482.17
ORD101204,CUST00401,2024-09-04,Fashion,Running Shoes,North,UPI,1,765.36,0,765.36
ORD106538,CUST00341,2024-04-16,Home & Kitchen,LED Lamp,South,Credit Card,1,482.62,5,458.49
ORD105175,CUST01135,2024-10-29,Electronics,Bluetooth Speaker,West,UPI,1,4182.89,5,3973.75
ORD106524,CUST01057,2024-04-05,Books,Cookbook,North,Debit Card,2,155.01,0,310.02
ORD107501,CUST00916,2023-11-02,Home & Kitchen,LED Lamp,West,UPI,1,494.14,0,494.14
ORD103883,CUST00757,2023-04-11,Electronics,Power Bank,North,Net Banking,1,803.36,0,803.36
ORD105625,CUST00579,2023-04-30,Beauty,Face Serum,West,Credit Card,2,1340.22,0,2680.44
ORD108777,CUST01116,2024-02-02,Electronics,Smartwatch,West,UPI,1,3685.3,5,3501.04
ORD103275,CUST00030,2023-08-30,Fashion,Cotton T-Shirt,West,UPI,1,635.0,0,635.0
ORD102403,CUST00788,2023-09-14,Electronics,Bluetooth Speaker,Central,Credit Card,1,2410.51,0,2410.51
ORD107738,CUST00343,2024-10-21,Beauty,Face Serum,,Credit Card,2,706.07,0,1412.14
ORD103592,CUST00584,2024-06-04,Fashion,Sunglasses,Central,UPI,1,756.67,0,756.67
ORD101314,CUST00201,2023-11-27,Home & Kitchen,Non-stick Pan,North,Debit Card,1,1825.09,0,1825.09
ORD107560,CUST00248,2024-06-15,Books,Self-Help Book,North,UPI,4,458.27,10,1649.77
ORD106631,CUST00128,2024-02-23,Fashion,Running Shoes,South,UPI,1,1179.98,20,943.98
ORD106373,CUST00288,2024-06-27,Books,Self-Help Book,Central,,1,190.16,10,171.14
ORD101047,CUST01107,2023-11-30,Beauty,Perfume,Central,UPI,3,305.02,0,915.06
ORD106189,CUST00430,2024-07-24,Electronics,Smartwatch,North,Debit Card,1,1604.55,0,1604.55
ORD103247,CUST00343,2023-11-07,Electronics,Laptop Sleeve,North,UPI,2,2953.51,0,5907.02
ORD108707,CUST00237,2024-08-04,Books,Kids Storybook,Central,Credit Card,1,571.01,0,571.01
ORD106430,CUST00904,2024-07-07,Beauty,Hair Dryer,North,Cash on Delivery,2,837.67,0,1675.34
ORD107781,CUST00646,2023-11-22,Home & Kitchen,Cushion Cover,West,Credit Card,1,320.33,0,320.33
ORD104066,CUST00988,2023-09-19,Electronics,Bluetooth Speaker,East,Cash on Delivery,2,3299.84,0,6599.68
ORD106073,CUST00928,2024-08-14,Electronics,Bluetooth Speaker,,Credit Card,2,810.14,5,1539.27
ORD107314,CUST00212,2023-11-20,Home & Kitchen,Non-stick Pan,East,Credit Card,1,365.88,15,311.0
ORD100810,CUST00119,2023-11-22,Sports,Dumbbell Set,North,UPI,2,2406.51,10,4331.72
ORD103741,CUST00128,2024-04-21,Electronics,Laptop Sleeve,East,Cash on Delivery,2,1304.46,20,2087.14
ORD106785,CUST00117,2024-04-30,Fashion,Leather Wallet,Central,Credit Card,3,510.49,10,1378.32
ORD102479,CUST00630,2024-02-20,Electronics,Bluetooth Speaker,North,Credit Card,1,2511.59,15,2134.85
ORD104822,CUST00494,2024-09-30,Electronics,Bluetooth Speaker,Central,Credit Card,2,3045.9,0,6091.8
ORD104203,CUST00068,2024-03-17,Electronics,Smartwatch,West,Net Banking,1,3983.67,0,3983.67
ORD100033,CUST00270,2024-03-18,Beauty,Sunscreen SPF50,West,Cash on Delivery,1,455.48,0,455.48
ORD101368,CUST00128,2024-03-06,Electronics,Power Bank,Central,UPI,1,1161.51,10,1045.36
ORD102668,CUST00904,2024-06-10,Sports,Resistance Bands,Central,Net Banking,1,2870.27,20,2296.22
ORD107627,CUST00505,2024-10-19,Home & Kitchen,Water Bottle,South,UPI,1,889.91,10,800.92
ORD101520,CUST01116,2023-05-30,Sports,Dumbbell Set,West,Credit Card,1,1697.92,15,1443.23
ORD104031,CUST00375,2023-05-02,Sports,Yoga Mat,,Credit Card,1,372.21,0,372.21
ORD108783,CUST00853,2023-05-27,Electronics,Bluetooth Speaker,West,Credit Card,2,3513.08,0,7026.16
ORD105032,CUST00580,2023-04-04,Books,Fiction Novel,East,UPI,1,318.19,10,286.37
ORD101205,CUST00333,2024-04-03,Beauty,Lip Balm Set,West,UPI,1,331.22,30,231.85
ORD105298,CUST00746,2024-05-31,Electronics,Laptop Sleeve,East,UPI,1,2975.06,0,2975.06
ORD102332,CUST00412,2023-10-16,Fashion,Leather Wallet,South,Debit Card,1,1114.27,0,1114.27
ORD107901,CUST01099,2023-08-10,Electronics,Bluetooth Speaker,South,Credit Card,1,3865.47,0,3865.47
ORD107620,CUST00436,2024-06-03,Home & Kitchen,Water Bottle,Central,Debit Card,2,909.32,5,1727.71
ORD103849,CUST01086,2024-09-29,Fashion,Cotton T-Shirt,North,Debit Card,2,618.49,0,1236.98
ORD104226,CUST01061,2023-12-28,Fashion,Sunglasses,Central,Debit Card,1,377.42,20,301.94
ORD104617,CUST00081,2024-04-13,Home & Kitchen,Non-stick Pan,East,,1,717.85,5,681.96
ORD100955,CUST00708,2023-10-18,Fashion,Running Shoes,West,Debit Card,2,666.11,0,1332.22
ORD105009,CUST00812,2024-07-29,Books,Kids Storybook,South,Credit Card,2,421.07,5,800.03
ORD100859,CUST00459,2023-12-23,electronics,Laptop Sleeve,North,Debit Card,3,1151.67,30,2418.51
ORD102033,CUST01074,2023-08-23,Beauty,Hair Dryer,North,UPI,1,289.51,5,275.03
ORD105747,CUST01067,2024-04-21,Beauty,Sunscreen SPF50,Central,Net Banking,1,533.52,15,453.49
ORD101315,CUST00551,2024-08-05,Beauty,Perfume,Central,Net Banking,2,660.53,20,1056.85
ORD102399,CUST00862,2024-09-03,Electronics,Laptop Sleeve,Central,UPI,1,902.0,0,902.0
ORD107055,CUST01169,2023-12-18,Books,Fiction Novel,North,Debit Card,1,759.98,0,759.98
ORD106271,CUST00731,2023-07-05,Electronics,Laptop Sleeve,South,UPI,1,1492.47,15,1268.6
ORD105905,CUST01176,2023-10-04,Beauty,Sunscreen SPF50,Central,UPI,1,654.62,10,589.16
ORD106428,CUST00453,2023-06-25,Sports,Resistance Bands,South,Net Banking,1,1679.7,0,1679.7
ORD108325,CUST01004,2024-10-08,Electronics,Smartwatch,North,UPI,1,2771.59,0,2771.59
ORD107122,CUST00696,2024-02-29,Home & Kitchen,Cushion Cover,East,Credit Card,1,1049.24,0,1049.24
ORD104719,CUST00426,2024-02-23,sports,Dumbbell Set,South,Credit Card,1,1986.57,5,1887.24
ORD104784,CUST00571,2023-10-11,Sports,Yoga Mat,West,UPI,1,1377.68,10,1239.91
ORD103904,CUST00158,2024-10-10,Fashion,Denim Jacket,Central,UPI,1,473.21,0,473.21
ORD108021,CUST00121,2024-08-16,Electronics,Smartwatch,North,UPI,2,3146.44,0,6292.88
ORD101366,CUST00518,2024-11-25,Electronics,Laptop Sleeve,North,Credit Card,1,3432.38,0,3432.38
ORD103043,CUST00737,2023-12-26,Home & Kitchen,LED Lamp,North,Credit Card,1,881.81,0,881.81
ORD103924,CUST01087,2024-01-26,Beauty,Face Serum,East,Credit Card,1,853.28,5,810.62
ORD107011,CUST00705,2024-06-17,Home & Kitchen,Cushion Cover,Central,UPI,1,1089.23,15,925.85
ORD108042,CUST00359,2024-10-26,Beauty,Hair Dryer,East,Net Banking,1,1097.37,10,987.63
ORD104706,CUST01053,2023-04-20,Home & Kitchen,LED Lamp,North,UPI,2,1605.04,20,2568.06
ORD102506,CUST00904,2024-05-26,Fashion,Sunglasses,East,UPI,2,1005.73,10,1810.31
ORD107199,CUST00773,2024-08-12,Sports,Yoga Mat,,Credit Card,1,569.62,10,512.66
ORD105875,CUST00081,2024-06-30,Electronics,Laptop Sleeve,East,UPI,1,3520.45,0,3520.45
ORD100462,CUST01139,2023-06-11,Electronics,Laptop Sleeve,East,UPI,1,2455.2,10,2209.68
ORD101573,CUST00964,2024-03-01,Electronics,Smartwatch,North,Credit Card,3,2510.25,0,7530.75
ORD104888,CUST00039,2023-12-07,Beauty,Perfume,West,UPI,2,475.99,0,951.98
ORD106648,CUST01118,2024-01-07,Home & Kitchen,Water Bottle,South,Debit Card,1,1301.35,0,1301.35
ORD100308,CUST00034,2023-06-19,Sports,Cycling Gloves,North,Net Banking,1,2282.5,15,1940.12
ORD102121,CUST00418,2024-10-23,Fashion,Sunglasses,South,Cash on Delivery,4,1012.19,0,4048.76
ORD106507,CUST00329,2023-12-09,Home & Kitchen,Non-stick Pan,South,Credit Card,1,1527.16,20,1221.73
ORD100579,CUST01162,2023-07-11,Sports,Resistance Bands,North,Credit Card,1,1828.43,5,1737.01
ORD104201,CUST00855,2024-01-29,Electronics,Wireless Earbuds,South,Credit Card,1,2879.36,5,2735.39
ORD101705,CUST01155,2023-11-13,Fashion,Sunglasses,South,Cash on Delivery,1,918.32,0,918.32
ORD105095,CUST01074,2024-01-06,Fashion,Denim Jacket,East,UPI,1,1056.84,5,1004.0
ORD106651,CUST00435,2024-09-13,Sports,Dumbbell Set,North,UPI,1,2259.72,5,2146.73
ORD103786,CUST01132,2023-11-17,Beauty,Lip Balm Set,North,Debit Card,1,968.49,0,968.49
ORD105107,CUST00718,2024-07-15,Books,Kids Storybook,Central,UPI,2,485.21,15,824.86
ORD107831,CUST00629,2024-03-23,Fashion,Cotton T-Shirt,South,Credit Card,2,2417.91,15,4110.45
ORD102994,CUST00668,2024-04-16,Beauty,Face Serum,South,UPI,3,1194.63,15,3046.31
ORD107279,CUST01146,2024-02-27,Sports,Cricket Bat,East,Credit Card,1,2606.09,0,2606.09
ORD105130,CUST00308,2023-08-12,Fashion,Running Shoes,East,Credit Card,1,2452.1,0,2452.1
ORD105900,CUST00199,2024-10-30,Home & Kitchen,LED Lamp,North,Credit Card,1,1502.75,0,1502.75
ORD107233,CUST00699,2023-07-24,Electronics,Wireless Earbuds,Central,Credit Card,4,3232.57,15,10990.74
ORD105432,CUST00455,2023-10-24,Home & Kitchen,Cushion Cover,South,Credit Card,3,1299.67,10,3509.11
ORD102037,CUST00115,2024-06-08,Fashion,Cotton T-Shirt,South,Credit Card,1,2280.83,15,1938.71
ORD107995,CUST01015,2023-02-09,Fashion,Running Shoes,South,Cash on Delivery,1,896.49,10,806.84
ORD106477,CUST00523,2024-01-11,Electronics,Bluetooth Speaker,West,Credit Card,1,1585.39,0,1585.39
ORD107514,CUST00343,2023-11-12,Home & Kitchen,Cushion Cover,East,Debit Card,3,296.65,0,889.95
ORD106955,CUST00308,2024-07-30,Electronics,Wireless Earbuds,South,Debit Card,1,2979.17,5,2830.21
ORD106332,CUST00333,2024-03-19,Sports,Dumbbell Set,West,Credit Card,1,899.16,0,899.16
ORD107841,CUST01103,2024-10-26,Beauty,Perfume,North,Debit Card,1,290.08,10,261.07
ORD102095,CUST01170,2024-08-09,Home & Kitchen,Cushion Cover,,Net Banking,1,1648.45,0,1648.45
ORD100870,CUST00221,2024-01-21,Beauty,Lip Balm Set,West,Credit Card,1,236.95,0,236.95
ORD107997,CUST00705,2023-09-11,Beauty,Face Serum,West,Net Banking,1,494.97,10,445.47
ORD107437,CUST00380,2024-04-08,Fashion,Leather Wallet,Central,Debit Card,1,2154.29,0,2154.29
ORD103049,CUST00740,2024-08-19,Electronics,Wireless Earbuds,South,UPI,1,2348.51,5,2231.08
ORD101100,CUST00308,2023-07-15,Home & Kitchen,LED Lamp,West,Debit Card,2,1810.17,5,3439.32
ORD102656,CUST00186,2024-12-07,Electronics,Power Bank,Central,Debit Card,2,2428.31,15,4128.13
ORD107356,CUST00052,2024-09-13,Fashion,Running Shoes,Central,UPI,1,1266.49,5,1203.17
ORD103502,CUST00222,2024-04-09,Fashion,Running Shoes,North,Credit Card,1,1681.78,20,1345.42
ORD104357,CUST00322,2024-07-01,Fashion,Leather Wallet,Central,UPI,1,1575.53,0,1575.53
ORD100976,CUST00815,2024-09-19,Fashion,Sunglasses,South,Cash on Delivery,1,1664.61,10,1498.15
ORD107063,CUST00501,2024-08-15,Electronics,Power Bank,Central,UPI,2,1767.36,15,3004.51
ORD105803,CUST00603,2024-08-31,Fashion,Denim Jacket,West,Cash on Delivery,1,1642.03,5,1559.93
ORD103352,CUST00101,2024-05-19,Fashion,Cotton T-Shirt,West,UPI,4,870.36,0,3481.44
ORD100957,CUST00553,2024-04-02,Electronics,Power Bank,East,UPI,2,1195.47,0,2390.94
ORD105914,CUST00034,2023-07-20,Electronics,Power Bank,South,Net Banking,2,1724.67,5,3276.87
ORD107006,CUST01107,2023-10-20,Fashion,Cotton T-Shirt,Central,UPI,1,1112.43,15,945.57
ORD105269,CUST01150,2024-01-16,Electronics,Smartwatch,South,UPI,1,1876.41,0,1876.41
ORD103699,CUST01136,2023-08-31,Electronics,Laptop Sleeve,East,Debit Card,1,953.66,0,953.66
ORD101340,CUST00859,2023-05-09,Fashion,Running Shoes,South,Debit Card,1,784.21,0,784.21
ORD106071,CUST00701,2023-12-25,fashion,Running Shoes,Central,UPI,1,1079.04,0,1079.04
ORD101822,CUST00259,2023-10-21,Books,Self-Help Book,West,Cash on Delivery,2,285.39,0,570.78
ORD102329,CUST01034,2023-07-27,Electronics,Smartwatch,South,Credit Card,1,4201.76,0,4201.76
ORD105605,CUST00938,2024-03-16,Home & Kitchen,Cushion Cover,West,Cash on Delivery,2,955.87,5,1816.15
ORD101929,CUST00943,2023-12-04,Sports,Cricket Bat,Central,Credit Card,1,2542.16,0,2542.16
ORD103880,CUST00781,2023-08-31,Beauty,Perfume,North,UPI,1,991.66,0,991.66
ORD104301,CUST01198,2024-09-07,Electronics,Smartwatch,East,UPI,1,3555.98,0,3555.98
ORD108264,CUST00002,2024-06-16,Electronics,Laptop Sleeve,Central,UPI,2,3746.94,30,5245.72
ORD100353,CUST00112,2023-05-18,Books,Kids Storybook,South,Net Banking,1,709.43,0,709.43
ORD107178,CUST00322,2024-08-23,Fashion,Sunglasses,North,UPI,1,1200.45,0,1200.45
ORD107030,CUST00358,2024-04-08,Fashion,Denim Jacket,South,Debit Card,1,1718.07,15,1460.36
ORD104827,CUST00361,2023-06-10,Fashion,Cotton T-Shirt,North,Debit Card,4,1394.27,5,5298.23
ORD101445,CUST00191,2024-12-18,Home & Kitchen,Water Bottle,North,Credit Card,1,979.72,0,979.72
ORD104798,CUST00587,2023-12-28,Sports,Yoga Mat,Central,UPI,2,2667.56,10,4801.61
ORD102726,CUST00120,2024-12-08,Fashion,Running Shoes,East,Cash on Delivery,2,1651.52,0,3303.04
ORD108720,CUST00186,2024-09-04,Sports,Dumbbell Set,North,UPI,1,906.3,0,906.3
ORD106758,CUST00476,2024-08-27,Fashion,Cotton T-Shirt,West,Debit Card,1,552.2,15,469.37
ORD104256,CUST00228,2024-03-04,Electronics,Laptop Sleeve,Central,Cash on Delivery,3,2749.16,30,5773.24
ORD106970,CUST00644,2023-10-18,Electronics,Smartwatch,North,Debit Card,2,2549.83,0,5099.66
ORD107708,CUST00677,2024-06-01,Fashion,Cotton T-Shirt,North,UPI,1,749.56,0,749.56
ORD103200,CUST00749,2024-04-24,Home & Kitchen,Cushion Cover,South,Credit Card,1,1940.02,0,1940.02
ORD107576,CUST00646,2023-11-27,Electronics,Wireless Earbuds,East,Credit Card,1,1155.66,0,1155.66
ORD108427,CUST00511,2024-10-13,Fashion,Sunglasses,South,Debit Card,1,1792.37,0,1792.37
ORD107281,CUST01070,2023-11-05,Home & Kitchen,Storage Organizer,East,UPI,1,1150.0,0,1150.0
ORD101385,CUST00468,2023-11-23,Sports,Yoga Mat,West,UPI,1,771.67,0,771.67
ORD103246,CUST01159,2024-03-19,Electronics,Smartwatch,Central,,3,3221.4,15,8214.57
ORD103721,CUST00197,2024-12-08,Beauty,Lip Balm Set,South,Net Banking,2,154.05,5,292.7
ORD100501,CUST00939,2023-10-23,Books,Cookbook,Central,Cash on Delivery,1,489.76,0,489.76
ORD103524,CUST00211,2024-10-13,Sports,Dumbbell Set,Central,UPI,4,1210.12,5,4598.46
ORD108461,CUST00749,2023-11-15,Fashion,Leather Wallet,East,UPI,2,1043.65,0,2087.3
ORD102342,CUST00093,2023-09-16,Sports,Cricket Bat,Central,UPI,1,1943.57,0,1943.57
ORD102104,CUST00381,2024-11-20,Fashion,Denim Jacket,East,UPI,1,1653.03,0,1653.03
ORD107793,CUST00130,2024-01-13,Electronics,Laptop Sleeve,South,Net Banking,1,3329.6,10,2996.64
ORD102233,CUST00954,2024-12-06,Beauty,Lip Balm Set,,UPI,1,1175.43,0,1175.43
ORD106603,CUST01134,2024-12-14,Home & Kitchen,Storage Organizer,East,Net Banking,1,287.67,10,258.9
ORD108767,CUST00795,2024-12-06,Electronics,Laptop Sleeve,Central,UPI,2,2216.25,10,3989.25
ORD106761,CUST01128,2023-07-30,Fashion,Running Shoes,West,Cash on Delivery,3,444.36,0,1333.08
ORD101007,CUST00937,2023-12-22,Books,Kids Storybook,South,UPI,2,746.04,10,1342.87
ORD107152,CUST00410,2023-06-04,Fashion,Leather Wallet,East,Debit Card,2,2206.76,5,4192.84
ORD103232,CUST00104,2024-11-08,Home & Kitchen,Water Bottle,North,UPI,2,1671.03,5,3174.96
ORD108765,CUST00375,2023-05-18,Fashion,Running Shoes,North,Net Banking,4,1414.43,10,5091.95
ORD102171,CUST00804,2023-03-24,Home & Kitchen,Water Bottle,West,Credit Card,1,1592.17,20,1273.74
ORD105986,CUST00851,2024-09-17,Beauty,Face Serum,South,UPI,1,1355.31,0,1355.31
ORD105383,CUST00937,2024-05-21,Electronics,Power Bank,South,UPI,1,3717.92,0,3717.92
ORD104464,CUST00021,2024-10-14,Fashion,Sunglasses,East,UPI,1,799.77,15,679.8
ORD103216,CUST00471,2024-05-26,Sports,Dumbbell Set,West,UPI,1,1619.5,20,1295.6
ORD108726,CUST00876,2024-04-03,Home & Kitchen,Water Bottle,North,Debit Card,2,1188.17,0,2376.34
ORD107340,CUST01116,2023-10-31,Electronics,Wireless Earbuds,East,UPI,1,3834.4,10,3450.96
ORD101318,CUST00651,2024-11-07,Sports,Yoga Mat,West,Debit Card,1,1076.0,0,1076.0
ORD104589,CUST00174,2024-01-01,Beauty,Sunscreen SPF50,Central,Net Banking,1,999.09,5,949.14
ORD106059,CUST00958,2024-03-23,Sports,Cycling Gloves,North,UPI,2,2916.32,0,5832.64
ORD106375,CUST00646,2024-07-21,fashion,Cotton T-Shirt,West,UPI,1,1772.06,0,1772.06
ORD108541,CUST00120,2024-11-21,Electronics,Bluetooth Speaker,South,Debit Card,1,2504.03,5,2378.83
ORD103982,CUST01173,2023-11-05,Fashion,Sunglasses,South,Debit Card,1,615.94,10,554.35
ORD104429,CUST00705,2024-01-24,Beauty,Face Serum,South,UPI,1,1383.63,0,1383.63
ORD101475,CUST00493,2023-07-29,Sports,Resistance Bands,South,UPI,1,2179.4,0,2179.4
ORD100679,CUST00210,2024-02-24,Sports,Cycling Gloves,Central,Debit Card,2,1968.6,20,3149.76
ORD106932,CUST01008,2023-07-26,Electronics,Laptop Sleeve,East,Net Banking,1,4471.46,0,4471.46
ORD105234,CUST00248,2023-12-27,Beauty,Perfume,,Credit Card,1,1026.8,0,1026.8
ORD105317,CUST00580,2023-09-13,Home & Kitchen,Non-stick Pan,East,Credit Card,1,1704.99,0,1704.99
ORD107956,CUST01080,2024-10-09,Fashion,Denim Jacket,South,Cash on Delivery,2,2198.66,0,4397.32
ORD103926,CUST01163,2024-12-22,Sports,Cycling Gloves,South,Credit Card,4,1094.35,0,4377.4
ORD106994,CUST00494,2024-07-28,Sports,Dumbbell Set,South,Net Banking,1,2947.14,15,2505.07
ORD100380,CUST00773,2024-07-24,Sports,Cricket Bat,West,Credit Card,1,718.77,0,718.77
ORD108247,CUST00248,2024-01-29,Electronics,Wireless Earbuds,North,Debit Card,1,1758.81,0,1758.81
ORD105831,CUST00880,2023-07-04,Electronics,Smartwatch,West,Net Banking,1,3117.77,15,2650.1
ORD104163,CUST00648,2023-08-31,Electronics,Laptop Sleeve,Central,Credit Card,1,2988.52,5,2839.09
ORD107388,CUST00199,2024-09-05,Beauty,Lip Balm Set,Central,Cash on Delivery,1,516.14,10,464.53
ORD107855,CUST00438,2024-01-17,Home & Kitchen,Storage Organizer,East,UPI,1,1951.05,0,1951.05
ORD101882,CUST00347,2023-10-27,electronics,Laptop Sleeve,West,Credit Card,1,1750.78,5,1663.24
ORD100477,CUST00002,2024-06-19,Electronics,Smartwatch,West,Credit Card,1,3916.12,0,3916.12
ORD101613,CUST00090,2024-02-10,Fashion,Cotton T-Shirt,North,UPI,1,1638.29,0,1638.29
ORD106374,CUST01189,2024-06-27,Home & Kitchen,Water Bottle,North,Debit Card,2,1276.38,0,2552.76
ORD102382,CUST00471,2024-04-16,Fashion,Running Shoes,South,UPI,1,1200.65,30,840.46
ORD105268,CUST00998,2024-06-15,Beauty,Lip Balm Set,West,Credit Card,1,865.71,10,779.14
ORD108864,CUST00182,2024-11-15,Home & Kitchen,LED Lamp,North,UPI,1,314.89,0,314.89
ORD102359,CUST00695,2023-11-30,Electronics,Wireless Earbuds,East,Debit Card,1,2668.04,0,2668.04
ORD100425,CUST00221,2023-05-31,Sports,Dumbbell Set,West,UPI,2,544.33,20,870.93
ORD108666,CUST00919,2024-11-21,Electronics,Bluetooth Speaker,East,Net Banking,1,3677.41,0,3677.41
ORD102255,CUST00183,2024-12-16,Fashion,Sunglasses,South,Debit Card,1,2118.7,15,1800.89
ORD101333,CUST00432,2024-10-24,Electronics,Bluetooth Speaker,North,Cash on Delivery,1,1012.47,5,961.85
ORD100199,CUST00030,2023-10-03,Home & Kitchen,Water Bottle,Central,Credit Card,2,1771.6,10,3188.88
ORD106453,CUST00937,2024-07-15,Electronics,Smartwatch,East,UPI,3,1870.44,5,5330.75
ORD107371,CUST01074,2023-05-25,Electronics,Bluetooth Speaker,Central,Debit Card,2,1557.85,0,3115.7
ORD101938,CUST01073,2024-07-25,Books,Cookbook,South,UPI,1,689.99,0,689.99
ORD107025,CUST00745,2023-05-20,Home & Kitchen,Non-stick Pan,South,Credit Card,1,932.75,15,792.84
ORD100143,CUST00387,2024-11-05,Electronics,Bluetooth Speaker,North,Debit Card,1,4238.37,15,3602.61
ORD103820,CUST00859,2023-07-10,Fashion,Cotton T-Shirt,North,Debit Card,1,937.69,10,843.92
ORD105944,CUST00128,2024-03-02,Home & Kitchen,Non-stick Pan,South,Net Banking,2,1514.71,0,3029.42
ORD104345,CUST00453,2023-04-05,Beauty,Hair Dryer,West,UPI,2,1261.23,0,2522.46
ORD108489,CUST01055,2024-11-22,Fashion,Cotton T-Shirt,West,Credit Card,2,1218.65,30,1706.11
ORD100304,CUST00329,2024-01-09,Books,Kids Storybook,Central,Credit Card,1,318.74,0,318.74
ORD101454,CUST00611,2024-04-12,Home & Kitchen,Water Bottle,West,UPI,2,1056.43,10,1901.57
ORD104788,CUST00565,2023-06-01,Sports,Yoga Mat,East,Credit Card,1,1313.16,0,1313.16
ORD104513,CUST00665,2024-10-25,Beauty,Face Serum,East,UPI,1,583.89,0,583.89
ORD100911,CUST00199,2024-09-07,Sports,Cycling Gloves,South,UPI,1,1045.72,0,1045.72
ORD108967,CUST00059,2023-06-16,Sports,Cycling Gloves,East,Credit Card,1,2053.48,0,2053.48
ORD102596,CUST00876,2024-07-20,Home & Kitchen,Non-stick Pan,North,UPI,2,541.09,10,973.96
ORD104681,CUST00964,2024-02-20,Beauty,Perfume,North,Debit Card,1,825.3,0,825.3
ORD105369,CUST00815,2024-06-28,Fashion,Running Shoes,Central,UPI,1,725.39,0,725.39
ORD102309,CUST00083,2024-01-12,Electronics,Laptop Sleeve,North,Credit Card,1,4375.35,10,3937.82
ORD102112,CUST00908,2024-07-26,Beauty,Face Serum,West,UPI,1,495.78,15,421.41
ORD100834,CUST00089,2024-06-18,Books,Fiction Novel,West,Net Banking,2,757.62,5,1439.48
ORD100593,CUST00121,2024-09-24,Beauty,Hair Dryer,South,UPI,1,881.38,10,793.24
ORD107272,CUST00120,2024-11-15,Home & Kitchen,Storage Organizer,North,Credit Card,1,1960.97,5,1862.92
ORD103570,CUST00461,2024-10-07,fashion,Leather Wallet,Central,Credit Card,2,2204.14,0,4408.28
ORD106791,CUST00579,2023-11-12,Fashion,Running Shoes,North,UPI,1,766.64,0,766.64
ORD103533,CUST01020,2023-10-17,Sports,Cricket Bat,West,Debit Card,1,1585.73,0,-1585.73
ORD101288,CUST01015,2023-10-25,Electronics,Wireless Earbuds,East,Debit Card,1,3136.75,0,3136.75
ORD101655,CUST00751,2024-03-08,Fashion,Leather Wallet,North,Debit Card,1,307.58,0,307.58
ORD105008,CUST00694,2024-04-14,Beauty,Perfume,Central,UPI,2,592.7,5,1126.13
ORD107578,CUST00470,2024-11-05,Electronics,Laptop Sleeve,East,UPI,1,1008.2,0,1008.2
ORD107856,CUST00471,2024-07-10,Electronics,Laptop Sleeve,West,UPI,1,1846.48,0,1846.48
ORD102131,CUST00789,2024-10-26,Electronics,Bluetooth Speaker,East,UPI,1,3664.28,15,3114.64
ORD100765,CUST01180,2024-07-19,Fashion,Denim Jacket,Central,UPI,1,1588.07,0,1588.07
ORD103737,CUST01087,2024-01-18,Books,Business Biography,South,Credit Card,1,305.62,0,305.62
ORD108923,CUST00030,2023-04-20,Electronics,Power Bank,West,Credit Card,1,2902.23,20,2321.78
ORD100146,CUST00407,2023-05-19,Electronics,Bluetooth Speaker,Central,UPI,2,2402.7,15,4084.59
ORD105229,CUST00336,2023-08-08,Fashion,Cotton T-Shirt,Central,UPI,1,653.92,5,621.22
ORD106752,CUST00333,2024-02-27,Fashion,Denim Jacket,South,Debit Card,1,697.69,0,697.69
ORD100394,CUST01180,2023-07-29,Home & Kitchen,Water Bottle,Central,Credit Card,1,1156.66,0,1156.66
ORD107759,CUST00034,2023-03-21,Electronics,Laptop Sleeve,West,Net Banking,2,3076.28,0,6152.56
ORD103808,CUST00916,2024-08-12,Electronics,Bluetooth Speaker,North,Credit Card,2,3238.99,10,5830.18
ORD100045,CUST00371,2024-07-30,Electronics,Bluetooth Speaker,North,Net Banking,1,2832.49,10,2549.24
ORD107365,CUST00724,2024-09-18,Electronics,Smartwatch,Central,UPI,1,3069.29,20,2455.43
ORD103494,CUST00572,2024-10-28,Fashion,Cotton T-Shirt,West,Credit Card,1,509.15,10,458.24
ORD107405,CUST00505,2024-09-29,Fashion,Sunglasses,Central,Net Banking,1,1928.38,10,1735.54
ORD103336,CUST00355,2024-04-01,Electronics,Power Bank,North,Credit Card,2,3031.35,20,4850.16
ORD104417,CUST00882,2024-10-11,Fashion,Denim Jacket,Central,Debit Card,2,312.01,15,530.42
ORD102159,CUST00525,2023-11-24,Books,Kids Storybook,North,Credit Card,1,489.98,0,489.98
ORD106732,CUST00117,2024-05-29,Electronics,Smartwatch,West,Cash on Delivery,2,4490.88,10,8083.58
ORD101957,CUST00358,2024-07-27,Beauty,Perfume,Central,Credit Card,1,408.32,0,408.32
ORD104952,CUST00333,2024-03-17,Electronics,Laptop Sleeve,East,UPI,1,3750.86,10,3375.77
ORD106523,CUST01128,2023-10-15,Home & Kitchen,Cushion Cover,West,Credit Card,1,1085.11,10,976.6
ORD105712,CUST00161,2024-10-01,Books,Kids Storybook,South,Credit Card,2,498.97,0,997.94
ORD102184,CUST00245,2024-01-09,Sports,Dumbbell Set,Central,UPI,1,860.6,15,731.51
ORD107579,CUST00028,2024-04-16,Fashion,Cotton T-Shirt,East,Credit Card,1,2402.96,0,2402.96
ORD106797,CUST00731,2024-05-10,Sports,Resistance Bands,North,UPI,1,2999.15,0,2999.15
ORD103410,CUST00005,2023-11-01,Beauty,Hair Dryer,North,Debit Card,2,932.56,10,1678.61
ORD108126,CUST00195,2024-06-19,Home & Kitchen,Water Bottle,South,UPI,1,742.71,0,742.71
ORD103497,CUST00511,2024-12-15,Fashion,Leather Wallet,Central,UPI,1,1099.66,0,1099.66
ORD102071,CUST00270,2024-08-05,Sports,Dumbbell Set,South,Debit Card,1,2483.29,0,2483.29
ORD101367,CUST00795,2024-12-12,Sports,Cricket Bat,East,UPI,2,2241.66,10,4034.99
ORD103095,CUST00801,2024-12-03,Electronics,Wireless Earbuds,West,Net Banking,1,2139.29,10,1925.36
ORD102364,CUST00326,2024-06-27,Fashion,Leather Wallet,South,Debit Card,2,417.01,10,750.62
ORD108936,CUST01103,2024-12-13,Electronics,Power Bank,Central,Net Banking,1,1735.55,10,1562.0
ORD100930,CUST00019,2024-11-14,Electronics,Wireless Earbuds,West,Credit Card,1,1179.38,0,1179.38
ORD103512,CUST00176,2024-06-12,Books,Fiction Novel,West,UPI,1,242.4,0,242.4
ORD106364,CUST00988,2024-04-03,Electronics,Smartwatch,South,Cash on Delivery,2,1264.53,0,2529.06
ORD102975,CUST00245,2024-01-24,beauty,Face Serum,North,Credit Card,1,1159.92,10,1043.93
ORD108245,CUST00121,2024-11-22,Beauty,Hair Dryer,South,Net Banking,2,1091.16,0,2182.32
ORD107506,CUST00916,2024-04-16,Beauty,Face Serum,West,Credit Card,1,229.14,0,229.14
ORD104574,CUST01015,2023-11-17,Electronics,Bluetooth Speaker,East,Debit Card,4,3421.89,0,13687.56
ORD103141,CUST00259,2024-08-25,Home & Kitchen,LED Lamp,East,Debit Card,2,353.41,30,494.77
ORD106041,CUST01107,2023-10-27,Books,Fiction Novel,South,Cash on Delivery,1,369.8,5,351.31
ORD101247,CUST01055,2024-11-26,Fashion,Running Shoes,Central,Cash on Delivery,1,558.0,15,474.3
ORD102581,CUST00917,2024-11-09,Electronics,Laptop Sleeve,Central,Debit Card,1,2839.4,10,2555.46
ORD108519,CUST00511,2024-10-13,Fashion,Leather Wallet,East,Debit Card,1,2267.95,0,2267.95
ORD100606,CUST00248,2024-01-27,Fashion,Cotton T-Shirt,East,Debit Card,3,368.67,5,1050.71
ORD100074,CUST01075,2024-11-04,Beauty,Perfume,North,Cash on Delivery,1,687.31,0,687.31
ORD105860,CUST00202,2024-12-29,Sports,Resistance Bands,North,Credit Card,1,1608.05,15,1366.84
ORD107668,CUST00332,2023-07-17,Home & Kitchen,Cushion Cover,South,UPI,1,1311.88,0,1311.88
ORD107334,CUST00461,2024-09-16,Home & Kitchen,Storage Organizer,East,Credit Card,2,576.8,10,1038.24
ORD101322,CUST00754,2023-08-26,Electronics,Smartwatch,West,Debit Card,1,2850.89,20,2280.71
ORD105672,CUST00859,2023-05-19,Electronics,Laptop Sleeve,South,Credit Card,1,873.22,5,829.56
ORD107916,CUST00253,2023-06-04,Electronics,Wireless Earbuds,North,Credit Card,1,1056.3,0,1056.3
ORD100113,CUST00256,2024-08-06,Fashion,Denim Jacket,East,UPI,1,932.42,20,745.94
ORD103913,CUST01119,2024-06-27,Electronics,Wireless Earbuds,Central,Net Banking,1,1318.91,0,1318.91
ORD100986,CUST00793,2024-06-07,Home & Kitchen,LED Lamp,South,Debit Card,1,575.09,20,460.07
ORD108683,CUST00560,2024-05-25,Beauty,Hair Dryer,East,UPI,1,638.32,0,638.32
ORD104843,CUST00110,2023-07-09,Electronics,Laptop Sleeve,West,Net Banking,1,4079.18,5,3875.22
ORD105959,CUST00344,2024-12-12,Electronics,Laptop Sleeve,South,UPI,1,1055.05,0,1055.05
ORD100222,CUST01043,2024-02-12,Beauty,Sunscreen SPF50,Central,Net Banking,1,1086.64,0,1086.64
ORD106662,CUST00730,2024-06-16,Fashion,Running Shoes,South,Credit Card,3,617.99,0,1853.97
ORD105444,CUST00234,2024-05-07,Fashion,Cotton T-Shirt,Central,Credit Card,1,2470.35,0,2470.35
ORD105598,CUST00272,2023-04-24,Sports,Cricket Bat,North,Debit Card,1,1227.75,0,1227.75
ORD106003,CUST00813,2024-10-27,Home & Kitchen,Water Bottle,North,UPI,1,223.4,0,223.4
ORD105761,CUST00005,2023-03-15,Electronics,Wireless Earbuds,East,Cash on Delivery,1,2107.88,0,2107.88
ORD101992,CUST00142,2024-10-19,Fashion,Cotton T-Shirt,North,Net Banking,1,1803.33,10,1623.0
ORD101860,CUST00431,2023-09-01,Fashion,Cotton T-Shirt,East,Debit Card,2,2223.4,0,4446.8
ORD107263,CUST00276,2024-08-30,Books,Fiction Novel,Central,Debit Card,1,288.29,10,259.46
ORD104131,CUST00934,2023-07-18,Fashion,Denim Jacket,West,Cash on Delivery,1,1440.6,20,1152.48
ORD104926,CUST00285,2024-04-29,Fashion,Running Shoes,North,UPI,2,454.82,5,864.16
ORD105662,CUST00471,2024-06-12,Sports,Dumbbell Set,South,Cash on Delivery,2,1437.83,30,2012.96
ORD108313,CUST01176,2023-12-21,Electronics,Laptop Sleeve,North,UPI,2,2612.03,0,5224.06
ORD101761,CUST00659,2023-08-22,Electronics,Bluetooth Speaker,North,Debit Card,3,1473.65,10,3978.86
ORD106959,CUST00034,2023-08-13,Electronics,Power Bank,South,Cash on Delivery,1,2861.58,0,2861.58
ORD104443,CUST00958,2023-06-23,Electronics,Smartwatch,East,UPI,1,936.62,0,936.62
ORD104263,CUST00551,2024-07-29,Fashion,Leather Wallet,West,Credit Card,1,2326.14,0,2326.14
ORD104180,CUST00248,2023-07-16,Sports,Resistance Bands,West,UPI,1,2373.57,0,2373.57
ORD104212,CUST01002,2024-07-09,Electronics,Laptop Sleeve,South,UPI,2,3702.53,20,5924.05
ORD104043,CUST00694,2024-05-23,Fashion,Denim Jacket,South,Credit Card,2,634.88,0,1269.76
ORD103456,CUST00937,2024-02-18,Fashion,Leather Wallet,West,UPI,1,2050.29,15,1742.75
ORD100530,CUST00628,2023-04-19,Sports,Cycling Gloves,West,UPI,2,2302.74,10,4144.93
ORD105490,CUST00557,2024-06-26,Home & Kitchen,LED Lamp,West,Credit Card,4,1132.6,0,4530.4
ORD102590,CUST00307,2024-11-16,Sports,Cycling Gloves,West,Debit Card,1,2222.22,0,2222.22
ORD108734,CUST00657,2024-01-04,Electronics,Smartwatch,West,Credit Card,1,2644.12,0,2644.12
ORD105124,CUST00030,2024-10-07,Beauty,Hair Dryer,West,UPI,1,1475.88,0,1475.88
ORD103954,CUST01140,2024-01-07,Fashion,Sunglasses,North,Credit Card,1,461.23,20,368.98
ORD108978,CUST00375,2023-09-24,Fashion,Denim Jacket,North,Debit Card,1,321.17,10,289.05
ORD103630,CUST00626,2024-06-23,Fashion,Denim Jacket,Central,Credit Card,1,1807.79,10,1627.01
ORD102521,CUST00808,2024-09-29,Fashion,Leather Wallet,Central,Credit Card,1,1064.36,5,1011.14
ORD105063,CUST00119,2023-06-14,Beauty,Perfume,Central,UPI,1,1180.14,0,1180.14
ORD103051,CUST01096,2024-04-21,Fashion,Cotton T-Shirt,North,Cash on Delivery,1,2460.84,0,2460.84
ORD107951,CUST00760,2024-03-06,Sports,Cycling Gloves,South,Net Banking,1,2160.68,0,2160.68
ORD107498,CUST00339,2024-06-20,Electronics,Laptop Sleeve,West,UPI,1,1655.18,10,1489.66
ORD101453,CUST00916,2024-04-10,Home & Kitchen,LED Lamp,Central,Net Banking,2,1910.8,0,3821.6
ORD105720,CUST00541,2023-03-23,Beauty,Sunscreen SPF50,West,UPI,1,1027.51,10,924.76
ORD100223,CUST00904,2024-05-29,Electronics,Power Bank,West,UPI,1,2308.55,0,2308.55
ORD108331,CUST00612,2024-01-15,Electronics,Wireless Earbuds,West,Debit Card,1,3462.95,0,3462.95
ORD108834,CUST01127,2023-04-21,Electronics,Smartwatch,West,Credit Card,1,1348.45,10,1213.6
ORD103204,CUST00256,2024-09-02,Books,Cookbook,South,UPI,1,749.73,0,749.73
ORD105628,CUST00182,2024-12-02,Electronics,Wireless Earbuds,West,Net Banking,1,4348.55,10,3913.7
ORD107739,CUST00361,2023-07-20,Books,Cookbook,East,Cash on Delivery,1,354.92,10,319.43
ORD101779,CUST01183,2023-05-08,Books,Self-Help Book,West,UPI,2,331.25,30,463.75
ORD101025,CUST01027,2023-12-23,Electronics,Bluetooth Speaker,West,Net Banking,3,2357.12,0,7071.36
ORD106568,CUST01083,2024-03-04,Home & Kitchen,Water Bottle,West,UPI,2,1469.46,0,2938.92
ORD106337,CUST00387,2024-11-17,Home & Kitchen,Cushion Cover,South,UPI,1,956.7,30,669.69
ORD103778,CUST00667,2023-03-18,Electronics,Smartwatch,West,UPI,1,3965.34,0,3965.34
ORD100081,CUST00478,2024-05-29,Electronics,Wireless Earbuds,West,UPI,4,1306.9,5,4966.22
ORD107653,CUST01147,2024-12-03,Fashion,Running Shoes,West,UPI,1,960.79,5,912.75
ORD102030,CUST00221,2024-01-15,Fashion,Cotton T-Shirt,West,Debit Card,1,2252.85,0,2252.85
ORD104054,CUST00645,2023-06-29,Fashion,Running Shoes,South,Credit Card,2,1624.58,0,3249.16
ORD101792,CUST00630,2024-08-29,Fashion,Denim Jacket,East,UPI,1,1664.91,0,1664.91
ORD107922,CUST00942,2024-08-15,Fashion,Sunglasses,East,UPI,2,2275.15,10,4095.27
ORD105572,CUST00471,2024-10-08,Electronics,Power Bank,North,UPI,1,2891.64,30,2024.15
ORD102716,CUST00630,2024-06-14,Beauty,Perfume,East,Debit Card,2,859.43,0,1718.86
ORD106206,CUST00410,2023-06-10,Home & Kitchen,Water Bottle,Central,UPI,1,1969.81,5,1871.32
ORD103819,CUST00338,2023-12-17,Electronics,Power Bank,North,UPI,2,3494.75,0,6989.5
ORD107612,CUST00646,2024-09-17,Sports,Cycling Gloves,South,UPI,2,2609.74,0,5219.48
ORD106993,CUST01155,2023-03-11,Fashion,Sunglasses,East,Credit Card,2,1080.87,10,1945.57
ORD102673,CUST00206,2023-12-03,Sports,Yoga Mat,West,UPI,1,1103.05,5,1047.9
ORD105573,CUST00308,2023-06-06,Fashion,Running Shoes,West,UPI,1,2465.12,10,2218.61
ORD103482,CUST00125,2024-01-02,Sports,Cricket Bat,South,Debit Card,2,1849.64,20,2959.42
ORD104653,CUST00245,2023-12-18,Electronics,Wireless Earbuds,Central,Credit Card,2,2098.32,10,3776.98
ORD106579,CUST00248,2024-02-01,Beauty,Face Serum,North,UPI,1,1360.46,5,1292.44
ORD103501,CUST00990,2024-06-02,Electronics,Smartwatch,North,UPI,1,3041.63,5,2889.55
ORD102563,CUST00917,2024-08-28,Home & Kitchen,LED Lamp,Central,Debit Card,1,605.48,0,605.48
ORD103402,CUST00256,2024-09-01,Sports,Dumbbell Set,West,Credit Card,1,537.11,5,510.25
ORD108970,CUST01055,2024-12-19,Fashion,Leather Wallet,North,Credit Card,1,1968.52,10,1771.67
ORD106253,CUST00248,2024-05-24,Sports,Resistance Bands,South,Credit Card,1,1271.29,15,1080.6
ORD105982,CUST01177,2023-03-05,Fashion,Denim Jacket,North,Cash on Delivery,3,1414.04,10,3817.91
ORD101956,CUST00128,2024-10-10,Beauty,Lip Balm Set,South,Net Banking,1,1367.25,15,1162.16
ORD105725,CUST00600,2024-01-12,Books,Self-Help Book,West,UPI,1,773.31,10,695.98
ORD106794,CUST00916,2023-08-18,Home & Kitchen,Water Bottle,North,Cash on Delivery,1,1351.14,0,1351.14
ORD103869,CUST00591,2023-10-23,sports,Yoga Mat,West,Net Banking,2,1631.88,0,3263.76
ORD108172,CUST00614,2023-04-22,Electronics,Laptop Sleeve,East,UPI,1,3828.77,10,3445.89
ORD104136,CUST00580,2023-04-25,Electronics,Bluetooth Speaker,East,Debit Card,1,902.92,0,902.92
ORD105800,CUST01074,2023-09-04,Beauty,Lip Balm Set,Central,UPI,1,1272.09,0,1272.09
ORD106789,CUST00580,2024-07-15,Books,Fiction Novel,South,UPI,1,451.86,0,451.86
ORD101378,CUST00250,2023-12-12,Books,Fiction Novel,North,Credit Card,2,593.68,0,1187.36
ORD107398,CUST00749,2023-12-04,Electronics,Smartwatch,North,Debit Card,2,3343.05,0,6686.1
ORD101551,CUST00358,2023-12-26,Home & Kitchen,Water Bottle,North,Credit Card,1,1290.86,5,1226.32
ORD107269,CUST00543,2024-10-06,Fashion,Cotton T-Shirt,North,Debit Card,1,1470.7,20,1176.56
ORD103136,CUST00339,2024-05-22,Fashion,Leather Wallet,East,Cash on Delivery,2,1201.59,15,2042.7
ORD100311,CUST00965,2024-09-20,sports,Yoga Mat,East,Debit Card,1,2866.34,5,2723.02
ORD101631,CUST00736,2023-04-04,Fashion,Denim Jacket,North,Credit Card,1,1729.08,10,1556.17
ORD104260,CUST00512,2024-05-23,Beauty,Lip Balm Set,North,Cash on Delivery,2,757.1,5,1438.49
ORD102067,CUST00694,2024-05-31,Electronics,Wireless Earbuds,Central,Credit Card,3,3774.0,0,11322.0
ORD101426,CUST00564,2024-08-31,Books,Kids Storybook,North,Debit Card,1,789.29,5,749.83
ORD102002,CUST00945,2024-01-11,Electronics,Smartwatch,Central,Credit Card,1,2776.61,0,2776.61
ORD104453,CUST01160,2024-05-15,Beauty,Hair Dryer,North,UPI,1,162.25,0,162.25
ORD106504,CUST00457,2024-10-04,Electronics,Power Bank,Central,UPI,2,2157.62,0,4315.24
ORD105225,CUST00005,2023-06-26,Home & Kitchen,Cushion Cover,West,Debit Card,1,1702.7,20,1362.16
ORD103810,CUST00609,2023-12-08,Home & Kitchen,Storage Organizer,Central,UPI,3,1534.92,0,4604.76
ORD105466,CUST00828,2023-10-02,Sports,Yoga Mat,North,Debit Card,2,1016.76,10,1830.17
ORD108004,CUST00688,2024-08-26,Electronics,Laptop Sleeve,East,Credit Card,1,2272.95,0,2272.95
ORD102337,CUST00580,2024-01-23,Electronics,Laptop Sleeve,Central,Debit Card,1,2246.95,5,2134.6
ORD105923,CUST00731,2023-03-16,Home & Kitchen,Storage Organizer,North,UPI,1,461.7,0,461.7
ORD102440,CUST00395,2024-03-28,Electronics,Smartwatch,North,UPI,2,2324.58,5,4416.7
ORD100128,CUST01130,2024-02-25,Beauty,Sunscreen SPF50,West,Credit Card,2,752.37,0,1504.74
ORD101009,CUST00198,2023-12-08,Electronics,Power Bank,East,Cash on Delivery,1,3625.49,0,3625.49
ORD101813,CUST01115,2024-08-31,Electronics,Laptop Sleeve,North,Credit Card,1,1451.32,0,1451.32
ORD101290,CUST00227,2024-07-02,Beauty,Sunscreen SPF50,South,Net Banking,2,570.13,5,1083.25
ORD104753,CUST00900,2024-05-15,Electronics,Power Bank,Central,Net Banking,1,1399.11,10,1259.2
ORD105342,CUST00646,2023-08-14,Home & Kitchen,Cushion Cover,East,Debit Card,1,519.7,0,519.7
ORD103873,CUST00613,2024-03-25,Fashion,Denim Jacket,North,Credit Card,1,796.89,15,677.36
ORD105197,CUST00450,2024-01-14,Electronics,Bluetooth Speaker,South,UPI,1,3006.06,20,2404.85
ORD102771,CUST00420,2024-08-28,Books,Kids Storybook,East,UPI,1,463.35,5,440.18
ORD100201,CUST00580,2023-05-07,Books,Fiction Novel,Central,UPI,1,314.36,0,314.36
ORD103695,CUST00038,2024-12-05,Home & Kitchen,Water Bottle,West,Debit Card,2,1348.32,20,2157.31
ORD107440,CUST00071,2024-08-20,Fashion,Leather Wallet,North,Credit Card,1,2089.4,5,1984.93
ORD108947,CUST01189,2024-02-07,Sports,Resistance Bands,East,Cash on Delivery,1,1974.75,0,1974.75
ORD105517,CUST00015,2024-08-09,Home & Kitchen,Non-stick Pan,East,Credit Card,1,1622.93,5,1541.78
ORD105913,CUST01193,2024-06-06,Sports,Dumbbell Set,Central,UPI,1,1689.13,0,1689.13
ORD100954,CUST01145,2024-04-22,Electronics,Smartwatch,Central,Debit Card,1,2332.05,0,2332.05
ORD107144,CUST00199,2024-09-12,Fashion,Sunglasses,Central,Credit Card,2,2136.18,0,4272.36
ORD102418,CUST00128,2024-05-29,Fashion,Denim Jacket,South,UPI,4,2397.18,0,9588.72
ORD104020,CUST00327,2023-06-28,Home & Kitchen,Cushion Cover,West,Credit Card,1,1119.11,0,1119.11
ORD100829,CUST00382,2024-04-16,Electronics,Power Bank,East,UPI,1,1267.98,0,1267.98
ORD102361,CUST00128,2024-03-01,Beauty,Sunscreen SPF50,Central,UPI,1,255.27,10,229.74
ORD107455,CUST01055,2024-11-18,Electronics,Smartwatch,South,UPI,2,3728.3,5,-7083.77
ORD108563,CUST01155,2023-05-31,Sports,Cricket Bat,Central,UPI,1,684.95,0,684.95
ORD104689,CUST00288,2024-01-19,Home & Kitchen,Cushion Cover,Central,Net Banking,1,361.9,20,289.52
ORD103907,CUST00677,2023-07-03,Fashion,Cotton T-Shirt,East,Credit Card,2,2042.91,0,4085.82
ORD100970,CUST00455,2023-11-08,Electronics,Bluetooth Speaker,East,UPI,1,2164.87,0,2164.87
ORD100202,CUST00083,2024-09-15,Beauty,Face Serum,North,Debit Card,1,593.04,0,593.04
ORD105821,CUST01087,2024-04-16,electronics,Laptop Sleeve,South,Debit Card,1,1981.57,0,1981.57
ORD106070,CUST01116,2024-01-30,Sports,Yoga Mat,North,Credit Card,1,1918.0,10,1726.2
ORD100982,CUST01126,2024-11-10,Books,Business Biography,South,Debit Card,1,702.69,20,562.15
ORD103696,CUST00414,2024-10-05,Sports,Resistance Bands,North,UPI,1,2504.46,5,2379.24
ORD106142,CUST00587,2023-07-06,beauty,Face Serum,Central,Debit Card,1,926.33,0,926.33
ORD103318,CUST00324,2023-08-21,Fashion,Cotton T-Shirt,East,Credit Card,1,1835.7,20,1468.56
ORD108254,CUST01190,2024-05-17,Fashion,Running Shoes,East,UPI,1,889.9,0,889.9
ORD104912,CUST00052,2024-09-06,sports,Resistance Bands,North,Debit Card,1,552.83,0,552.83
ORD106076,CUST00962,2024-08-30,Home & Kitchen,Storage Organizer,West,Cash on Delivery,1,980.89,0,980.89
ORD102380,CUST00542,2023-12-20,Fashion,Sunglasses,Central,Credit Card,4,817.99,5,3108.36
ORD102486,CUST00316,2023-10-16,Fashion,Denim Jacket,Central,Cash on Delivery,1,1588.94,20,1271.15
ORD106470,CUST01061,2024-08-12,Electronics,Smartwatch,South,UPI,1,2046.45,0,2046.45
ORD103206,CUST00656,2024-01-10,Electronics,Bluetooth Speaker,North,UPI,1,4164.88,10,3748.39
ORD105958,CUST01116,2023-05-19,Beauty,Perfume,South,Credit Card,1,1195.77,5,1135.98
ORD103097,CUST00720,2024-10-17,Electronics,Smartwatch,South,Debit Card,1,3120.68,0,3120.68
ORD102435,CUST00931,2024-06-30,electronics,Wireless Earbuds,Central,Debit Card,2,3407.17,5,6473.62
ORD103089,CUST00910,2024-09-12,Books,Kids Storybook,West,UPI,2,582.55,0,1165.1
ORD106166,CUST00970,2023-08-01,Fashion,Sunglasses,,UPI,1,2425.53,5,2304.25
ORD101187,CUST00194,2024-01-10,Beauty,Perfume,North,Net Banking,1,1040.64,0,1040.64
ORD106425,CUST00221,2023-07-15,Books,Business Biography,East,Credit Card,2,603.62,0,1207.24
ORD106438,CUST00410,2023-07-29,Beauty,Lip Balm Set,Central,UPI,1,1138.71,20,910.97
ORD104447,CUST00765,2024-12-21,Home & Kitchen,Cushion Cover,Central,Debit Card,1,767.17,5,728.81
ORD107499,CUST00005,2023-05-25,Fashion,Running Shoes,West,UPI,1,1962.2,10,1765.98
ORD103919,CUST00068,2024-05-20,Sports,Yoga Mat,North,,1,534.26,0,534.26
ORD105851,CUST00646,2024-02-25,Beauty,Hair Dryer,West,UPI,1,952.0,5,904.4
ORD101595,CUST00222,2024-03-13,Sports,Cycling Gloves,South,Debit Card,1,315.99,0,315.99
ORD104092,CUST00541,2024-10-11,Fashion,Cotton T-Shirt,Central,Credit Card,1,2360.33,5,2242.31
ORD100042,CUST00356,2024-11-20,Books,Business Biography,East,Credit Card,1,375.73,0,375.73
ORD100222,CUST01043,2024-02-12,Beauty,Sunscreen SPF50,Central,Net Banking,1,1086.64,0,1086.64
ORD106919,CUST00506,2024-05-26,Home & Kitchen,Water Bottle,West,Credit Card,1,802.12,0,802.12
ORD106245,CUST00499,2024-01-03,home & kitchen,Water Bottle,East,UPI,1,1531.23,0,1531.23
ORD103347,CUST00511,2024-09-20,Home & Kitchen,Water Bottle,Central,UPI,1,1514.51,15,1287.33
ORD108657,CUST00336,2024-12-07,Home & Kitchen,Storage Organizer,South,Credit Card,1,1167.67,15,992.52
ORD106590,CUST00695,2024-03-17,Electronics,Laptop Sleeve,South,UPI,1,1333.37,0,1333.37
ORD105168,CUST00882,2023-11-07,Beauty,Face Serum,Central,Credit Card,1,1036.3,0,1036.3
ORD101273,CUST00806,2023-03-16,Fashion,Denim Jacket,Central,Credit Card,1,673.25,10,605.93
ORD102182,CUST00380,2024-03-14,Beauty,Sunscreen SPF50,North,Net Banking,1,574.66,10,517.19
ORD100574,CUST00960,2023-08-12,Home & Kitchen,Cushion Cover,West,Credit Card,2,1002.31,0,2004.62
ORD101920,CUST01087,2024-01-16,Fashion,Denim Jacket,Central,Cash on Delivery,1,612.07,0,612.07
ORD107020,CUST00058,2023-12-31,Sports,Resistance Bands,South,Credit Card,2,2709.96,10,4877.93
ORD100144,CUST00731,2023-03-14,Electronics,Wireless Earbuds,Central,Debit Card,1,2949.76,5,2802.27
ORD100856,CUST01061,2023-11-13,Sports,Cycling Gloves,Central,UPI,2,2941.85,0,5883.7
ORD106272,CUST00308,2023-02-21,Electronics,Wireless Earbuds,South,UPI,1,2405.73,0,2405.73
ORD105942,CUST00589,2024-12-08,Home & Kitchen,Cushion Cover,East,UPI,2,1352.4,10,2434.32
ORD106891,CUST00002,2024-04-30,Beauty,Face Serum,North,Credit Card,2,373.2,10,671.76
ORD106143,CUST00630,2023-12-15,Fashion,Cotton T-Shirt,North,UPI,1,307.31,5,291.94
ORD101808,CUST00568,2024-01-17,Beauty,Lip Balm Set,North,UPI,3,1439.09,10,3885.54
ORD102620,CUST01193,2024-03-29,Fashion,Sunglasses,North,Credit Card,1,1145.72,0,1145.72
ORD104914,CUST01146,2024-10-01,Fashion,Cotton T-Shirt,South,UPI,1,676.21,10,608.59
ORD105994,CUST00380,2024-02-05,Electronics,Power Bank,North,Credit Card,1,4010.14,15,3408.62
ORD101846,CUST00019,2024-10-29,Fashion,Cotton T-Shirt,,Credit Card,2,950.25,0,1900.5
ORD108762,CUST01055,2024-12-15,Beauty,Face Serum,South,UPI,2,1325.18,5,2517.84
ORD104971,CUST00324,2023-07-15,Beauty,Sunscreen SPF50,East,Cash on Delivery,1,986.11,10,887.5
ORD104034,CUST00981,2023-12-07,Beauty,Sunscreen SPF50,West,Credit Card,3,1240.37,0,3721.11
ORD104199,CUST01176,2023-10-26,Fashion,Denim Jacket,South,UPI,1,624.22,0,624.22
ORD108191,CUST00731,2023-07-14,Electronics,Bluetooth Speaker,South,Cash on Delivery,1,1273.86,5,1210.17
ORD102458,CUST00855,2024-03-07,Beauty,Sunscreen SPF50,West,UPI,3,1428.76,0,4286.28
ORD104889,CUST00387,2024-10-28,Fashion,Sunglasses,East,Cash on Delivery,2,1046.09,10,1882.96
ORD107322,CUST00476,2024-08-09,Fashion,Sunglasses,North,UPI,2,379.15,0,758.3
ORD107505,CUST00078,2024-05-20,Fashion,Cotton T-Shirt,East,Net Banking,1,2288.11,0,2288.11
ORD104700,CUST00270,2024-02-12,Electronics,Smartwatch,Central,UPI,1,1606.03,5,1525.73
ORD100988,CUST00571,2024-11-01,Sports,Dumbbell Set,West,Cash on Delivery,1,725.17,0,725.17
ORD105329,CUST00438,2024-04-29,Home & Kitchen,Water Bottle,East,Credit Card,2,1444.54,0,2889.08
ORD108561,CUST00322,2024-06-29,Electronics,Wireless Earbuds,West,UPI,2,1960.63,0,3921.26
ORD101433,CUST01155,2024-01-12,Electronics,Laptop Sleeve,Central,Cash on Delivery,2,4474.17,15,7606.09
ORD104480,CUST01146,2024-01-28,Electronics,Smartwatch,Central,UPI,1,1723.55,0,1723.55
ORD104989,CUST00048,2023-03-26,Electronics,Laptop Sleeve,East,UPI,2,3284.5,5,6240.55
ORD104152,CUST00040,2024-11-23,Electronics,Wireless Earbuds,North,UPI,2,3972.48,10,7150.46
ORD100711,CUST00396,2024-02-09,Home & Kitchen,LED Lamp,Central,Credit Card,2,1961.58,20,3138.53
ORD102372,CUST00128,2024-07-11,Electronics,Wireless Earbuds,East,Cash on Delivery,2,1715.91,0,3431.82
ORD103850,CUST00002,2024-04-14,fashion,Cotton T-Shirt,South,UPI,1,2072.29,10,1865.06
ORD106222,CUST00900,2024-04-09,Sports,Cycling Gloves,West,Net Banking,2,1619.98,10,2915.96
ORD106684,CUST00380,2024-09-09,Beauty,Lip Balm Set,West,Credit Card,2,473.48,10,852.26
ORD104451,CUST01191,2024-06-09,Electronics,Smartwatch,South,UPI,1,1285.45,0,1285.45
ORD103565,CUST00147,2023-06-25,Fashion,Sunglasses,South,Debit Card,1,1741.17,20,1392.94
ORD105938,CUST00685,2023-11-27,Books,Cookbook,West,Credit Card,1,329.67,0,329.67
ORD106503,CUST00701,2023-04-27,Sports,Dumbbell Set,Central,Credit Card,1,2402.37,5,2282.25
ORD101018,CUST00723,2024-11-22,Fashion,Denim Jacket,East,Credit Card,1,1927.09,15,1638.03
ORD103887,CUST00793,2024-07-28,Beauty,Lip Balm Set,North,Debit Card,1,866.82,5,823.48
ORD105410,CUST00880,2023-08-20,Electronics,Smartwatch,South,Credit Card,2,1908.96,0,3817.92
ORD103296,CUST00560,2024-08-13,Beauty,Face Serum,,UPI,1,285.13,20,228.1
ORD102963,CUST01153,2024-04-08,Fashion,Leather Wallet,South,UPI,2,1822.81,10,3281.06
ORD104403,CUST01155,2023-05-12,Books,Cookbook,East,Cash on Delivery,1,270.26,0,270.26
ORD103461,CUST00325,2023-02-18,Sports,Cycling Gloves,Central,Credit Card,3,1371.15,0,4113.45
ORD104909,CUST00332,2024-01-15,Home & Kitchen,LED Lamp,Central,UPI,1,1722.21,5,1636.1
ORD104137,CUST00904,2024-07-05,Electronics,Wireless Earbuds,East,UPI,2,4387.66,5,8336.55
ORD108815,CUST01147,2024-12-10,Electronics,Bluetooth Speaker,South,Credit Card,2,4393.17,10,7907.71
ORD105501,CUST00731,2023-03-02,Electronics,Laptop Sleeve,Central,Credit Card,1,4031.76,0,4031.76
ORD108054,CUST01080,2024-04-15,Electronics,Laptop Sleeve,Central,Credit Card,2,2524.3,0,5048.6
ORD101681,CUST01012,2024-07-30,Home & Kitchen,Water Bottle,East,Credit Card,1,1649.49,0,1649.49
ORD104978,CUST00034,2024-01-30,Fashion,Sunglasses,West,Cash on Delivery,1,1149.71,5,1092.22
ORD101969,CUST00756,2024-09-04,Electronics,Power Bank,West,Credit Card,1,1496.64,0,1496.64
ORD104794,CUST00855,2024-01-10,Electronics,Wireless Earbuds,South,Debit Card,1,1697.2,0,1697.2
ORD108014,CUST00129,2024-03-02,Beauty,Face Serum,East,Cash on Delivery,2,529.91,10,953.84
ORD106063,CUST01058,2024-02-15,Sports,Resistance Bands,West,Net Banking,1,2440.2,5,2318.19
ORD102051,CUST00471,2024-03-17,Fashion,Denim Jacket,South,Credit Card,1,1976.32,15,1679.87
ORD105783,CUST00384,2023-04-16,Beauty,Perfume,North,Cash on Delivery,1,1428.16,10,1285.34
ORD104311,CUST00376,2024-12-04,Electronics,Laptop Sleeve,West,UPI,2,1875.92,15,3189.06
ORD107120,CUST00002,2024-10-28,Books,Kids Storybook,,Credit Card,1,160.1,10,144.09
ORD102146,CUST00697,2024-01-06,Home & Kitchen,Cushion Cover,North,Debit Card,2,1296.93,10,2334.47
ORD102322,CUST00071,2024-08-14,Electronics,Bluetooth Speaker,East,UPI,3,3100.15,0,9300.45
ORD102696,CUST00004,2023-10-07,Sports,Resistance Bands,South,Debit Card,1,2851.75,10,2566.58
ORD102482,CUST01015,2023-08-25,Home & Kitchen,Non-stick Pan,North,Cash on Delivery,1,1334.45,0,1334.45
ORD101370,CUST00580,2024-01-20,Fashion,Sunglasses,East,Debit Card,1,2335.73,0,2335.73
ORD101566,CUST00927,2024-08-13,Beauty,Sunscreen SPF50,North,Cash on Delivery,2,910.83,0,1821.66
ORD106288,CUST00195,2024-07-20,Home & Kitchen,Storage Organizer,North,Debit Card,1,431.8,10,388.62
ORD103596,CUST01143,2024-09-24,Fashion,Cotton T-Shirt,North,Debit Card,1,2418.85,10,2176.96
ORD103771,CUST00019,2024-10-26,Sports,Cycling Gloves,North,Net Banking,1,1891.0,15,1607.35
ORD107416,CUST00296,2024-02-09,Sports,Cricket Bat,West,,1,928.66,5,882.23
ORD107335,CUST00278,2024-02-29,Home & Kitchen,Water Bottle,East,Debit Card,1,1927.51,5,1831.13
ORD104588,CUST00627,2024-04-16,Books,Self-Help Book,North,Net Banking,2,569.47,5,1081.99
ORD104354,CUST00308,2023-06-14,Electronics,Laptop Sleeve,Central,Credit Card,1,4327.92,5,4111.52
ORD101516,CUST00335,2023-06-20,Home & Kitchen,Water Bottle,West,Credit Card,1,1207.31,0,1207.31
ORD106844,CUST00410,2023-09-06,Electronics,Power Bank,South,UPI,1,2554.29,0,2554.29
ORD106599,CUST00279,2024-03-05,Electronics,Wireless Earbuds,South,UPI,1,2354.96,0,2354.96
ORD107140,CUST01155,2023-09-16,Home & Kitchen,Cushion Cover,West,Credit Card,1,1605.29,10,1444.76
ORD103993,CUST00795,2024-12-20,electronics,Power Bank,North,Net Banking,3,3245.46,15,8275.92
ORD105862,CUST00221,2023-07-29,Electronics,Laptop Sleeve,South,Net Banking,1,2017.16,0,2017.16
ORD103627,CUST00339,2024-05-24,Electronics,Laptop Sleeve,West,UPI,2,2300.54,10,4140.97
ORD102186,CUST01189,2024-05-12,Electronics,Wireless Earbuds,East,Cash on Delivery,1,3074.19,10,2766.77
ORD106665,CUST00937,2024-01-18,Home & Kitchen,Water Bottle,Central,Net Banking,2,1188.5,0,2377.0
ORD103308,CUST00030,2023-08-21,Beauty,Hair Dryer,South,UPI,1,920.55,0,920.55
ORD103731,CUST00916,2023-09-22,Electronics,Bluetooth Speaker,West,UPI,4,2543.1,0,10172.4
ORD105251,CUST00002,2024-04-29,Sports,Yoga Mat,West,Credit Card,1,1369.55,0,1369.55
ORD101037,CUST00002,2024-05-02,Beauty,Perfume,West,Credit Card,1,1426.01,0,1426.01
ORD102437,CUST01080,2024-06-18,Electronics,Power Bank,South,UPI,1,3155.02,0,3155.02
ORD102999,CUST00399,2024-03-14,Books,Business Biography,South,UPI,1,724.15,10,651.74
ORD101510,CUST00702,2023-07-06,Electronics,Smartwatch,North,Cash on Delivery,1,4318.37,10,3886.53
ORD100411,CUST00866,2024-07-23,Electronics,Laptop Sleeve,West,Credit Card,1,1010.91,15,859.27
ORD108068,CUST00300,2024-11-20,Beauty,Lip Balm Set,West,UPI,1,987.99,0,987.99
ORD107815,CUST01080,2024-10-12,Fashion,Cotton T-Shirt,West,UPI,1,2199.59,0,2199.59
ORD104075,CUST00308,2023-07-31,Home & Kitchen,Water Bottle,Central,UPI,2,296.02,5,562.44
ORD101301,CUST00636,2024-06-14,Fashion,Cotton T-Shirt,East,Credit Card,1,2340.97,0,2340.97
ORD103259,CUST00902,2023-10-15,Home & Kitchen,Water Bottle,South,Debit Card,1,727.98,15,618.78
ORD105392,CUST00076,2023-08-28,electronics,Laptop Sleeve,East,Debit Card,3,872.61,20,2094.26
ORD101317,CUST00015,2024-01-22,Books,Cookbook,Central,UPI,1,167.87,10,151.08
ORD103316,CUST01055,2024-11-17,Electronics,Wireless Earbuds,West,Net Banking,1,2091.15,0,2091.15
ORD107571,CUST00395,2024-02-18,Sports,Dumbbell Set,East,UPI,1,1600.5,15,1360.42
ORD100777,CUST00637,2023-09-04,Fashion,Running Shoes,North,UPI,1,706.84,0,706.84
ORD103042,CUST00982,2024-01-07,Books,Fiction Novel,South,Credit Card,2,530.63,15,902.07
ORD103069,CUST00491,2024-06-18,Beauty,Face Serum,West,Credit Card,2,303.05,0,606.1
ORD106645,CUST00970,2023-09-17,Fashion,Leather Wallet,East,Debit Card,2,651.58,5,1238.0
ORD104671,CUST00297,2023-07-03,Beauty,Face Serum,Central,Debit Card,2,952.0,20,1523.2
ORD104854,CUST01041,2024-06-14,Fashion,Leather Wallet,South,Debit Card,3,1565.87,0,4697.61
ORD102367,CUST00104,2024-11-06,Electronics,Power Bank,West,Cash on Delivery,1,1351.31,5,1283.74
ORD102476,CUST00928,2024-08-12,Fashion,Running Shoes,North,UPI,2,1944.92,15,3306.36
ORD104890,CUST00894,2024-01-07,Fashion,Denim Jacket,North,Net Banking,3,2477.88,15,6318.59
ORD105413,CUST00404,2024-08-15,Electronics,Smartwatch,South,UPI,2,1151.38,0,-2302.76
ORD107280,CUST01159,2024-05-03,Sports,Yoga Mat,East,Net Banking,1,2628.56,5,2497.13
ORD104169,CUST01055,2024-11-17,Sports,Resistance Bands,North,UPI,1,2256.07,0,2256.07
ORD100025,CUST00965,2024-10-03,Sports,Yoga Mat,East,Credit Card,1,331.59,0,331.59
ORD103392,CUST00904,2024-06-10,Home & Kitchen,Storage Organizer,South,Net Banking,1,1727.71,0,1727.71
ORD101408,CUST00209,2024-12-25,Sports,Yoga Mat,East,Credit Card,1,2336.35,0,2336.35
ORD105222,CUST01009,2024-11-28,Books,Self-Help Book,East,UPI,1,440.37,15,374.31
ORD107673,CUST00757,2023-05-01,Sports,Cycling Gloves,North,Debit Card,1,2899.89,0,2899.89
ORD101139,CUST01096,2024-10-23,Books,Cookbook,Central,UPI,1,181.2,0,181.2
ORD100505,CUST00396,2023-11-13,Sports,Cricket Bat,South,Cash on Delivery,1,2056.24,0,2056.24
ORD101560,CUST00917,2024-08-08,Fashion,Sunglasses,South,UPI,2,2324.0,5,4415.6
ORD107538,CUST00062,2024-08-04,Sports,Yoga Mat,North,Debit Card,1,1455.14,15,1236.87
ORD106610,CUST01010,2023-07-05,Fashion,Cotton T-Shirt,West,UPI,2,2125.09,5,4037.67
ORD107616,CUST00457,2024-07-30,Electronics,Bluetooth Speaker,Central,Debit Card,3,2732.47,0,8197.41
ORD106404,CUST00563,2024-07-03,electronics,Power Bank,West,,2,2400.23,0,4800.46
ORD107626,CUST01055,2024-11-18,Home & Kitchen,LED Lamp,East,UPI,1,1190.11,0,1190.11
ORD107783,CUST00308,2024-09-17,Fashion,Cotton T-Shirt,East,Net Banking,1,1200.1,5,1140.09
ORD101120,CUST01066,2024-09-16,Electronics,Power Bank,South,Debit Card,1,3591.54,20,2873.23
ORD108863,CUST00183,2024-12-12,Beauty,Hair Dryer,Central,Debit Card,1,263.96,5,250.76
ORD104682,CUST00317,2024-09-21,Beauty,Lip Balm Set,East,Debit Card,1,827.37,0,827.37
ORD100601,CUST00195,2024-08-13,Electronics,Laptop Sleeve,South,Debit Card,1,1508.51,0,1508.51
ORD104707,CUST00894,2023-11-12,Books,Kids Storybook,South,UPI,1,329.58,0,329.58
ORD107282,CUST00024,2024-03-25,books,Cookbook,North,Cash on Delivery,2,660.71,0,1321.42
ORD106569,CUST00914,2024-08-29,Fashion,Running Shoes,East,Credit Card,1,1286.27,15,1093.33
ORD106792,CUST01180,2024-01-30,Fashion,Sunglasses,North,Credit Card,1,2262.67,0,2262.67
ORD103941,CUST00128,2024-08-20,Sports,Resistance Bands,North,UPI,1,2309.08,10,2078.17
ORD105185,CUST00046,2024-05-19,Fashion,Cotton T-Shirt,East,UPI,1,2133.59,10,1920.23
ORD102737,CUST00489,2024-01-26,Fashion,Leather Wallet,East,UPI,2,1297.32,0,2594.64
ORD105631,CUST00476,2024-08-31,Home & Kitchen,Cushion Cover,Central,Credit Card,1,1010.27,0,1010.27
ORD103851,CUST00962,2024-12-06,Electronics,Wireless Earbuds,West,UPI,1,3152.88,20,2522.3
ORD105504,CUST01074,2024-01-17,Fashion,Sunglasses,Central,UPI,1,691.68,0,691.68
ORD102613,CUST00221,2023-05-16,Electronics,Bluetooth Speaker,Central,UPI,1,2431.72,15,2066.96
ORD100348,CUST00128,2024-02-06,Electronics,Laptop Sleeve,South,Credit Card,1,3460.58,20,2768.46
ORD104981,CUST00157,2024-09-29,Fashion,Leather Wallet,Central,Cash on Delivery,2,806.68,0,1613.36
ORD104180,CUST00248,2023-07-16,Sports,Resistance Bands,West,UPI,1,2373.57,0,2373.57
ORD100794,CUST00099,2024-07-14,Fashion,Denim Jacket,Central,Net Banking,3,1962.74,0,5888.22
ORD104878,CUST00849,2024-07-13,Electronics,Power Bank,North,Credit Card,1,4149.86,30,2904.9
ORD101142,CUST00104,2024-11-07,Electronics,Laptop Sleeve,East,Credit Card,1,3580.08,0,3580.08
ORD108164,CUST00048,2023-11-03,Sports,Yoga Mat,Central,UPI,1,2130.24,0,2130.24
ORD100629,CUST01159,2024-04-05,Beauty,Lip Balm Set,South,UPI,1,1427.61,0,1427.61
ORD102517,CUST00970,2023-09-02,Electronics,Bluetooth Speaker,West,Debit Card,1,1628.22,0,1628.22
ORD107189,CUST00387,2024-10-27,Sports,Dumbbell Set,East,UPI,2,1836.1,0,3672.2
ORD102548,CUST00592,2024-07-10,Beauty,Sunscreen SPF50,West,Credit Card,1,165.87,0,165.87
ORD107883,CUST00939,2023-05-25,Sports,Dumbbell Set,North,Debit Card,1,2709.71,10,2438.74
ORD106553,CUST00521,2024-04-02,Books,Business Biography,Central,UPI,4,491.53,10,1769.51
ORD100408,CUST00128,2024-06-20,Books,Cookbook,South,UPI,1,200.03,15,170.03
ORD103391,CUST00161,2024-10-30,Home & Kitchen,Cushion Cover,South,UPI,1,1992.93,10,1793.64
ORD100164,CUST00697,2024-08-13,Sports,Cricket Bat,East,UPI,2,830.89,15,1412.51
ORD107361,CUST00455,2024-07-26,Fashion,Sunglasses,Central,Cash on Delivery,3,745.85,0,2237.55
ORD102291,CUST00344,2024-12-10,Sports,Dumbbell Set,West,UPI,1,1113.5,0,1113.5
ORD102336,CUST00406,2023-03-09,Electronics,Power Bank,Central,Credit Card,1,3112.7,0,3112.7
ORD104049,CUST00276,2024-09-22,Fashion,Denim Jacket,East,UPI,2,1498.56,5,2847.26
ORD106134,CUST00693,2023-10-20,Home & Kitchen,LED Lamp,West,UPI,1,631.33,30,441.93
ORD106065,CUST00954,2024-11-20,Fashion,Running Shoes,West,Credit Card,2,1329.26,10,2392.67
ORD107604,CUST00128,2024-05-16,Electronics,Wireless Earbuds,East,UPI,2,3813.27,30,5338.58
ORD107666,CUST00104,2024-11-06,Fashion,Cotton T-Shirt,West,Debit Card,1,1345.17,0,1345.17
ORD105745,CUST01022,2024-05-23,Electronics,Smartwatch,,Credit Card,2,3105.26,15,5278.94
ORD106068,CUST00387,2024-11-27,Books,Self-Help Book,West,Debit Card,1,192.72,0,192.72
ORD102426,CUST00300,2024-10-03,Electronics,Smartwatch,South,UPI,1,3813.79,0,3813.79
ORD101087,CUST00801,2024-11-06,Sports,Dumbbell Set,West,UPI,1,2532.38,15,2152.52
ORD105818,CUST00884,2024-07-27,Beauty,Face Serum,West,UPI,2,704.86,10,1268.75
ORD105281,CUST00597,2024-10-22,Electronics,Bluetooth Speaker,East,UPI,1,1304.16,0,1304.16
ORD103770,CUST00644,2024-01-10,Fashion,Denim Jacket,West,Net Banking,1,680.21,10,612.19
ORD107235,CUST00772,2024-02-19,Electronics,Laptop Sleeve,West,Net Banking,2,3528.32,10,6350.98
ORD108055,CUST00483,2024-11-16,Electronics,Power Bank,Central,UPI,4,2436.07,0,9744.28
ORD105963,CUST00158,2024-09-24,Home & Kitchen,Non-stick Pan,West,Credit Card,1,984.96,0,984.96
ORD105850,CUST00235,2024-07-22,Electronics,Bluetooth Speaker,West,Credit Card,2,4474.31,0,8948.62
ORD104390,CUST00361,2024-05-03,Electronics,Smartwatch,East,Cash on Delivery,1,3253.57,5,3090.89
ORD107470,CUST00836,2024-03-24,Fashion,Denim Jacket,North,Credit Card,1,766.25,0,766.25
ORD105061,CUST01080,2024-05-14,Electronics,Wireless Earbuds,West,Credit Card,2,1854.51,5,3523.57
ORD105918,CUST00388,2024-12-08,Books,Fiction Novel,South,Debit Card,1,420.88,20,336.7
ORD108753,CUST00834,2023-07-14,Books,Fiction Novel,East,Cash on Delivery,1,451.97,30,316.38
ORD102914,CUST00258,2024-04-11,Beauty,Perfume,East,UPI,1,1047.72,0,1047.72
ORD102860,CUST00163,2024-03-15,Electronics,Power Bank,South,Credit Card,1,1088.33,0,1088.33
ORD108792,CUST00731,2023-11-25,Home & Kitchen,Water Bottle,South,UPI,2,560.48,0,1120.96
ORD102363,CUST00462,2024-06-24,Home & Kitchen,Cushion Cover,East,Debit Card,1,291.41,5,276.84
ORD104624,CUST00384,2023-06-20,Fashion,Sunglasses,West,Cash on Delivery,4,2154.03,15,7323.7
ORD103881,CUST00828,2023-12-08,Electronics,Power Bank,West,Net Banking,1,3951.44,5,3753.87
ORD107298,CUST00630,2023-12-31,Home & Kitchen,LED Lamp,West,Net Banking,2,705.93,0,1411.86
ORD107321,CUST00691,2024-07-24,Home & Kitchen,Non-stick Pan,East,Credit Card,1,1703.64,0,1703.64
ORD106064,CUST00879,2024-04-23,Electronics,Wireless Earbuds,Central,Credit Card,1,1860.36,10,1674.32
ORD106333,CUST00512,2024-05-19,Electronics,Wireless Earbuds,North,Debit Card,1,3475.3,5,3301.54
ORD104123,CUST00687,2024-07-18,Fashion,Cotton T-Shirt,North,Cash on Delivery,2,1086.12,10,1955.02
ORD108193,CUST00322,2024-08-07,Sports,Dumbbell Set,Central,Credit Card,1,2847.33,10,2562.6
ORD105769,CUST00760,2024-03-05,Fashion,Denim Jacket,South,UPI,1,469.15,0,469.15
ORD100274,CUST00580,2023-03-30,Electronics,Laptop Sleeve,,UPI,1,3360.59,0,3360.59
ORD101072,CUST00417,2024-10-24,Fashion,Leather Wallet,West,Credit Card,1,2061.72,0,2061.72
ORD105170,CUST00651,2024-11-30,Books,Cookbook,Central,Credit Card,1,765.33,30,535.73
ORD108003,CUST00133,2024-06-02,Fashion,Cotton T-Shirt,,UPI,1,2263.67,0,2263.67
ORD106276,CUST00819,2023-09-06,Fashion,Running Shoes,West,Debit Card,2,1358.56,10,2445.41
ORD100675,CUST00040,2024-11-22,Fashion,Leather Wallet,East,Debit Card,2,1382.88,0,2765.76
ORD103393,CUST01155,2023-12-19,Electronics,Bluetooth Speaker,South,UPI,1,1082.21,0,1082.21
ORD106398,CUST00455,2023-09-09,Electronics,Smartwatch,East,Credit Card,1,2811.35,0,2811.35
ORD103382,CUST00751,2024-03-13,Books,Cookbook,North,Debit Card,1,196.97,10,177.27
ORD106733,CUST00302,2024-11-19,Home & Kitchen,LED Lamp,West,UPI,1,1995.17,15,1695.89
ORD108422,CUST00627,2024-02-10,Electronics,Wireless Earbuds,East,Credit Card,1,1059.2,0,1059.2
ORD103704,CUST01160,2024-06-22,Electronics,Laptop Sleeve,Central,Credit Card,1,1407.21,10,1266.49
ORD100585,CUST00590,2024-12-02,Fashion,Cotton T-Shirt,East,UPI,1,455.01,0,455.01
ORD100837,CUST00915,2023-07-15,Sports,Cricket Bat,North,Debit Card,1,988.93,10,890.04
ORD104806,CUST00710,2024-08-14,Fashion,Sunglasses,East,Debit Card,1,2073.02,0,2073.02
ORD104399,CUST00557,2024-07-07,Home & Kitchen,Non-stick Pan,Central,UPI,1,1424.66,10,1282.19
ORD102615,CUST00628,2024-04-03,Beauty,Lip Balm Set,Central,UPI,1,1277.05,5,1213.2
ORD105346,CUST00483,2024-11-16,Electronics,Power Bank,West,Credit Card,2,1623.35,0,3246.7
ORD107243,CUST00051,2024-02-09,Home & Kitchen,Storage Organizer,East,Net Banking,1,1005.93,0,1005.93
ORD102965,CUST00230,2023-08-21,Fashion,Running Shoes,East,UPI,1,822.06,20,657.65
ORD101437,CUST00847,2024-02-29,Beauty,Sunscreen SPF50,Central,Credit Card,1,617.1,10,555.39
ORD107974,CUST00109,2024-05-26,Fashion,Cotton T-Shirt,North,Net Banking,1,807.42,15,686.31
ORD101553,CUST00900,2024-06-14,Fashion,Sunglasses,North,Credit Card,1,358.2,15,304.47
ORD100816,CUST01147,2024-12-23,Beauty,Hair Dryer,West,UPI,3,1080.5,0,3241.5
ORD101243,CUST00571,2023-09-06,Home & Kitchen,Non-stick Pan,South,Credit Card,2,724.59,30,1014.43
ORD104312,CUST01169,2023-07-24,Electronics,Laptop Sleeve,East,Debit Card,1,1794.04,0,1794.04
ORD105053,CUST00035,2024-07-03,Electronics,Power Bank,North,Net Banking,1,2369.94,10,2132.95
ORD100302,CUST00071,2024-08-15,Fashion,Sunglasses,Central,Debit Card,1,1758.92,0,1758.92
ORD102619,CUST00070,2024-08-03,Fashion,Cotton T-Shirt,East,Net Banking,1,639.7,0,639.7
ORD101562,CUST00759,2023-05-27,Electronics,Bluetooth Speaker,South,Cash on Delivery,2,3242.64,10,5836.75
ORD107559,CUST00114,2023-06-06,Electronics,Smartwatch,North,UPI,1,3432.78,0,3432.78
ORD102678,CUST00377,2024-05-31,Electronics,Power Bank,West,Credit Card,1,3210.73,0,3210.73
ORD107655,CUST01009,2024-10-31,Sports,Dumbbell Set,Central,Debit Card,1,2905.4,0,2905.4
ORD102485,CUST01061,2023-11-22,Fashion,Leather Wallet,Central,Net Banking,3,1318.49,0,3955.47
ORD103936,CUST00575,2023-11-21,Fashion,Sunglasses,North,Credit Card,1,1785.59,10,1607.03
ORD100566,CUST00307,2024-11-02,Sports,Yoga Mat,South,UPI,1,2588.68,0,2588.68
ORD103162,CUST00770,2023-12-19,Electronics,Power Bank,West,Debit Card,1,2889.12,5,2744.66
ORD101063,CUST00395,2024-09-26,electronics,Bluetooth Speaker,West,Net Banking,1,3837.97,0,3837.97
ORD100872,CUST00884,2024-07-27,Electronics,Power Bank,Central,UPI,3,2463.09,15,6280.88
ORD107348,CUST00248,2023-09-09,Home & Kitchen,Storage Organizer,North,UPI,2,1058.5,15,1799.45
ORD102819,CUST00427,2024-12-21,Sports,Cycling Gloves,Central,Cash on Delivery,1,2536.18,0,2536.18
ORD108194,CUST00678,2024-11-03,Home & Kitchen,Non-stick Pan,Central,UPI,1,941.24,0,941.24
ORD100952,CUST00002,2024-03-15,Electronics,Laptop Sleeve,Central,Credit Card,3,1945.08,0,5835.24
ORD100159,CUST01124,2023-11-04,Books,Kids Storybook,East,Credit Card,1,588.61,0,588.61
ORD108544,CUST00322,2024-06-28,Beauty,Sunscreen SPF50,West,Debit Card,2,1040.97,0,2081.94
ORD100923,CUST01074,2024-07-19,Beauty,Perfume,South,Cash on Delivery,1,841.24,0,841.24
ORD102770,CUST00992,2024-07-15,Electronics,Smartwatch,South,Net Banking,1,2367.24,30,1657.07
ORD104155,CUST01155,2024-01-17,Beauty,Hair Dryer,Central,Credit Card,1,820.28,0,820.28
ORD107018,CUST00983,2024-11-10,Books,Self-Help Book,West,Credit Card,1,718.58,5,682.65
ORD108596,CUST00237,2024-02-24,Beauty,Face Serum,Central,Credit Card,1,197.9,10,178.11
ORD108965,CUST00904,2024-05-30,Home & Kitchen,Cushion Cover,North,UPI,4,770.79,0,3083.16
ORD104334,CUST01176,2023-10-07,Electronics,Bluetooth Speaker,West,Credit Card,1,2762.54,15,2348.16
ORD101975,CUST00402,2024-01-19,Fashion,Denim Jacket,Central,UPI,2,998.26,10,1796.87
ORD104119,CUST00843,2023-03-03,Books,Kids Storybook,Central,Net Banking,1,523.77,0,523.77
ORD108185,CUST00684,2024-12-25,Electronics,Smartwatch,North,UPI,2,3287.91,0,6575.82
ORD108686,CUST00428,2023-07-01,Sports,Resistance Bands,West,Net Banking,2,385.21,20,616.34
ORD104779,CUST00333,2024-06-01,home & kitchen,Water Bottle,North,Credit Card,2,1484.12,5,2819.83
ORD103735,CUST00865,2023-11-11,Electronics,Power Bank,Central,Debit Card,1,3921.02,5,3724.97
ORD107159,CUST00002,2024-05-08,Books,Business Biography,West,UPI,1,626.21,5,594.9
ORD102394,CUST00198,2023-05-28,Fashion,Sunglasses,Central,Net Banking,2,2399.65,0,4799.3
ORD108444,CUST00299,2024-03-30,Sports,Yoga Mat,North,Net Banking,1,756.48,0,756.48
ORD107811,CUST00230,2023-09-25,Fashion,Sunglasses,South,Credit Card,1,2465.57,0,2465.57
ORD103603,CUST00128,2024-04-12,Fashion,Denim Jacket,South,Debit Card,3,316.51,20,759.62
ORD106236,CUST00128,2024-04-23,Beauty,Face Serum,South,Debit Card,1,324.12,15,275.5
ORD102056,CUST00989,2023-07-05,Electronics,Laptop Sleeve,Central,UPI,1,1074.9,0,1074.9
ORD106798,CUST00962,2024-12-03,Home & Kitchen,LED Lamp,West,Net Banking,1,1448.67,10,1303.8
ORD104324,CUST01140,2024-05-13,Fashion,Denim Jacket,East,UPI,1,1533.43,0,1533.43
ORD100489,CUST00363,2024-01-30,Beauty,Hair Dryer,Central,Debit Card,1,1099.32,5,1044.35
ORD105333,CUST01027,2024-01-15,Fashion,Leather Wallet,South,Net Banking,1,812.12,0,812.12
ORD103713,CUST00829,2024-06-05,Electronics,Smartwatch,East,Debit Card,2,2341.93,0,4683.86
ORD104925,CUST01171,2023-06-06,Home & Kitchen,Storage Organizer,Central,UPI,1,1348.62,5,1281.19
ORD105846,CUST01094,2024-09-08,Home & Kitchen,LED Lamp,East,UPI,2,509.1,15,865.47
ORD100385,CUST00157,2024-09-18,Electronics,Power Bank,North,,1,1652.18,15,1404.35
ORD103488,CUST01024,2023-05-19,Fashion,Leather Wallet,West,Cash on Delivery,1,495.92,0,495.92
ORD106593,CUST00336,2023-03-14,Beauty,Hair Dryer,Central,Net Banking,1,882.82,15,750.4
ORD102283,CUST00854,2024-10-14,Fashion,Leather Wallet,Central,Net Banking,1,530.86,0,530.86
ORD104111,CUST01131,2023-10-12,Fashion,Leather Wallet,West,Net Banking,1,591.65,0,591.65
ORD101824,CUST00228,2023-12-30,Fashion,Running Shoes,South,Debit Card,1,2051.82,20,1641.46
ORD107258,CUST00002,2024-03-14,Home & Kitchen,Cushion Cover,South,Credit Card,2,672.96,0,1345.92
ORD104365,CUST00503,2023-05-15,Beauty,Perfume,West,Credit Card,1,1256.22,15,1067.79
ORD105484,CUST00570,2024-07-25,Beauty,Face Serum,East,Net Banking,1,854.92,15,726.68
ORD104419,CUST01146,2023-11-27,Electronics,Wireless Earbuds,East,UPI,3,1140.46,0,3421.38
ORD101588,CUST00962,2024-08-25,Electronics,Bluetooth Speaker,West,UPI,1,4020.33,0,4020.33
ORD102871,CUST00766,2023-11-28,Fashion,Cotton T-Shirt,North,Credit Card,1,2269.94,5,2156.44
ORD103348,CUST00704,2024-04-29,Home & Kitchen,Storage Organizer,West,UPI,1,1470.52,0,1470.52
ORD108883,CUST00380,2024-03-02,Home & Kitchen,LED Lamp,Central,Credit Card,1,880.2,0,880.2
ORD101751,CUST01188,2023-01-08,Electronics,Laptop Sleeve,Central,Debit Card,1,994.89,0,994.89
ORD107370,CUST00004,2024-01-07,Electronics,Power Bank,South,Net Banking,1,3387.83,15,2879.66
ORD105246,CUST00128,2024-06-27,Home & Kitchen,Non-stick Pan,Central,Cash on Delivery,1,1989.86,0,1989.86
ORD107522,CUST00307,2024-11-04,Fashion,Leather Wallet,South,Credit Card,1,1320.31,0,1320.31
ORD105400,CUST00005,2023-05-28,Electronics,Laptop Sleeve,South,Debit Card,1,859.96,0,-859.96
ORD101231,CUST00104,2024-12-21,Beauty,Perfume,North,UPI,2,1154.09,0,2308.18
ORD106840,CUST01146,2024-01-16,Sports,Yoga Mat,West,UPI,1,339.18,0,339.18
ORD104089,CUST00071,2024-08-09,Sports,Cycling Gloves,West,Net Banking,1,2357.17,20,1885.74
ORD105888,CUST00418,2024-11-06,Sports,Resistance Bands,Central,UPI,3,302.54,0,907.62
ORD108893,CUST00931,2024-04-07,beauty,Hair Dryer,West,Cash on Delivery,1,932.09,0,932.09
ORD101195,CUST00308,2023-08-05,Electronics,Bluetooth Speaker,Central,,1,961.17,30,672.82
ORD105365,CUST00809,2024-12-18,Electronics,Bluetooth Speaker,Central,Credit Card,2,2774.84,10,4994.71
ORD103160,CUST00722,2024-10-19,Books,Fiction Novel,West,Credit Card,1,326.83,0,326.83
ORD107584,CUST00891,2024-09-20,Electronics,Power Bank,Central,UPI,1,2102.57,0,2102.57
ORD100963,CUST00700,2024-03-09,Home & Kitchen,Storage Organizer,South,Credit Card,1,475.6,5,451.82
ORD107250,CUST00793,2024-10-23,Home & Kitchen,Water Bottle,South,Credit Card,1,1428.93,0,1428.93
ORD104593,CUST00056,2024-09-25,Fashion,Leather Wallet,North,Credit Card,1,2286.23,0,2286.23
ORD100352,CUST00165,2023-12-29,Electronics,Laptop Sleeve,South,UPI,1,1974.34,5,1875.62
ORD101838,CUST00410,2023-05-10,Fashion,Cotton T-Shirt,Central,UPI,1,2480.39,20,1984.31
ORD103945,CUST00343,2024-07-30,Electronics,Power Bank,West,UPI,1,4049.22,0,4049.22
ORD108109,CUST00525,2024-08-23,Books,Fiction Novel,West,Credit Card,1,484.33,0,484.33
ORD106586,CUST01031,2023-12-08,Fashion,Cotton T-Shirt,Central,Credit Card,2,1319.86,30,1847.8
ORD100001,CUST00270,2024-03-19,Home & Kitchen,LED Lamp,East,Debit Card,1,484.32,10,435.89
ORD108400,CUST00912,2023-11-11,Beauty,Face Serum,Central,Credit Card,4,1391.31,10,5008.72
ORD104381,CUST00361,2023-11-24,Home & Kitchen,LED Lamp,South,UPI,2,423.68,10,762.62
ORD108902,CUST00221,2023-06-04,Fashion,Sunglasses,North,Debit Card,1,2491.58,0,2491.58
ORD105742,CUST00457,2024-07-08,Home & Kitchen,Storage Organizer,East,UPI,1,1418.84,15,1206.01
ORD100783,CUST00926,2024-09-15,Fashion,Leather Wallet,South,Credit Card,2,832.24,0,1664.48
ORD107004,CUST00306,2023-02-12,Sports,Yoga Mat,South,Cash on Delivery,3,2635.76,0,7907.28
ORD108170,CUST00583,2023-08-23,Fashion,Denim Jacket,Central,UPI,1,1233.14,0,1233.14
ORD105033,CUST00252,2024-04-12,Beauty,Hair Dryer,Central,UPI,1,181.83,5,172.74
ORD102396,CUST00916,2023-11-05,Home & Kitchen,Water Bottle,East,Cash on Delivery,1,410.58,15,348.99
ORD108145,CUST00245,2024-01-16,Electronics,Bluetooth Speaker,Central,Credit Card,1,3750.59,0,3750.59
ORD100068,CUST01164,2023-01-31,Beauty,Face Serum,North,Net Banking,1,1351.79,0,1351.79
ORD100403,CUST00685,2023-12-18,Books,Cookbook,South,Credit Card,2,621.46,30,870.04
ORD103434,CUST00324,2023-09-20,Sports,Dumbbell Set,Central,UPI,1,783.41,10,705.07
ORD106898,CUST00258,2024-03-05,Electronics,Smartwatch,East,Credit Card,1,3773.43,0,3773.43
ORD104893,CUST01000,2024-05-03,Sports,Resistance Bands,East,Debit Card,1,2301.64,5,2186.56
ORD107194,CUST00053,2024-03-28,Electronics,Power Bank,East,Net Banking,1,3351.42,10,3016.28
ORD101161,CUST00939,2023-07-10,Sports,Resistance Bands,West,UPI,1,2586.61,20,2069.29
ORD100218,CUST00212,2023-08-27,Electronics,Bluetooth Speaker,West,Debit Card,1,906.01,0,906.01
ORD106119,CUST01153,2024-04-25,Beauty,Perfume,West,Credit Card,2,1454.92,30,2036.89
ORD104273,CUST00962,2024-08-18,Home & Kitchen,Water Bottle,South,UPI,1,301.05,15,255.89
ORD105049,CUST01127,2023-04-07,Books,Kids Storybook,North,,1,448.04,30,313.63
ORD103428,CUST01074,2023-10-05,Beauty,Hair Dryer,South,Credit Card,3,1117.97,15,2850.82
ORD102139,CUST01189,2024-04-04,Home & Kitchen,Non-stick Pan,East,UPI,2,762.64,20,1220.22
ORD101200,CUST00148,2024-12-08,Sports,Cycling Gloves,West,Net Banking,1,2161.15,15,1836.98
ORD106072,CUST00005,2023-05-29,Fashion,Leather Wallet,North,Debit Card,1,2476.2,0,2476.2
ORD102915,CUST00815,2024-06-09,Home & Kitchen,Water Bottle,South,UPI,1,956.19,0,956.19
ORD108072,CUST01147,2024-12-01,Sports,Resistance Bands,North,Net Banking,2,925.63,5,1758.7
ORD102300,CUST00917,2024-07-02,Fashion,Running Shoes,East,Debit Card,1,620.12,10,558.11
ORD101756,CUST00655,2023-09-19,beauty,Face Serum,West,UPI,1,1190.54,0,1190.54
ORD103486,CUST00620,2024-11-12,Sports,Yoga Mat,North,Credit Card,1,773.78,0,773.78
ORD106702,CUST00731,2023-04-14,Fashion,Cotton T-Shirt,South,Debit Card,2,731.59,0,1463.18
ORD101577,CUST00005,2023-08-12,Beauty,Face Serum,North,,1,1417.26,20,1133.81
ORD102719,CUST01055,2024-11-23,Electronics,Wireless Earbuds,West,UPI,1,1252.98,0,1252.98
ORD102241,CUST00614,2023-07-14,Sports,Dumbbell Set,Central,Credit Card,1,285.95,0,285.95
ORD106024,CUST00005,2023-06-21,Home & Kitchen,LED Lamp,West,UPI,1,1209.32,0,1209.32
ORD102774,CUST00574,2024-06-11,Beauty,Sunscreen SPF50,Central,Credit Card,1,940.74,10,846.67
ORD101507,CUST00775,2023-05-18,Fashion,Sunglasses,East,UPI,1,710.09,15,603.58
ORD105593,CUST00221,2023-11-06,Fashion,Sunglasses,West,Credit Card,1,348.91,5,331.46
ORD103749,CUST01077,2024-10-12,Home & Kitchen,LED Lamp,Central,Credit Card,1,297.89,0,297.89
ORD108353,CUST00587,2023-09-16,Home & Kitchen,Cushion Cover,Central,Debit Card,2,1595.04,10,2871.07
ORD102493,CUST00581,2024-07-07,Beauty,Lip Balm Set,West,Net Banking,1,1324.08,0,1324.08
ORD108359,CUST00222,2024-04-30,electronics,Laptop Sleeve,West,Net Banking,1,1947.63,15,1655.49
ORD100538,CUST01018,2024-09-02,Electronics,Bluetooth Speaker,West,UPI,1,4253.78,0,4253.78
ORD101330,CUST00412,2024-04-08,Home & Kitchen,Storage Organizer,East,Credit Card,1,1148.15,10,1033.34
ORD102303,CUST00749,2023-10-26,Electronics,Bluetooth Speaker,Central,Debit Card,3,2841.79,5,8099.1
ORD102499,CUST00571,2023-12-24,Fashion,Denim Jacket,West,Credit Card,1,1048.02,5,995.62
ORD101612,CUST01073,2024-03-30,Books,Cookbook,Central,Credit Card,1,150.21,0,150.21
ORD101488,CUST00221,2023-05-11,Books,Business Biography,South,Debit Card,1,798.87,0,798.87
ORD102018,CUST00040,2024-11-22,Sports,Yoga Mat,East,Credit Card,1,590.15,30,413.1
ORD101744,CUST00541,2023-08-09,Electronics,Bluetooth Speaker,Central,Credit Card,1,2023.73,15,1720.17
ORD108787,CUST00139,2024-06-02,Beauty,Hair Dryer,South,UPI,2,1414.53,0,2829.06
ORD108091,CUST00594,2023-06-27,Electronics,Power Bank,Central,UPI,1,1523.53,0,-1523.53
ORD101482,CUST00276,2024-09-17,Electronics,Power Bank,South,Debit Card,1,3725.77,0,3725.77
ORD108669,CUST00918,2024-04-04,Home & Kitchen,Storage Organizer,South,Debit Card,1,1020.77,0,1020.77
ORD106745,CUST00667,2023-05-01,Fashion,Cotton T-Shirt,West,Credit Card,1,2396.57,5,2276.74
ORD100182,CUST00572,2024-11-03,Books,Self-Help Book,Central,UPI,2,408.61,0,817.22
ORD105044,CUST00156,2023-10-06,Electronics,Bluetooth Speaker,West,Debit Card,1,1471.35,20,1177.08
ORD104606,CUST00195,2024-09-23,Beauty,Perfume,East,UPI,2,1284.32,0,2568.64
ORD101393,CUST00120,2024-12-11,Home & Kitchen,Water Bottle,Central,Debit Card,3,390.85,0,1172.55
ORD101508,CUST00128,2024-04-13,Home & Kitchen,Storage Organizer,South,Credit Card,2,1577.78,20,2524.45
ORD101194,CUST00399,2023-09-09,Beauty,Perfume,East,UPI,1,872.96,10,785.66
ORD101266,CUST01004,2024-10-22,Fashion,Sunglasses,West,UPI,2,1580.67,20,2529.07
ORD105427,CUST00060,2024-01-29,Home & Kitchen,LED Lamp,Central,UPI,2,1672.81,5,3178.34
ORD105405,CUST00396,2023-11-22,Electronics,Wireless Earbuds,West,Credit Card,2,3015.6,5,5729.64
ORD103645,CUST00990,2024-02-04,Electronics,Power Bank,West,UPI,2,1392.03,5,2644.86
ORD105962,CUST00259,2024-03-28,Sports,Cricket Bat,West,Cash on Delivery,1,2750.32,5,2612.8
ORD107069,CUST00038,2024-12-13,Fashion,Sunglasses,North,Credit Card,1,1002.68,10,902.41
ORD103800,CUST00837,2024-11-29,Electronics,Smartwatch,East,UPI,1,3524.59,0,3524.59
ORD108383,CUST00569,2024-05-28,Sports,Yoga Mat,South,Cash on Delivery,1,394.84,5,375.1
ORD104677,CUST00128,2024-04-23,Home & Kitchen,Non-stick Pan,East,UPI,2,1629.62,0,3259.24
ORD108108,CUST00116,2024-09-09,Sports,Dumbbell Set,Central,Debit Card,1,1833.23,20,1466.58
ORD101931,CUST00738,2024-02-17,Fashion,Leather Wallet,,UPI,1,1023.49,30,716.44
ORD102812,CUST00407,2023-11-28,Beauty,Hair Dryer,South,UPI,1,1358.31,5,1290.39
ORD103974,CUST00628,2023-04-06,Fashion,Leather Wallet,North,Debit Card,1,1511.04,10,1359.94
ORD102539,CUST00963,2023-11-29,Fashion,Cotton T-Shirt,Central,Debit Card,1,2181.22,5,2072.16
ORD102669,CUST00199,2024-10-24,Fashion,Sunglasses,North,Credit Card,1,913.03,20,730.42
ORD108262,CUST00066,2024-08-01,Fashion,Cotton T-Shirt,South,Net Banking,1,2309.46,0,2309.46
ORD108001,CUST00202,2024-12-04,Electronics,Wireless Earbuds,West,Credit Card,1,2213.64,0,2213.64
ORD103719,CUST00557,2024-04-26,Books,Business Biography,East,UPI,1,607.77,0,607.77
ORD107844,CUST00380,2024-10-09,Home & Kitchen,Storage Organizer,South,Debit Card,3,1068.58,0,3205.74
ORD105213,CUST00931,2024-05-29,Home & Kitchen,LED Lamp,West,Credit Card,1,1265.59,0,1265.59
ORD103248,CUST01163,2024-03-01,beauty,Lip Balm Set,Central,Credit Card,2,995.73,15,1692.74
ORD106863,CUST00128,2024-06-03,Electronics,Smartwatch,,UPI,2,2412.97,0,4825.94
ORD104759,CUST00185,2024-11-19,Electronics,Laptop Sleeve,North,UPI,1,2991.78,15,2543.01
ORD102822,CUST00659,2023-08-30,Sports,Cricket Bat,East,Credit Card,1,468.37,0,468.37
ORD100573,CUST00962,2024-08-27,Beauty,Perfume,West,Credit Card,2,253.01,5,480.72
ORD107748,CUST00910,2024-10-03,Electronics,Wireless Earbuds,East,UPI,2,3256.5,20,5210.4
ORD100696,CUST01140,2024-06-05,Electronics,Power Bank,Central,Cash on Delivery,1,1686.92,0,1686.92
ORD105507,CUST00904,2024-11-22,Home & Kitchen,LED Lamp,West,Debit Card,1,1028.89,5,977.45
ORD101556,CUST00512,2024-07-20,Electronics,Power Bank,North,Credit Card,1,3419.53,20,2735.62
ORD102734,CUST00983,2024-09-04,Fashion,Denim Jacket,North,UPI,1,2089.08,0,2089.08
ORD107265,CUST00399,2023-06-22,Home & Kitchen,Cushion Cover,West,Debit Card,1,1223.56,0,1223.56
ORD102598,CUST00418,2024-10-25,Electronics,Power Bank,South,Debit Card,2,4143.11,0,8286.22
ORD105167,CUST00221,2023-10-15,Beauty,Perfume,West,Credit Card,1,465.57,15,395.73
ORD104157,CUST00855,2024-05-01,Fashion,Cotton T-Shirt,North,Credit Card,2,1488.81,0,2977.62
ORD102187,CUST00404,2024-07-30,Fashion,Sunglasses,North,Credit Card,2,1009.11,15,1715.49
ORD104022,CUST00871,2023-06-06,Books,Cookbook,Central,Credit Card,1,476.81,0,476.81
ORD108222,CUST00140,2024-03-15,Home & Kitchen,Storage Organizer,North,Debit Card,2,298.4,0,596.8
ORD102045,CUST00002,2024-04-30,Electronics,Laptop Sleeve,South,UPI,2,3850.56,0,7701.12
ORD100282,CUST00324,2024-01-04,Sports,Yoga Mat,East,Credit Card,2,2312.11,5,4393.01
ORD100258,CUST01126,2024-10-27,Sports,Dumbbell Set,East,UPI,2,737.17,0,1474.34
ORD102664,CUST00585,2024-07-17,Sports,Dumbbell Set,North,Debit Card,1,2421.38,10,2179.24
ORD105907,CUST00491,2024-03-20,Home & Kitchen,Non-stick Pan,West,UPI,1,1704.38,10,1533.94
ORD105893,CUST01128,2024-04-01,Fashion,Cotton T-Shirt,North,Credit Card,1,1059.59,20,847.67
ORD108286,CUST00049,2023-07-28,Home & Kitchen,LED Lamp,North,UPI,1,1815.97,5,1725.17
ORD103233,CUST00128,2024-05-05,Electronics,Bluetooth Speaker,Central,Credit Card,1,2121.21,0,2121.21
ORD100725,CUST00542,2023-10-18,Beauty,Hair Dryer,South,Cash on Delivery,1,370.89,0,370.89
ORD101636,CUST00256,2024-08-07,Fashion,Cotton T-Shirt,West,Credit Card,1,2429.06,0,2429.06
ORD107014,CUST00846,2024-02-06,Home & Kitchen,Non-stick Pan,West,UPI,1,1638.79,5,1556.85
ORD104773,CUST00286,2024-01-19,Electronics,Laptop Sleeve,Central,Net Banking,2,3042.59,5,5780.92
ORD108204,CUST00754,2024-12-09,Electronics,Bluetooth Speaker,South,UPI,1,3550.28,0,3550.28
ORD105248,CUST00908,2024-08-02,Electronics,Wireless Earbuds,North,Credit Card,1,3618.48,30,2532.94
ORD105442,CUST00680,2024-09-13,Fashion,Sunglasses,Central,Credit Card,2,1175.55,0,2351.1
ORD100055,CUST00832,2023-02-07,Electronics,Laptop Sleeve,East,Net Banking,1,3267.36,15,2777.26
ORD103614,CUST00367,2024-03-12,Home & Kitchen,LED Lamp,South,Debit Card,1,935.64,10,842.08
ORD108421,CUST00467,2023-04-17,Beauty,Lip Balm Set,South,Debit Card,1,1446.47,0,1446.47
ORD101411,CUST00068,2024-10-10,Fashion,Cotton T-Shirt,North,Credit Card,2,1148.94,15,1953.2
ORD108405,CUST00151,2024-12-29,Electronics,Laptop Sleeve,,Debit Card,3,1690.89,10,4565.4
ORD107432,CUST00156,2023-07-08,Books,Self-Help Book,North,Debit Card,3,455.86,0,1367.58
ORD102214,CUST01107,2024-02-10,Beauty,Face Serum,North,Cash on Delivery,1,1245.31,0,1245.31
ORD108971,CUST00537,2024-10-04,Home & Kitchen,Water Bottle,East,UPI,1,1487.16,15,1264.09
ORD107016,CUST00276,2024-09-21,Home & Kitchen,Non-stick Pan,East,Credit Card,1,631.23,20,504.98
ORD105457,CUST00120,2024-11-27,Home & Kitchen,Storage Organizer,South,Credit Card,1,785.41,0,785.41
ORD102935,CUST00316,2023-11-28,Home & Kitchen,Storage Organizer,East,Debit Card,1,1886.18,0,1886.18
ORD100888,CUST00579,2024-03-13,Home & Kitchen,Cushion Cover,South,UPI,2,1875.83,5,3564.08
ORD102954,CUST00569,2023-07-25,Home & Kitchen,Cushion Cover,North,Debit Card,2,1277.62,15,2171.95
ORD101687,CUST01021,2024-09-19,Sports,Resistance Bands,North,Net Banking,1,2574.67,0,2574.67
ORD101819,CUST00983,2024-07-25,Fashion,Sunglasses,East,Credit Card,1,1465.49,0,1465.49
ORD103703,CUST00317,2024-09-24,Fashion,Sunglasses,North,Credit Card,1,710.2,5,674.69
ORD101972,CUST00828,2024-05-10,Electronics,Wireless Earbuds,,Debit Card,2,935.89,0,1871.78
ORD106642,CUST00199,2024-11-28,Sports,Cycling Gloves,South,Credit Card,1,2341.51,10,2107.36
ORD100714,CUST00047,2024-10-08,Fashion,Denim Jacket,Central,UPI,1,1205.84,10,1085.26
ORD104701,CUST00496,2024-08-04,Sports,Dumbbell Set,East,UPI,1,2669.02,0,2669.02
ORD105152,CUST00718,2024-12-19,Home & Kitchen,Storage Organizer,East,UPI,1,1598.49,10,1438.64
ORD102286,CUST00580,2023-06-19,Home & Kitchen,LED Lamp,South,UPI,2,1995.5,0,3991.0
ORD102412,CUST00203,2023-09-09,Electronics,Smartwatch,South,Debit Card,2,3830.51,0,7661.02
ORD107420,CUST00923,2023-05-02,Electronics,Wireless Earbuds,South,Credit Card,1,2532.84,5,2406.2
ORD106303,CUST01074,2024-05-30,Books,Fiction Novel,West,Debit Card,1,688.64,0,688.64
ORD107871,CUST00903,2024-08-25,Electronics,Bluetooth Speaker,South,Net Banking,1,4019.62,5,3818.64
ORD108221,CUST00205,2024-10-09,Electronics,Power Bank,East,UPI,1,2280.35,0,2280.35
ORD108896,CUST00371,2024-07-31,Home & Kitchen,Cushion Cover,East,Net Banking,2,1832.03,0,3664.06
ORD102848,CUST00810,2024-10-07,Sports,Resistance Bands,South,Credit Card,1,2705.79,10,2435.21
ORD104713,CUST00630,2024-02-18,Fashion,Running Shoes,West,UPI,1,979.59,5,930.61
ORD107749,CUST00916,2023-11-24,Fashion,Sunglasses,Central,Debit Card,2,1222.84,5,2323.4
ORD108685,CUST00308,2023-02-07,Electronics,Power Bank,West,UPI,1,837.25,5,795.39
ORD100123,CUST00279,2024-08-03,Fashion,Cotton T-Shirt,South,Debit Card,4,857.39,0,3429.56
ORD108387,CUST00411,2024-11-05,Electronics,Bluetooth Speaker,West,UPI,3,3038.59,10,8204.19
ORD106138,CUST00034,2023-03-31,Books,Fiction Novel,West,Debit Card,1,548.43,5,521.01
ORD104430,CUST00302,2024-11-21,Sports,Cricket Bat,Central,Debit Card,1,408.69,20,326.95
ORD108729,CUST00256,2024-12-10,Sports,Yoga Mat,East,UPI,1,2250.33,20,1800.26
ORD108451,CUST00260,2024-11-03,Beauty,Sunscreen SPF50,West,Debit Card,2,1271.31,0,2542.62
ORD104400,CUST00363,2024-01-31,Fashion,Leather Wallet,Central,UPI,2,1905.69,10,3430.24
ORD106868,CUST01015,2023-10-07,Home & Kitchen,Cushion Cover,West,Cash on Delivery,1,1991.85,15,1693.07
ORD100980,CUST00758,2024-06-14,Fashion,Running Shoes,East,UPI,1,650.42,0,650.42
ORD107832,CUST00731,2023-06-16,Beauty,Perfume,West,Credit Card,3,1074.08,15,2738.9
ORD105503,CUST00076,2024-04-30,Home & Kitchen,Non-stick Pan,Central,Credit Card,1,1491.44,30,1044.01
ORD107261,CUST00333,2024-03-18,Sports,Cricket Bat,Central,Net Banking,3,2557.16,15,6520.76
ORD107062,CUST00161,2024-11-27,Home & Kitchen,Cushion Cover,South,Credit Card,1,1550.76,5,1473.22
ORD107223,CUST01080,2024-12-27,Beauty,Perfume,North,Credit Card,1,717.3,5,681.44
ORD100175,CUST00572,2024-12-09,Sports,Yoga Mat,South,Net Banking,1,732.6,5,695.97
ORD100581,CUST00034,2024-07-09,Fashion,Leather Wallet,Central,Net Banking,1,1295.09,0,1295.09
ORD108107,CUST01147,2024-12-09,Home & Kitchen,Water Bottle,North,UPI,1,1275.76,0,1275.76
ORD101616,CUST00612,2023-09-27,Sports,Dumbbell Set,West,Net Banking,1,1324.05,15,1125.44
ORD103322,CUST00013,2024-08-06,Fashion,Running Shoes,North,Cash on Delivery,2,1207.66,10,2173.79
ORD107428,CUST00918,2023-08-22,Home & Kitchen,Water Bottle,South,UPI,1,1748.87,0,1748.87
ORD105290,CUST00128,2024-03-05,Sports,Yoga Mat,North,Cash on Delivery,1,2972.6,0,2972.6
ORD102876,CUST01074,2024-04-19,Fashion,Denim Jacket,North,Cash on Delivery,4,1994.28,10,7179.41
ORD107135,CUST00636,2024-05-22,Beauty,Perfume,West,Credit Card,1,1079.41,0,1079.41
ORD108340,CUST00272,2023-06-19,Electronics,Laptop Sleeve,Central,Debit Card,2,2799.69,0,5599.38
ORD103243,CUST00074,2024-07-11,Home & Kitchen,Non-stick Pan,South,Credit Card,2,1909.83,0,3819.66
ORD105920,CUST00534,2024-02-24,Home & Kitchen,LED Lamp,North,Credit Card,1,1418.53,10,1276.68
ORD105975,CUST00959,2023-07-09,Books,Cookbook,North,UPI,1,379.75,5,360.76
ORD106077,CUST00367,2024-05-07,Electronics,Wireless Earbuds,South,Cash on Delivery,1,1475.71,0,1475.71
ORD101861,CUST00315,2024-03-19,Fashion,Cotton T-Shirt,West,UPI,1,1666.78,10,1500.1
ORD105446,CUST00951,2024-07-20,Fashion,Denim Jacket,South,Credit Card,1,332.64,10,299.38
ORD103575,CUST01131,2024-04-22,Books,Kids Storybook,West,Net Banking,1,373.59,10,336.23
ORD103606,CUST00361,2023-06-20,Books,Self-Help Book,West,Net Banking,1,755.72,5,717.93
ORD108831,CUST00128,2024-04-16,Fashion,Denim Jacket,Central,Net Banking,2,1489.34,0,2978.68
ORD102974,CUST00446,2024-04-01,Electronics,Smartwatch,West,Debit Card,1,1707.16,20,1365.73
ORD104505,CUST00937,2023-11-25,Sports,Resistance Bands,West,Credit Card,2,774.95,0,1549.9
ORD104771,CUST00731,2023-05-29,Fashion,Cotton T-Shirt,West,UPI,2,807.63,0,1615.26
ORD100297,CUST00220,2023-07-19,Electronics,Bluetooth Speaker,West,UPI,1,3894.84,0,3894.84
ORD100925,CUST00564,2024-11-20,Books,Kids Storybook,East,Credit Card,1,274.91,0,274.91
ORD104118,CUST00535,2024-06-16,Fashion,Denim Jacket,Central,Credit Card,1,2004.12,0,2004.12
ORD101590,CUST00655,2023-12-13,Fashion,Leather Wallet,North,Credit Card,2,2278.41,10,4101.14
ORD102115,CUST01094,2024-10-30,Fashion,Leather Wallet,North,UPI,1,2388.09,0,2388.09
ORD104824,CUST00088,2024-08-14,Home & Kitchen,Cushion Cover,Central,Debit Card,1,1759.68,0,1759.68
ORD107765,CUST00409,2024-06-02,Home & Kitchen,Non-stick Pan,Central,UPI,1,1479.13,0,1479.13
ORD107490,CUST00458,2024-04-06,Sports,Resistance Bands,Central,Debit Card,2,1750.17,0,3500.34
ORD101307,CUST00525,2024-05-15,Electronics,Wireless Earbuds,North,Credit Card,1,3091.07,5,2936.52
ORD107037,CUST00931,2024-02-27,Books,Business Biography,South,UPI,2,200.11,20,320.18
ORD104767,CUST00104,2024-11-12,Fashion,Leather Wallet,Central,Credit Card,1,908.12,10,817.31
ORD101672,CUST00615,2024-08-10,Electronics,Bluetooth Speaker,,Credit Card,1,3104.64,5,2949.41
ORD101199,CUST00541,2023-04-24,Electronics,Laptop Sleeve,North,UPI,1,3881.54,20,3105.23
ORD102229,CUST00002,2024-04-10,Beauty,Hair Dryer,Central,UPI,1,1110.82,15,944.2
ORD108603,CUST00515,2024-02-01,Electronics,Bluetooth Speaker,,UPI,2,3560.38,5,6764.72
ORD101835,CUST01095,2024-02-22,Electronics,Bluetooth Speaker,North,Credit Card,1,2874.76,0,2874.76
ORD100293,CUST01018,2024-10-13,Electronics,Smartwatch,North,UPI,1,4296.59,0,4296.59
ORD106345,CUST00551,2024-08-21,Fashion,Leather Wallet,North,Credit Card,1,1741.98,0,1741.98
ORD102690,CUST00919,2023-09-30,Electronics,Laptop Sleeve,North,Debit Card,1,1151.85,0,1151.85
ORD104222,CUST00434,2024-07-28,Electronics,Laptop Sleeve,North,Credit Card,1,2146.59,5,2039.26
ORD102579,CUST00897,2024-02-04,Electronics,Bluetooth Speaker,West,UPI,1,3888.86,0,3888.86
ORD107575,CUST00111,2023-09-03,Home & Kitchen,Cushion Cover,Central,UPI,1,1262.4,0,1262.4
ORD106343,CUST01180,2024-03-14,Sports,Cycling Gloves,West,UPI,1,1666.87,0,1666.87
ORD107641,CUST00970,2023-12-05,Electronics,Wireless Earbuds,North,Net Banking,1,2720.77,10,2448.69
ORD108265,CUST00666,2024-08-08,Electronics,Laptop Sleeve,East,Credit Card,4,4450.56,15,15131.9
ORD108175,CUST00855,2024-01-03,Fashion,Running Shoes,East,Credit Card,4,766.72,5,2913.54
ORD100692,CUST01147,2024-12-12,Sports,Yoga Mat,West,Net Banking,1,1235.5,5,1173.72
ORD108658,CUST00745,2023-09-07,Home & Kitchen,Water Bottle,North,UPI,2,340.43,5,646.82
ORD100686,CUST00109,2024-10-18,Home & Kitchen,Water Bottle,East,Credit Card,1,1561.77,10,1405.59
ORD100817,CUST00580,2023-05-22,Beauty,Face Serum,East,UPI,1,1224.48,10,1102.03
ORD100216,CUST00860,2024-02-06,Fashion,Cotton T-Shirt,South,Credit Card,1,415.26,0,415.26
ORD107934,CUST00005,2023-10-03,Electronics,Bluetooth Speaker,East,Net Banking,1,4064.65,0,4064.65
ORD103325,CUST00782,2024-10-02,Electronics,Smartwatch,East,UPI,1,1712.89,20,1370.31
ORD104248,CUST01074,2023-06-11,Home & Kitchen,Cushion Cover,North,Credit Card,1,310.83,5,295.29
ORD104802,CUST00361,2023-09-13,Home & Kitchen,Storage Organizer,South,UPI,2,1171.86,5,2226.53
ORD106088,CUST00588,2023-10-12,Home & Kitchen,Cushion Cover,Central,Debit Card,3,1711.7,10,-4621.59
ORD103889,CUST00252,2024-09-28,Fashion,Running Shoes,South,Cash on Delivery,1,2088.43,5,1984.01
ORD100322,CUST00375,2023-03-14,Home & Kitchen,Water Bottle,East,Credit Card,1,1193.49,0,1193.49
ORD108877,CUST00889,2024-07-31,Beauty,Sunscreen SPF50,South,Debit Card,1,1024.41,10,921.97
ORD106104,CUST01015,2023-10-31,Electronics,Smartwatch,South,UPI,1,2570.83,5,2442.29
ORD100478,CUST01074,2023-10-13,Electronics,Power Bank,South,UPI,1,4307.07,0,4307.07
ORD105378,CUST00232,2023-10-18,Fashion,Denim Jacket,Central,UPI,2,357.94,0,715.88
ORD105700,CUST00375,2024-09-05,Beauty,Sunscreen SPF50,South,Credit Card,1,758.1,0,758.1
ORD101889,CUST00580,2023-03-17,Home & Kitchen,Storage Organizer,West,Credit Card,1,1161.86,10,1045.67
ORD105762,CUST01137,2024-05-22,Electronics,Laptop Sleeve,East,Debit Card,1,2933.61,10,2640.25
ORD102313,CUST00888,2024-10-24,Fashion,Sunglasses,Central,Debit Card,2,491.61,15,835.74
ORD103198,CUST00338,2024-01-24,Home & Kitchen,Water Bottle,Central,Credit Card,1,881.21,15,749.03
ORD100812,CUST00706,2024-01-01,Electronics,Smartwatch,West,Cash on Delivery,1,3398.01,15,2888.31
ORD107433,CUST01031,2023-06-16,Books,Self-Help Book,West,Cash on Delivery,1,742.74,15,631.33
ORD107698,CUST00916,2023-10-23,Fashion,Denim Jacket,Central,Credit Card,3,802.16,0,2406.48
ORD104346,CUST00091,2024-10-25,Home & Kitchen,LED Lamp,North,UPI,1,520.84,0,520.84
ORD100843,CUST00580,2024-04-06,Fashion,Leather Wallet,Central,UPI,2,452.67,15,769.54
ORD106221,CUST00525,2023-09-22,Sports,Cycling Gloves,Central,Credit Card,3,1853.49,0,5560.47
ORD107408,CUST00496,2024-02-23,Books,Cookbook,North,Debit Card,2,681.66,0,1363.32
ORD103056,CUST00030,2023-02-15,Fashion,Denim Jacket,East,UPI,2,1372.16,30,1921.02
ORD102375,CUST00940,2023-08-24,Electronics,Wireless Earbuds,East,UPI,1,1505.08,5,1429.83
ORD104069,CUST00962,2024-12-04,Home & Kitchen,Cushion Cover,East,UPI,1,791.44,15,672.72
ORD102032,CUST00646,2023-08-30,Electronics,Bluetooth Speaker,Central,Debit Card,1,1556.58,5,1478.75
ORD100967,CUST00380,2024-03-12,Home & Kitchen,Storage Organizer,East,Net Banking,2,459.44,20,735.1
ORD108633,CUST00491,2024-06-24,Sports,Cricket Bat,Central,Debit Card,2,2133.64,0,4267.28
ORD108503,CUST00266,2023-05-29,Fashion,Cotton T-Shirt,East,Credit Card,2,1236.74,30,1731.44
ORD100972,CUST01147,2024-12-14,Beauty,Perfume,South,Net Banking,1,709.84,5,674.35
ORD101896,CUST00999,2023-12-07,Beauty,Face Serum,East,Cash on Delivery,1,1468.16,10,1321.34
ORD106331,CUST01028,2024-10-13,Electronics,Bluetooth Speaker,South,Credit Card,1,2932.03,5,2785.43
ORD104342,CUST00592,2024-08-20,Fashion,Running Shoes,West,UPI,1,746.07,0,746.07
ORD102704,CUST00404,2024-10-18,Beauty,Hair Dryer,West,Net Banking,2,1171.74,15,1991.96
ORD106299,CUST01065,2023-10-30,Home & Kitchen,Cushion Cover,South,Credit Card,1,1992.58,0,1992.58
ORD100753,CUST00069,2023-03-19,Beauty,Face Serum,South,UPI,1,292.99,15,249.04
ORD108273,CUST01086,2024-11-01,Home & Kitchen,Storage Organizer,South,Net Banking,1,1752.89,20,1402.31
ORD107860,CUST00589,2024-04-24,Home & Kitchen,Cushion Cover,South,Debit Card,1,213.83,0,213.83
ORD103374,CUST00212,2024-12-23,Beauty,Sunscreen SPF50,North,UPI,2,706.67,0,1413.34
ORD108235,CUST01008,2023-11-29,Electronics,Power Bank,West,Cash on Delivery,1,4215.37,0,4215.37
ORD106427,CUST00252,2023-10-26,Fashion,Denim Jacket,North,Credit Card,1,1945.19,5,1847.93
ORD105018,CUST00629,2024-05-07,Beauty,Hair Dryer,Central,Net Banking,1,919.9,0,919.9
ORD102205,CUST00731,2023-03-15,Books,Kids Storybook,East,UPI,2,433.88,10,780.98
ORD101529,CUST00361,2024-05-12,Beauty,Hair Dryer,West,Credit Card,1,1293.12,10,1163.81
ORD105601,CUST00970,2023-05-20,Electronics,Wireless Earbuds,West,Credit Card,1,802.64,5,762.51
ORD102951,CUST00120,2024-11-14,Fashion,Leather Wallet,North,Credit Card,1,1501.34,10,1351.21
ORD101345,CUST00128,2024-12-21,Beauty,Face Serum,South,UPI,1,730.77,10,657.69
ORD107413,CUST01122,2024-06-20,Electronics,Wireless Earbuds,East,Debit Card,1,1626.62,10,1463.96
ORD104687,CUST00186,2024-12-19,Fashion,Cotton T-Shirt,Central,UPI,2,819.35,10,1474.83
ORD100975,CUST00939,2023-08-21,Fashion,Sunglasses,South,Credit Card,1,1868.67,0,1868.67
ORD108350,CUST00114,2023-04-19,Home & Kitchen,LED Lamp,South,UPI,1,271.57,0,271.57
ORD105741,CUST01041,2024-08-29,Electronics,Power Bank,North,Credit Card,1,4433.88,0,4433.88
ORD105775,CUST00962,2024-08-21,Fashion,Denim Jacket,Central,Debit Card,1,380.87,0,380.87
ORD100509,CUST00723,2024-11-20,Beauty,Hair Dryer,South,UPI,1,1000.33,0,1000.33
ORD100122,CUST00879,2023-10-29,Home & Kitchen,LED Lamp,East,UPI,1,869.96,15,739.47
ORD104026,CUST00109,2023-09-26,Books,Self-Help Book,Central,UPI,1,633.59,0,633.59
ORD107216,CUST00455,2024-01-19,Fashion,Denim Jacket,North,Credit Card,2,777.76,0,1555.52
ORD105630,CUST01055,2024-11-30,Books,Fiction Novel,Central,Cash on Delivery,1,405.29,0,405.29
ORD107448,CUST00522,2024-11-23,Electronics,Smartwatch,South,UPI,1,3515.3,5,3339.54
ORD108618,CUST00810,2024-10-05,Beauty,Hair Dryer,West,UPI,1,524.23,10,471.81
ORD101710,CUST00858,2024-05-30,Home & Kitchen,Cushion Cover,Central,Net Banking,1,564.11,10,507.7
ORD106561,CUST00338,2024-07-16,Electronics,Bluetooth Speaker,East,Cash on Delivery,1,1179.84,0,1179.84
ORD102100,CUST00439,2024-08-06,Fashion,Denim Jacket,Central,Credit Card,1,980.22,0,980.22
ORD100869,CUST00128,2024-12-17,Sports,Cricket Bat,South,Debit Card,1,1368.06,10,1231.25
ORD101839,CUST00076,2023-09-06,Sports,Yoga Mat,East,Cash on Delivery,2,1130.71,0,2261.42
ORD101030,CUST00245,2024-04-26,Beauty,Lip Balm Set,South,Credit Card,2,1415.66,0,2831.32
ORD103463,CUST00538,2023-12-31,Home & Kitchen,Water Bottle,North,Net Banking,1,724.64,10,652.18
ORD106790,CUST00399,2023-10-12,Sports,Resistance Bands,North,Credit Card,2,2101.83,0,4203.66
ORD104852,CUST00078,2023-11-25,Fashion,Sunglasses,Central,Credit Card,1,1538.64,15,1307.84
ORD101998,CUST01074,2023-11-14,Sports,Cycling Gloves,East,Cash on Delivery,3,2254.43,10,6086.96
ORD107845,CUST00942,2023-07-26,Beauty,Lip Balm Set,South,UPI,2,697.01,0,1394.02
ORD103590,CUST00847,2024-04-07,Beauty,Face Serum,West,UPI,2,548.75,0,1097.5
ORD101156,CUST00207,2024-07-26,Electronics,Wireless Earbuds,North,Cash on Delivery,1,2384.87,30,1669.41
ORD103156,CUST00034,2024-12-26,Books,Fiction Novel,North,Credit Card,3,570.6,15,1455.03
ORD104428,CUST01154,2024-03-25,Electronics,Smartwatch,East,Credit Card,1,1214.77,0,1214.77
ORD105688,CUST01159,2024-07-01,Electronics,Bluetooth Speaker,South,Net Banking,3,4365.22,5,12440.88
ORD106480,CUST00902,2023-10-29,Sports,Cycling Gloves,North,Debit Card,1,945.34,0,945.34
ORD101575,CUST00159,2024-05-17,Fashion,Sunglasses,East,UPI,1,2346.06,0,2346.06
ORD108778,CUST00210,2024-09-07,Sports,Resistance Bands,Central,UPI,1,1005.47,0,1005.47
ORD100472,CUST00071,2024-07-30,Electronics,Laptop Sleeve,Central,Credit Card,4,3558.82,10,12811.75
ORD104997,CUST00970,2023-08-30,Electronics,Power Bank,North,UPI,1,2789.19,20,2231.35
ORD103583,CUST00108,2024-09-18,Beauty,Perfume,South,Credit Card,1,1032.65,0,1032.65
ORD102932,CUST00221,2023-09-14,Fashion,Leather Wallet,West,Credit Card,2,612.68,0,1225.36
ORD105425,CUST00471,2024-08-23,Sports,Cycling Gloves,West,UPI,1,1770.35,5,1681.83
ORD103388,CUST00585,2024-01-05,Beauty,Hair Dryer,Central,Debit Card,1,876.02,15,744.62
ORD102180,CUST00904,2024-05-18,Home & Kitchen,LED Lamp,North,Credit Card,1,515.56,15,438.23
ORD104743,CUST01147,2024-12-15,Home & Kitchen,Water Bottle,West,UPI,1,705.35,0,705.35
ORD108548,CUST00507,2024-03-03,Electronics,Wireless Earbuds,North,Credit Card,1,1858.76,0,1858.76
ORD107125,CUST00995,2024-08-23,Home & Kitchen,Water Bottle,East,UPI,2,434.74,0,869.48
ORD105488,CUST00801,2024-11-06,Sports,Cricket Bat,East,Debit Card,1,652.15,15,554.33
ORD101149,CUST00917,2024-08-15,Books,Self-Help Book,East,Cash on Delivery,1,715.38,30,500.77
ORD101160,CUST00191,2024-05-26,Sports,Resistance Bands,South,Cash on Delivery,1,386.92,0,386.92
ORD108000,CUST00406,2024-11-13,Beauty,Face Serum,,Debit Card,2,1346.8,5,2558.92
ORD100256,CUST01082,2024-01-27,Fashion,Running Shoes,North,UPI,1,633.18,5,601.52
ORD100793,CUST00671,2024-12-07,Fashion,Running Shoes,South,UPI,1,1166.18,0,1166.18
ORD104873,CUST00855,2024-01-02,Beauty,Hair Dryer,South,UPI,1,394.36,10,354.92
ORD106197,CUST00046,2024-09-25,Home & Kitchen,Water Bottle,North,UPI,2,1281.83,0,2563.66
ORD103855,CUST01146,2023-10-22,Books,Business Biography,West,Credit Card,1,256.75,15,218.24
ORD100557,CUST00138,2023-09-03,Fashion,Running Shoes,North,Net Banking,2,1349.51,10,2429.12
ORD102899,CUST00108,2024-09-11,Home & Kitchen,Water Bottle,North,UPI,1,409.01,0,409.01
ORD103220,CUST00333,2024-08-23,Sports,Cycling Gloves,Central,Net Banking,1,316.59,0,316.59
ORD100261,CUST01078,2024-09-25,Electronics,Wireless Earbuds,East,UPI,1,3890.88,0,3890.88
ORD103740,CUST01028,2024-09-16,Fashion,Sunglasses,East,Credit Card,1,840.28,0,840.28
ORD106762,CUST00580,2023-03-19,Fashion,Leather Wallet,East,UPI,1,959.26,0,959.26
ORD107227,CUST00195,2024-06-22,Sports,Resistance Bands,West,,2,2766.63,30,3873.28
ORD104305,CUST00455,2023-07-27,Electronics,Bluetooth Speaker,South,,3,2588.64,0,7765.92
ORD104304,CUST00493,2023-05-21,Home & Kitchen,Cushion Cover,West,Cash on Delivery,1,1739.17,20,1391.34
ORD105244,CUST00282,2024-01-18,Beauty,Perfume,North,Credit Card,1,1148.04,0,1148.04
ORD106822,CUST00962,2024-08-23,Electronics,Laptop Sleeve,East,Debit Card,1,4115.09,30,2880.56
ORD100209,CUST00322,2024-10-06,Electronics,Power Bank,East,Credit Card,1,4190.76,5,3981.22
ORD103798,CUST01083,2023-09-09,Home & Kitchen,Storage Organizer,West,UPI,2,321.78,5,611.38
ORD103539,CUST01080,2024-06-07,Home & Kitchen,Non-stick Pan,North,Cash on Delivery,1,1539.3,15,1308.4
ORD100153,CUST00772,2023-05-06,Beauty,Face Serum,West,Cash on Delivery,1,928.55,0,928.55
ORD101147,CUST00418,2024-10-31,Books,Cookbook,Central,UPI,2,263.9,20,422.24
ORD101967,CUST00128,2024-02-27,fashion,Sunglasses,East,UPI,1,998.63,0,998.63
ORD108153,CUST00731,2023-10-25,Home & Kitchen,Cushion Cover,East,Debit Card,1,252.22,10,227.0
ORD102433,CUST00272,2023-04-20,Fashion,Leather Wallet,Central,Credit Card,3,1042.32,30,2188.87
ORD100597,CUST00120,2024-12-30,fashion,Cotton T-Shirt,West,Debit Card,1,1273.27,5,1209.61
ORD103137,CUST00457,2024-12-04,Electronics,Bluetooth Speaker,East,UPI,1,1724.72,5,1638.48
ORD106027,CUST00654,2024-03-09,Home & Kitchen,Water Bottle,West,Credit Card,1,637.97,0,637.97
ORD104776,CUST00962,2024-08-26,Home & Kitchen,Storage Organizer,North,Debit Card,1,1360.85,0,1360.85
ORD108407,CUST00143,2023-10-20,Fashion,Denim Jacket,South,Credit Card,1,1545.31,0,1545.31
ORD101565,CUST00892,2024-06-16,Fashion,Denim Jacket,South,Credit Card,1,547.37,0,547.37
ORD106246,CUST00648,2023-11-02,Electronics,Wireless Earbuds,South,Debit Card,1,1094.84,10,985.36
ORD107403,CUST00445,2024-11-05,Home & Kitchen,Water Bottle,Central,Credit Card,1,541.07,0,541.07
ORD106448,CUST01004,2024-10-20,sports,Cycling Gloves,East,Debit Card,1,2887.61,0,2887.61
ORD108327,CUST00308,2023-05-20,Electronics,Power Bank,North,Net Banking,1,866.89,0,866.89
ORD107304,CUST00448,2024-12-01,Home & Kitchen,Non-stick Pan,North,Credit Card,1,1093.1,10,983.79
ORD108558,CUST00108,2024-05-18,Home & Kitchen,Cushion Cover,Central,Credit Card,1,1084.61,30,759.23
ORD102243,CUST01173,2023-09-27,Books,Kids Storybook,West,Net Banking,3,339.33,15,865.29
ORD101360,CUST00128,2024-06-10,Books,Fiction Novel,East,Credit Card,1,430.44,0,430.44
ORD103304,CUST01150,2023-11-25,Electronics,Power Bank,South,UPI,2,1095.68,10,1972.22
ORD102324,CUST01117,2024-02-24,Fashion,Denim Jacket,West,Credit Card,1,1601.32,10,1441.19
ORD108040,CUST00196,2024-02-19,Fashion,Cotton T-Shirt,Central,Debit Card,1,2072.89,0,2072.89
ORD101480,CUST00884,2024-08-21,Home & Kitchen,Water Bottle,North,Net Banking,1,943.8,10,849.42
ORD101833,CUST01080,2024-04-05,Fashion,Running Shoes,North,Debit Card,2,1174.91,20,1879.86
ORD103661,CUST00612,2023-08-19,Electronics,Wireless Earbuds,Central,Cash on Delivery,1,1198.82,0,1198.82
ORD107694,CUST01080,2024-06-23,Beauty,Perfume,West,Debit Card,1,974.55,0,974.55
ORD105123,CUST00554,2023-07-28,Beauty,Sunscreen SPF50,East,Credit Card,1,1402.36,15,1192.01
ORD104187,CUST01122,2024-08-13,Beauty,Lip Balm Set,East,Credit Card,1,490.54,0,490.54
ORD107471,CUST00686,2024-08-04,Electronics,Smartwatch,East,Credit Card,1,2628.85,5,2497.41
ORD107654,CUST00945,2023-02-08,Electronics,Wireless Earbuds,East,Credit Card,2,2620.05,10,4716.09
ORD105241,CUST00908,2024-09-06,Fashion,Cotton T-Shirt,West,Net Banking,1,2009.5,15,1708.08
ORD108652,CUST00895,2023-11-28,Beauty,Lip Balm Set,South,Credit Card,1,750.04,15,637.53
ORD105834,CUST01053,2023-04-07,Home & Kitchen,Storage Organizer,South,Credit Card,1,923.63,0,923.63
ORD101186,CUST01086,2024-09-04,Home & Kitchen,Water Bottle,East,Credit Card,1,431.46,0,431.46
ORD101907,CUST00129,2024-03-26,Books,Business Biography,South,UPI,4,681.87,0,2727.48
ORD104088,CUST00918,2023-09-08,Fashion,Running Shoes,South,Debit Card,3,575.82,10,1554.71
ORD102477,CUST00967,2024-08-15,Electronics,Power Bank,South,Credit Card,2,3088.97,0,6177.94
ORD108208,CUST00571,2023-12-18,Fashion,Cotton T-Shirt,West,UPI,1,1703.54,0,1703.54
ORD108719,CUST00213,2023-03-27,Electronics,Smartwatch,North,Cash on Delivery,2,2684.65,30,3758.51
ORD106847,CUST00328,2024-04-27,Fashion,Cotton T-Shirt,North,UPI,1,906.91,0,906.91
ORD101486,CUST00247,2024-06-28,Electronics,Smartwatch,Central,UPI,1,2494.3,0,2494.3
ORD101676,CUST01188,2023-01-21,Fashion,Cotton T-Shirt,South,Cash on Delivery,1,1452.25,0,1452.25
ORD102353,CUST01076,2023-08-27,Sports,Dumbbell Set,South,UPI,1,1320.99,0,1320.99
ORD101571,CUST00197,2024-02-08,Electronics,Laptop Sleeve,East,Credit Card,2,3644.4,0,7288.8
ORD105515,CUST01019,2024-01-26,Books,Business Biography,West,Debit Card,2,291.81,0,583.62
ORD104495,CUST00002,2024-05-26,Electronics,Bluetooth Speaker,East,UPI,1,4405.8,15,3744.93
ORD100618,CUST00455,2023-11-03,Electronics,Laptop Sleeve,East,Credit Card,1,1927.9,15,1638.72
ORD106223,CUST00191,2024-06-12,Home & Kitchen,Non-stick Pan,West,,2,1966.78,0,3933.56
ORD106880,CUST00344,2024-12-07,Books,Cookbook,South,Net Banking,1,571.64,0,571.64
ORD102847,CUST00385,2024-04-03,Fashion,Leather Wallet,South,Debit Card,1,642.72,0,642.72
ORD100867,CUST00720,2024-10-15,Fashion,Running Shoes,North,Credit Card,2,985.03,0,1970.06
ORD102507,CUST00573,2024-04-30,Electronics,Laptop Sleeve,East,Debit Card,1,2311.32,0,2311.32
ORD104982,CUST00730,2023-04-24,Electronics,Power Bank,South,Cash on Delivery,2,3314.79,0,6629.58
ORD104695,CUST00404,2024-08-12,Electronics,Power Bank,South,UPI,1,1823.21,0,1823.21
ORD108039,CUST00910,2024-12-02,Fashion,Denim Jacket,North,Credit Card,1,1312.98,5,1247.33
ORD104418,CUST00373,2024-08-01,Electronics,Bluetooth Speaker,West,UPI,1,4060.39,20,3248.31
ORD107003,CUST00651,2024-11-08,Fashion,Denim Jacket,East,UPI,3,925.54,0,2776.62
ORD107706,CUST01182,2023-12-01,Books,Self-Help Book,South,Net Banking,2,738.51,20,1181.62
ORD100790,CUST01131,2023-09-17,Sports,Cricket Bat,Central,UPI,1,306.41,5,291.09
ORD107785,CUST01141,2024-11-30,Books,Cookbook,South,UPI,1,618.14,0,618.14
ORD107450,CUST00729,2024-09-30,Home & Kitchen,Water Bottle,West,UPI,3,1615.33,0,4845.99
ORD103822,CUST00417,2024-10-20,Fashion,Denim Jacket,South,Net Banking,1,1379.2,0,1379.2
ORD107515,CUST00158,2024-07-14,Home & Kitchen,Water Bottle,West,UPI,1,486.36,10,437.72
ORD107829,CUST00996,2023-03-05,Fashion,Cotton T-Shirt,East,UPI,1,818.61,5,777.68
ORD108694,CUST00346,2023-08-12,Electronics,Laptop Sleeve,Central,Credit Card,1,1484.37,10,1335.93
ORD102808,CUST00532,2024-06-11,Electronics,Wireless Earbuds,Central,Debit Card,3,3291.95,10,8888.26
ORD105050,CUST00805,2024-07-27,Electronics,Laptop Sleeve,North,Credit Card,2,3738.54,0,7477.08
ORD103518,CUST00234,2024-06-07,Home & Kitchen,LED Lamp,,UPI,1,1800.84,5,1710.8
ORD103958,CUST00108,2024-05-13,Books,Kids Storybook,East,Cash on Delivery,1,779.69,0,779.69
ORD107344,CUST00945,2023-03-31,Books,Kids Storybook,Central,UPI,1,360.25,30,252.18
ORD102133,CUST00511,2024-11-30,Sports,Cricket Bat,North,,2,960.94,0,1921.88
ORD105052,CUST00979,2024-08-16,Electronics,Wireless Earbuds,South,UPI,2,3713.25,0,7426.5
ORD106534,CUST00646,2023-08-25,Home & Kitchen,LED Lamp,Central,Cash on Delivery,1,220.09,5,209.09
ORD102279,CUST00380,2024-02-16,Home & Kitchen,Water Bottle,West,Debit Card,2,1594.5,20,2551.2
ORD100659,CUST00845,2024-02-04,Home & Kitchen,Storage Organizer,Central,Net Banking,2,385.3,5,732.07
ORD102430,CUST01003,2024-12-17,Beauty,Face Serum,West,UPI,1,436.47,0,436.47
ORD103751,CUST00724,2024-11-11,Fashion,Denim Jacket,Central,Net Banking,2,919.85,0,1839.7
ORD108640,CUST00128,2024-02-19,Sports,Yoga Mat,West,Credit Card,2,2125.98,0,4251.96
ORD102591,CUST00117,2024-04-11,Beauty,Lip Balm Set,East,UPI,2,866.36,10,1559.45
ORD106315,CUST00052,2024-09-04,Electronics,Smartwatch,North,Debit Card,3,1735.67,10,4686.31
ORD100642,CUST00525,2023-04-14,home & kitchen,Water Bottle,Central,Credit Card,3,1539.95,0,4619.85
ORD100168,CUST00587,2024-01-31,Electronics,Power Bank,Central,Credit Card,2,1829.96,0,3659.92
ORD101800,CUST00881,2023-09-09,Electronics,Bluetooth Speaker,West,Credit Card,1,3872.7,0,3872.7
ORD103394,CUST01074,2023-09-17,Electronics,Power Bank,North,UPI,1,2174.73,0,2174.73
ORD101917,CUST00395,2024-01-09,Home & Kitchen,Cushion Cover,West,UPI,1,280.51,0,280.51
ORD100272,CUST00276,2024-08-29,Beauty,Hair Dryer,Central,Credit Card,1,588.65,20,470.92
ORD108898,CUST01146,2023-09-08,Home & Kitchen,Storage Organizer,North,Debit Card,2,1962.34,0,3924.68
ORD100494,CUST00772,2023-05-09,Home & Kitchen,Storage Organizer,Central,Cash on Delivery,2,1650.38,15,2805.65
ORD106788,CUST00150,2023-07-03,Home & Kitchen,Water Bottle,West,Credit Card,1,1156.28,5,1098.47
ORD101912,CUST00805,2024-04-14,Electronics,Wireless Earbuds,West,Net Banking,2,3228.06,0,6456.12
ORD103646,CUST01055,2024-11-23,Home & Kitchen,Water Bottle,North,Debit Card,1,1997.02,5,1897.17
ORD108230,CUST00309,2024-01-23,Books,Fiction Novel,South,Credit Card,1,657.63,0,657.63
ORD100306,CUST00076,2024-02-10,Books,Fiction Novel,East,Debit Card,1,608.62,0,608.62
ORD104102,CUST00002,2024-07-31,Electronics,Laptop Sleeve,East,UPI,1,3920.88,20,3136.7
ORD100781,CUST00507,2023-06-19,Home & Kitchen,LED Lamp,North,UPI,1,950.05,5,902.55
ORD105286,CUST01066,2024-11-30,Fashion,Running Shoes,Central,UPI,3,1724.88,5,4915.91
ORD100534,CUST00630,2024-06-03,Home & Kitchen,Cushion Cover,West,Credit Card,1,1655.95,5,1573.15
ORD100583,CUST00542,2024-01-13,Home & Kitchen,Cushion Cover,South,UPI,2,948.64,20,1517.82
ORD101300,CUST00793,2024-09-07,Electronics,Wireless Earbuds,North,Net Banking,1,2650.34,0,2650.34
ORD107060,CUST00928,2024-09-03,Electronics,Wireless Earbuds,Central,UPI,1,971.89,0,971.89
ORD107495,CUST01055,2024-11-17,Fashion,Leather Wallet,South,UPI,2,844.03,0,1688.06
ORD108241,CUST00847,2024-05-10,electronics,Power Bank,East,Cash on Delivery,1,3072.02,10,2764.82
ORD100316,CUST01084,2024-04-15,Sports,Resistance Bands,Central,Debit Card,1,1916.3,15,1628.86
ORD106510,CUST00628,2023-08-26,Fashion,Sunglasses,East,Debit Card,1,1708.5,0,1708.5
ORD102564,CUST01069,2024-02-01,Home & Kitchen,Water Bottle,North,Debit Card,1,637.16,5,605.3
ORD101794,CUST00601,2024-07-10,Beauty,Lip Balm Set,West,Net Banking,1,897.21,10,807.49
ORD106677,CUST00048,2023-06-21,Books,Kids Storybook,West,Debit Card,2,158.82,0,317.64
ORD102354,CUST00252,2023-09-23,Electronics,Smartwatch,North,Cash on Delivery,1,1434.97,15,1219.72
ORD100548,CUST00056,2024-04-30,Sports,Dumbbell Set,North,UPI,1,609.92,20,487.94
ORD101692,CUST00979,2024-08-18,Books,Self-Help Book,East,UPI,1,204.85,5,194.61
ORD103525,CUST00640,2024-07-28,Fashion,Leather Wallet,East,Cash on Delivery,1,1701.66,5,1616.58
ORD103012,CUST00328,2023-07-28,Fashion,Sunglasses,Central,Debit Card,2,596.24,0,1192.48
ORD101630,CUST00076,2023-08-05,Electronics,Power Bank,South,Net Banking,1,3026.18,0,3026.18
ORD102390,CUST00248,2023-08-22,Electronics,Bluetooth Speaker,Central,Credit Card,1,1573.9,0,1573.9
ORD104694,CUST01074,2024-04-04,Electronics,Laptop Sleeve,Central,Cash on Delivery,2,4451.72,0,8903.44
ORD107704,CUST00883,2023-08-03,sports,Yoga Mat,Central,Debit Card,1,1018.46,5,967.54
ORD104487,CUST00568,2023-03-11,Fashion,Denim Jacket,West,Credit Card,2,597.23,10,1075.01
ORD101259,CUST00453,2023-12-20,Books,Self-Help Book,Central,Credit Card,1,520.32,0,520.32
ORD108022,CUST00916,2024-12-17,Fashion,Denim Jacket,West,Debit Card,1,549.0,0,549.0
ORD100809,CUST00181,2024-06-05,Electronics,Power Bank,East,UPI,1,912.84,15,775.91
ORD106388,CUST00721,2024-09-08,Electronics,Wireless Earbuds,North,UPI,1,3673.39,0,3673.39
ORD101049,CUST00333,2024-05-22,Home & Kitchen,Water Bottle,South,UPI,1,1004.58,10,904.12
ORD107390,CUST00579,2023-04-22,Electronics,Wireless Earbuds,Central,Debit Card,1,2108.56,0,2108.56
ORD100107,CUST00315,2023-10-10,Sports,Cricket Bat,East,Net Banking,1,1629.17,0,1629.17
ORD106249,CUST00089,2024-08-31,Fashion,Running Shoes,West,Cash on Delivery,1,2138.6,0,2138.6
ORD106786,CUST01005,2024-03-24,Electronics,Smartwatch,West,Credit Card,1,1749.98,0,1749.98
ORD108585,CUST01039,2024-08-24,Fashion,Leather Wallet,East,UPI,1,1610.25,10,1449.22
ORD104605,CUST00410,2023-06-15,Home & Kitchen,LED Lamp,Central,Net Banking,1,866.6,0,866.6
ORD108420,CUST00125,2023-06-13,Fashion,Denim Jacket,Central,UPI,1,1725.78,10,1553.2
ORD105455,CUST00250,2024-03-27,Fashion,Running Shoes,West,Net Banking,2,876.56,10,1577.81
ORD101532,CUST00990,2024-01-16,Electronics,Bluetooth Speaker,North,Credit Card,2,2968.61,10,5343.5
ORD104962,CUST00824,2024-05-26,Fashion,Leather Wallet,West,Debit Card,1,2234.09,15,1898.98
ORD100211,CUST00120,2024-12-06,Home & Kitchen,LED Lamp,Central,Cash on Delivery,1,1719.58,5,1633.6
ORD103147,CUST00030,2024-04-03,Electronics,Power Bank,South,Credit Card,1,3794.1,0,3794.1
ORD105156,CUST00222,2024-07-09,Beauty,Sunscreen SPF50,North,Debit Card,2,979.48,0,1958.96
ORD102150,CUST00144,2024-07-12,Fashion,Sunglasses,South,Cash on Delivery,1,1101.23,20,880.98
ORD106995,CUST01169,2023-09-03,Electronics,Wireless Earbuds,North,Credit Card,3,1959.95,0,5879.85
ORD101973,CUST00288,2024-01-20,Home & Kitchen,Storage Organizer,West,UPI,1,394.67,20,315.74
ORD104685,CUST00509,2023-10-01,Sports,Cycling Gloves,Central,Credit Card,1,1503.17,0,1503.17
ORD108182,CUST00737,2023-12-19,Electronics,Smartwatch,East,Debit Card,2,2509.59,0,5019.18
ORD107607,CUST00835,2024-11-29,Beauty,Perfume,North,Credit Card,2,1149.74,0,2299.48
ORD100771,CUST00145,2024-02-20,Home & Kitchen,Water Bottle,North,Credit Card,4,894.55,0,3578.2
ORD107502,CUST00626,2024-08-08,Home & Kitchen,Cushion Cover,East,Credit Card,1,1526.22,20,1220.98
ORD101249,CUST01057,2024-04-04,Electronics,Power Bank,,UPI,1,2749.76,20,2199.81
ORD107890,CUST00752,2024-09-18,electronics,Power Bank,East,UPI,1,2384.39,0,2384.39
ORD107253,CUST01086,2024-10-14,Electronics,Power Bank,Central,UPI,2,975.18,5,1852.84
ORD108581,CUST00855,2024-01-19,Home & Kitchen,Cushion Cover,North,Credit Card,1,715.94,10,644.35
ORD106573,CUST00071,2024-12-06,sports,Dumbbell Set,South,Cash on Delivery,1,873.27,15,742.28
ORD106819,CUST00148,2024-12-03,Electronics,Power Bank,South,Cash on Delivery,1,4183.98,0,4183.98
ORD100709,CUST00647,2023-08-02,Electronics,Bluetooth Speaker,South,Credit Card,1,4244.32,0,4244.32
ORD102672,CUST01043,2023-06-09,Home & Kitchen,Non-stick Pan,West,Debit Card,1,1666.25,30,1166.38
ORD104514,CUST00923,2023-09-22,Fashion,Running Shoes,South,UPI,1,996.38,5,946.56
ORD101461,CUST00265,2023-08-30,Fashion,Sunglasses,Central,Cash on Delivery,1,2020.62,5,1919.59
ORD102545,CUST01083,2024-07-26,Fashion,Cotton T-Shirt,West,Credit Card,1,1083.65,5,1029.47
ORD107741,CUST00128,2024-02-24,Electronics,Power Bank,South,Credit Card,1,3972.96,10,3575.66
ORD107217,CUST00458,2024-07-17,Electronics,Laptop Sleeve,West,Credit Card,1,1109.09,0,1109.09
ORD101356,CUST00708,2023-09-12,Electronics,Smartwatch,West,UPI,2,3791.5,0,7583.0
ORD103011,CUST00892,2024-06-22,Home & Kitchen,LED Lamp,South,Cash on Delivery,1,466.7,0,466.7
ORD100851,CUST00066,2023-05-30,Books,Cookbook,Central,UPI,1,605.74,0,605.74
ORD101004,CUST00625,2024-07-18,Electronics,Smartwatch,North,Credit Card,2,1475.81,0,2951.62
ORD101834,CUST00161,2024-10-01,Home & Kitchen,Cushion Cover,West,UPI,1,391.46,0,391.46
ORD107903,CUST00802,2023-06-01,Fashion,Running Shoes,East,Credit Card,1,756.12,0,756.12
ORD108870,CUST01121,2024-03-27,Books,Kids Storybook,South,Debit Card,2,642.35,10,1156.23
ORD107742,CUST00560,2024-06-06,Electronics,Power Bank,South,Debit Card,2,1997.76,0,3995.52
ORD101316,CUST00499,2024-06-14,Home & Kitchen,Water Bottle,South,Net Banking,1,656.65,5,623.82
ORD103327,CUST00612,2023-08-16,Electronics,Bluetooth Speaker,East,Cash on Delivery,2,2642.51,10,4756.52
ORD101623,CUST00818,2024-08-03,Fashion,Leather Wallet,North,Credit Card,1,1461.32,5,1388.25
ORD103833,CUST00827,2024-02-27,Sports,Yoga Mat,Central,Cash on Delivery,1,914.57,0,914.57
ORD105744,CUST00646,2023-10-28,Electronics,Laptop Sleeve,Central,Credit Card,1,3422.2,20,2737.76
ORD101278,CUST00133,2024-07-20,Sports,Yoga Mat,West,Credit Card,1,1244.95,15,1058.21
ORD104145,CUST01074,2024-02-07,Electronics,Bluetooth Speaker,South,Debit Card,1,2951.44,15,2508.72
ORD103146,CUST00929,2024-04-22,Home & Kitchen,LED Lamp,North,Credit Card,2,1199.0,0,2398.0
ORD105642,CUST00078,2024-02-07,Beauty,Hair Dryer,West,Debit Card,1,153.22,20,122.58
ORD107139,CUST00698,2023-11-24,Electronics,Power Bank,North,Cash on Delivery,1,3841.99,15,3265.69
ORD102617,CUST00385,2024-03-06,Fashion,Denim Jacket,North,UPI,1,1302.61,5,1237.48
ORD103662,CUST00138,2023-08-01,Beauty,Lip Balm Set,North,Net Banking,1,1353.28,0,1353.28
ORD100088,CUST00557,2024-04-20,Fashion,Running Shoes,North,Debit Card,2,1163.41,20,1861.46
ORD100874,CUST00338,2024-04-08,Sports,Cricket Bat,South,Credit Card,3,2984.95,15,7611.62
ORD103000,CUST01171,2023-05-07,Electronics,Power Bank,West,UPI,1,1178.36,20,942.69
ORD102760,CUST01013,2024-10-06,Books,Business Biography,North,Credit Card,1,648.2,0,648.2
ORD101880,CUST00451,2023-10-30,Home & Kitchen,LED Lamp,South,,2,1126.54,0,2253.08
ORD100106,CUST01025,2024-09-21,Sports,Cricket Bat,North,Credit Card,1,2869.28,15,2438.89
ORD100926,CUST00199,2024-09-26,Electronics,Wireless Earbuds,North,Debit Card,1,4162.65,0,4162.65
ORD106365,CUST00847,2024-07-09,Beauty,Hair Dryer,South,,3,896.58,20,2151.79
ORD100319,CUST01140,2024-02-18,Electronics,Laptop Sleeve,South,UPI,1,3955.83,10,3560.25
ORD100878,CUST00740,2024-10-13,Home & Kitchen,LED Lamp,North,UPI,1,1766.71,5,1678.37
ORD106773,CUST00221,2023-06-19,Sports,Cricket Bat,Central,Debit Card,1,287.18,20,229.74
ORD103994,CUST00618,2024-08-02,Home & Kitchen,LED Lamp,East,UPI,1,985.47,20,788.38
ORD104921,CUST00350,2024-04-04,Beauty,Face Serum,South,UPI,1,1318.13,0,1318.13
ORD105386,CUST01080,2024-07-03,Electronics,Power Bank,North,Credit Card,1,3339.05,0,3339.05
ORD103078,CUST00225,2024-11-28,sports,Dumbbell Set,East,UPI,1,1887.04,0,1887.04
ORD104730,CUST00550,2024-04-10,Home & Kitchen,LED Lamp,South,Debit Card,1,1472.73,5,1399.09
ORD104234,CUST01146,2023-05-13,Electronics,Wireless Earbuds,East,Debit Card,2,2756.64,0,5513.28
ORD104259,CUST00161,2024-10-08,Home & Kitchen,Water Bottle,Central,Cash on Delivery,1,1520.23,0,1520.23
ORD103726,CUST00161,2024-10-07,Fashion,Denim Jacket,West,Net Banking,2,1162.33,5,2208.43
ORD108943,CUST00199,2024-09-04,Home & Kitchen,Water Bottle,West,UPI,1,926.3,5,879.98
ORD101750,CUST00983,2024-08-31,Home & Kitchen,Water Bottle,East,Debit Card,1,598.61,20,478.89
ORD107691,CUST01089,2023-08-05,Fashion,Sunglasses,East,Credit Card,1,1453.02,15,1235.07
ORD105151,CUST00965,2024-10-06,Electronics,Laptop Sleeve,,UPI,1,1014.04,0,1014.04
ORD103878,CUST00879,2023-04-27,Electronics,Wireless Earbuds,,UPI,2,3930.23,10,7074.41
ORD105864,CUST00647,2023-10-11,Fashion,Leather Wallet,Central,Net Banking,1,471.79,5,448.2
ORD105600,CUST00248,2024-06-10,Electronics,Bluetooth Speaker,Central,Net Banking,4,2661.16,5,10112.41
ORD101043,CUST00471,2024-05-24,Fashion,Leather Wallet,North,Cash on Delivery,2,1334.52,0,2669.04
ORD103010,CUST00208,2023-11-03,Sports,Dumbbell Set,East,Credit Card,2,1893.87,0,3787.74
ORD105155,CUST01041,2024-06-16,Fashion,Leather Wallet,East,UPI,1,539.93,0,539.93
ORD106777,CUST00343,2023-08-13,Books,Cookbook,South,UPI,1,332.15,10,298.94
ORD107786,CUST00623,2023-09-07,Electronics,Smartwatch,South,Credit Card,3,3131.9,0,9395.7
ORD104590,CUST01163,2024-09-23,Fashion,Denim Jacket,South,Debit Card,1,2244.74,10,2020.27
ORD104751,CUST00589,2024-02-16,Home & Kitchen,Storage Organizer,West,Credit Card,1,631.73,0,631.73
ORD102964,CUST00818,2024-09-04,Sports,Cricket Bat,West,Credit Card,2,1999.62,5,3799.28
ORD100137,CUST00123,2024-08-13,Home & Kitchen,LED Lamp,North,Net Banking,1,1114.05,0,1114.05
ORD101097,CUST00905,2024-10-11,Electronics,Laptop Sleeve,North,Credit Card,1,2614.3,0,2614.3
ORD108469,CUST00471,2024-04-17,Electronics,Bluetooth Speaker,North,Credit Card,1,2656.64,5,2523.81
ORD106549,CUST01007,2024-12-22,Home & Kitchen,Non-stick Pan,West,Cash on Delivery,1,1516.67,0,1516.67
ORD106471,CUST00723,2024-11-15,Home & Kitchen,Non-stick Pan,Central,UPI,2,513.33,0,1026.66
ORD106461,CUST00515,2024-02-20,Sports,Cycling Gloves,South,Credit Card,2,2778.65,0,5557.3
ORD105265,CUST00510,2024-06-03,Fashion,Cotton T-Shirt,South,Credit Card,2,572.05,20,915.28
ORD102135,CUST00931,2024-03-09,Beauty,Sunscreen SPF50,West,Credit Card,1,1308.21,15,1111.98
ORD105458,CUST00120,2024-11-17,Sports,Yoga Mat,South,Credit Card,1,1834.64,20,1467.71
ORD105078,CUST00916,2023-08-31,Fashion,Sunglasses,East,Net Banking,1,360.48,0,360.48
ORD103367,CUST00046,2024-09-02,Home & Kitchen,Water Bottle,East,UPI,2,426.93,0,853.86
ORD103729,CUST00294,2024-04-03,Electronics,Power Bank,East,UPI,1,2504.68,0,2504.68
ORD100148,CUST00892,2024-07-28,Home & Kitchen,LED Lamp,North,Credit Card,2,889.04,10,1600.27
ORD100303,CUST00964,2024-09-19,Sports,Yoga Mat,West,UPI,1,627.74,0,627.74
ORD105113,CUST01131,2023-09-05,Fashion,Cotton T-Shirt,East,Credit Card,1,919.57,0,919.57
ORD105148,CUST00550,2024-04-22,Fashion,Running Shoes,,Cash on Delivery,1,1354.79,10,1219.31
ORD101270,CUST00425,2023-10-07,Home & Kitchen,LED Lamp,East,Net Banking,2,868.15,0,1736.3
ORD101904,CUST01176,2023-10-17,Home & Kitchen,Water Bottle,East,Net Banking,1,1182.4,20,945.92
ORD102210,CUST00455,2024-05-02,Fashion,Cotton T-Shirt,South,Credit Card,2,1431.34,15,2433.28
ORD104294,CUST00115,2024-05-14,Books,Business Biography,South,Debit Card,1,508.29,0,508.29
ORD103842,CUST00279,2024-09-25,home & kitchen,Cushion Cover,North,UPI,2,701.49,10,1262.68
ORD103574,CUST00580,2023-08-27,Beauty,Sunscreen SPF50,,Debit Card,2,1417.43,0,2834.86
ORD102875,CUST00571,2024-10-01,Electronics,Power Bank,East,Credit Card,2,2094.56,0,4189.12
ORD105040,CUST00109,2023-12-19,Beauty,Hair Dryer,Central,Cash on Delivery,1,516.27,0,516.27
ORD102298,CUST00580,2024-03-12,Home & Kitchen,Water Bottle,Central,UPI,1,856.96,0,856.96
ORD108155,CUST00958,2024-08-22,Fashion,Running Shoes,West,Credit Card,1,1644.44,20,1315.55
ORD105278,CUST00049,2023-11-25,Fashion,Denim Jacket,,Credit Card,1,1361.84,0,1361.84
ORD105435,CUST00147,2024-05-26,Electronics,Smartwatch,North,UPI,2,1170.78,20,1873.25
ORD105127,CUST01062,2024-05-29,Home & Kitchen,Storage Organizer,South,Cash on Delivery,1,519.2,10,467.28
ORD106528,CUST00745,2023-08-27,Home & Kitchen,LED Lamp,West,Debit Card,1,708.07,10,637.26
ORD106894,CUST00339,2024-05-17,Fashion,Sunglasses,South,Debit Card,1,2174.07,0,2174.07
ORD101201,CUST00308,2023-03-16,Electronics,Smartwatch,East,Cash on Delivery,3,4023.21,20,9655.7
ORD107565,CUST00781,2024-08-10,Home & Kitchen,LED Lamp,Central,UPI,1,1005.62,0,1005.62
ORD103429,CUST00234,2024-06-19,Beauty,Hair Dryer,East,Net Banking,2,1190.89,20,1905.42
ORD101865,CUST00270,2024-03-30,Home & Kitchen,Non-stick Pan,North,Cash on Delivery,1,1778.89,0,1778.89
ORD108929,CUST00951,2024-06-06,Electronics,Laptop Sleeve,West,Cash on Delivery,1,3027.65,0,3027.65
ORD105575,CUST00232,2023-08-07,Electronics,Wireless Earbuds,East,Net Banking,1,3103.05,10,2792.75
ORD107057,CUST00078,2023-09-30,fashion,Sunglasses,South,UPI,2,1930.2,0,3860.4
ORD105716,CUST00269,2023-05-24,Fashion,Sunglasses,East,UPI,2,1750.67,0,3501.34
ORD104998,CUST00250,2024-06-04,Beauty,Face Serum,North,Credit Card,1,437.42,0,437.42
ORD102809,CUST01169,2023-08-27,Home & Kitchen,Water Bottle,South,UPI,2,1582.97,0,3165.94
ORD104255,CUST01042,2024-11-13,Electronics,Power Bank,South,Credit Card,1,1742.54,0,1742.54
ORD107528,CUST00525,2023-07-02,Home & Kitchen,Storage Organizer,North,,3,532.24,0,1596.72
ORD102890,CUST00815,2024-08-02,Electronics,Power Bank,West,Debit Card,2,3502.15,15,5953.66
ORD103500,CUST00907,2024-03-15,Fashion,Sunglasses,West,Credit Card,2,1169.39,0,2338.78
ORD108961,CUST00851,2024-03-26,Electronics,Wireless Earbuds,,Debit Card,1,1962.53,15,1668.15
ORD103379,CUST00109,2023-09-21,Fashion,Running Shoes,South,Net Banking,2,1988.98,0,3977.96
ORD103193,CUST00564,2024-12-28,Sports,Yoga Mat,West,Debit Card,1,1868.92,0,1868.92
ORD101446,CUST00221,2023-09-13,Electronics,Bluetooth Speaker,East,Cash on Delivery,4,3168.96,15,10774.46
ORD101952,CUST00471,2024-03-25,Fashion,Denim Jacket,Central,Debit Card,1,449.6,0,449.6
ORD107124,CUST00133,2024-04-20,Electronics,Smartwatch,North,Net Banking,1,3180.82,0,3180.82
ORD101624,CUST00770,2024-02-13,Sports,Dumbbell Set,East,Debit Card,1,377.73,0,377.73
ORD106949,CUST00115,2023-06-24,Electronics,Wireless Earbuds,Central,Net Banking,1,2116.82,0,2116.82
ORD101319,CUST00404,2024-08-31,Electronics,Power Bank,East,UPI,1,3337.94,15,2837.25
ORD103531,CUST00579,2023-01-10,Books,Fiction Novel,East,UPI,2,526.99,0,1053.98
ORD101663,CUST00958,2023-08-16,Fashion,Running Shoes,Central,Debit Card,2,2366.23,20,3785.97
ORD100815,CUST00727,2023-09-20,Fashion,Running Shoes,North,Net Banking,2,2363.08,15,4017.24
ORD104775,CUST00471,2024-06-14,Fashion,Sunglasses,West,Credit Card,2,1822.04,30,2550.86
ORD108728,CUST00680,2024-04-05,Electronics,Laptop Sleeve,East,Debit Card,1,2809.12,10,2528.21
ORD101093,CUST00801,2024-11-02,Electronics,Smartwatch,East,Net Banking,1,3436.41,0,3436.41
ORD104176,CUST00742,2023-12-01,Books,Fiction Novel,East,Credit Card,1,584.06,10,525.65
ORD101950,CUST00923,2023-06-18,Electronics,Smartwatch,South,Credit Card,2,2423.7,10,4362.66
ORD103884,CUST00120,2024-11-17,Books,Self-Help Book,South,UPI,3,448.52,0,1345.56
ORD108644,CUST00998,2024-02-14,Beauty,Sunscreen SPF50,West,Debit Card,2,283.81,15,482.48
ORD108781,CUST00085,2024-01-26,Home & Kitchen,Storage Organizer,South,Credit Card,1,205.22,10,184.7
ORD102800,CUST01090,2024-06-03,Sports,Cycling Gloves,Central,Net Banking,1,2261.41,5,2148.34
ORD101239,CUST00406,2023-10-16,Beauty,Hair Dryer,North,Credit Card,1,764.12,0,764.12
ORD100329,CUST00248,2023-09-28,Electronics,Bluetooth Speaker,West,UPI,1,1122.3,10,1010.07
ORD103102,CUST00624,2024-12-12,Home & Kitchen,Non-stick Pan,South,UPI,1,842.45,5,800.33
ORD108434,CUST00478,2024-10-05,Beauty,Lip Balm Set,North,Debit Card,2,1239.79,30,1735.71
ORD102542,CUST00479,2023-09-23,Home & Kitchen,Cushion Cover,West,Cash on Delivery,1,1380.12,5,1311.11
ORD104737,CUST00902,2024-10-24,Home & Kitchen,LED Lamp,Central,,2,1948.5,0,3897.0
ORD104792,CUST00752,2024-09-29,Fashion,Cotton T-Shirt,Central,Net Banking,1,2477.08,0,2477.08
ORD106646,CUST00418,2024-10-26,Fashion,Cotton T-Shirt,South,Credit Card,1,1085.77,10,977.19
ORD102818,CUST00300,2024-10-02,Home & Kitchen,LED Lamp,West,Net Banking,1,631.39,0,631.39
ORD100753,CUST00069,2023-03-19,Beauty,Face Serum,South,UPI,1,292.99,15,249.04
ORD104531,CUST00086,2024-11-15,Home & Kitchen,Storage Organizer,West,UPI,1,212.0,0,212.0
ORD101563,CUST00417,2024-11-13,Sports,Resistance Bands,South,Credit Card,1,1635.5,0,1635.5
ORD101934,CUST00338,2024-09-14,Beauty,Face Serum,North,UPI,1,1104.52,0,1104.52
ORD107207,CUST00165,2023-11-29,Home & Kitchen,Storage Organizer,West,Debit Card,3,1015.88,30,2133.35
ORD108888,CUST00827,2024-02-22,Home & Kitchen,Non-stick Pan,South,UPI,1,1891.47,15,1607.75
ORD103493,CUST00817,2023-03-15,Fashion,Cotton T-Shirt,East,Credit Card,1,1043.91,0,1043.91
ORD107712,CUST00412,2023-11-28,Fashion,Running Shoes,North,UPI,2,1427.98,0,2855.96
ORD101856,CUST00308,2023-05-05,Fashion,Running Shoes,South,UPI,1,1864.47,15,1584.8
ORD104697,CUST00709,2024-11-30,Electronics,Power Bank,South,UPI,2,2517.48,20,4027.97
ORD103563,CUST00098,2024-06-13,Electronics,Smartwatch,West,Debit Card,2,1176.96,5,2236.22
ORD101013,CUST00119,2023-07-19,Electronics,Bluetooth Speaker,North,UPI,1,4358.17,10,3922.35
ORD106108,CUST00079,2023-11-18,Home & Kitchen,Cushion Cover,North,Debit Card,3,998.62,0,2995.86
ORD105482,CUST01137,2024-05-09,Beauty,Lip Balm Set,East,Credit Card,1,1047.54,5,995.16
ORD100466,CUST00128,2024-02-23,Fashion,Denim Jacket,North,Debit Card,3,731.16,30,1535.44
ORD104028,CUST00439,2024-07-26,Home & Kitchen,Water Bottle,North,UPI,2,1312.71,15,2231.61
ORD100174,CUST00888,2024-09-16,Fashion,Running Shoes,West,Debit Card,1,1747.78,10,1573.0
ORD104880,CUST00270,2024-02-28,electronics,Smartwatch,Central,Credit Card,1,1232.7,0,1232.7
ORD100277,CUST00646,2023-08-31,Fashion,Running Shoes,East,Debit Card,1,1554.63,10,1399.17
ORD101069,CUST01140,2024-12-18,Beauty,Face Serum,South,Net Banking,1,1046.85,5,994.51
ORD105561,CUST00240,2023-12-16,Sports,Dumbbell Set,South,UPI,2,358.4,0,716.8
ORD106866,CUST01014,2024-01-26,Books,Fiction Novel,South,UPI,1,618.39,0,618.39
ORD105036,CUST00772,2023-07-04,Electronics,Laptop Sleeve,Central,Credit Card,2,4446.96,20,7115.14
ORD106803,CUST00068,2024-06-02,Fashion,Cotton T-Shirt,North,UPI,1,970.73,15,825.12
ORD108664,CUST00205,2024-11-10,Fashion,Denim Jacket,West,Net Banking,2,1742.82,0,3485.64
ORD105545,CUST01100,2023-06-15,Fashion,Leather Wallet,West,Credit Card,2,1020.77,0,2041.54
ORD105002,CUST00581,2024-09-21,Electronics,Laptop Sleeve,East,Credit Card,2,3661.3,0,7322.6
ORD101713,CUST00284,2024-07-06,Fashion,Denim Jacket,South,Debit Card,2,1164.16,5,2211.9
ORD107640,CUST00048,2023-11-03,Beauty,Hair Dryer,East,UPI,1,1205.59,10,1085.03
ORD102611,CUST00145,2024-01-09,Fashion,Leather Wallet,West,Debit Card,1,392.26,0,392.26
ORD107393,CUST00973,2023-12-12,Electronics,Power Bank,South,UPI,1,2805.87,0,2805.87
ORD100388,CUST00676,2024-11-30,Electronics,Power Bank,East,Cash on Delivery,2,3342.6,0,6685.2
ORD108020,CUST00094,2024-07-13,Home & Kitchen,LED Lamp,East,Debit Card,1,825.09,15,701.33
ORD103495,CUST00904,2024-06-17,Sports,Yoga Mat,East,UPI,1,1292.7,5,1228.06
ORD104976,CUST01160,2024-05-08,fashion,Cotton T-Shirt,Central,Debit Card,1,1710.95,10,1539.86
ORD103542,CUST00066,2024-05-15,Beauty,Lip Balm Set,South,UPI,1,175.39,0,175.39
ORD107288,CUST00731,2023-08-23,Fashion,Denim Jacket,East,UPI,2,1394.8,0,2789.6
ORD107310,CUST01074,2023-06-28,Electronics,Smartwatch,North,Debit Card,2,1525.44,20,2440.7
ORD100050,CUST00802,2023-12-13,Beauty,Lip Balm Set,North,Credit Card,1,1003.93,15,853.34
ORD106587,CUST00637,2024-12-06,Home & Kitchen,Non-stick Pan,Central,Credit Card,1,756.73,15,643.22
ORD104229,CUST00195,2024-07-23,Books,Self-Help Book,Central,UPI,1,512.58,5,486.95
ORD100482,CUST00749,2024-07-21,Sports,Cycling Gloves,North,UPI,1,842.66,10,758.39
ORD102251,CUST00174,2024-08-15,Electronics,Power Bank,East,Cash on Delivery,1,2380.48,0,2380.48
ORD104162,CUST00018,2023-07-20,Electronics,Smartwatch,Central,Cash on Delivery,1,3076.84,0,3076.84
ORD108907,CUST00962,2024-09-14,Electronics,Wireless Earbuds,South,UPI,4,3096.44,5,11766.47
ORD105092,CUST00395,2024-04-15,Sports,Dumbbell Set,East,UPI,1,1603.57,15,1363.03
ORD103103,CUST00221,2023-06-03,Books,Business Biography,North,UPI,1,534.56,5,507.83
ORD102929,CUST00515,2024-01-19,Fashion,Leather Wallet,South,Credit Card,1,1852.69,15,1574.79
ORD106776,CUST00436,2024-05-31,Fashion,Sunglasses,West,Net Banking,1,2046.56,10,1841.9
ORD104969,CUST00471,2024-05-16,Electronics,Smartwatch,East,UPI,2,4004.06,5,7607.71
ORD100064,CUST00186,2024-09-12,Electronics,Power Bank,East,UPI,1,3399.4,0,3399.4
ORD108842,CUST00462,2024-07-09,Electronics,Laptop Sleeve,South,UPI,1,1061.41,10,955.27
ORD107573,CUST00804,2023-08-09,Electronics,Laptop Sleeve,East,Net Banking,2,838.31,0,1676.62
ORD104587,CUST00595,2024-02-27,Home & Kitchen,LED Lamp,Central,Credit Card,3,1749.18,0,5247.54
ORD106402,CUST00566,2023-12-25,Sports,Cycling Gloves,South,Credit Card,1,2857.48,0,2857.48
ORD106209,CUST00161,2024-10-11,Fashion,Running Shoes,North,UPI,1,1152.22,15,979.39
ORD104616,CUST01011,2023-10-08,Electronics,Smartwatch,East,UPI,1,3905.98,0,3905.98
ORD103332,CUST00580,2023-06-03,Electronics,Laptop Sleeve,Central,Debit Card,2,1325.14,15,2252.74
ORD107587,CUST00513,2023-06-18,Home & Kitchen,LED Lamp,East,Cash on Delivery,2,874.39,0,1748.78
ORD102815,CUST01181,2024-02-20,Home & Kitchen,LED Lamp,Central,Net Banking,1,643.14,20,514.51
ORD103964,CUST00742,2023-10-06,Home & Kitchen,Storage Organizer,West,Cash on Delivery,1,1016.01,10,914.41
ORD107606,CUST00491,2024-04-22,Sports,Cricket Bat,West,UPI,2,899.59,0,1799.18
ORD105381,CUST00873,2024-04-04,Electronics,Wireless Earbuds,South,UPI,1,4024.05,0,4024.05
ORD105939,CUST00532,2024-08-02,Home & Kitchen,Storage Organizer,East,Cash on Delivery,1,930.73,0,930.73
ORD103241,CUST00472,2024-12-30,Home & Kitchen,Non-stick Pan,Central,Debit Card,3,684.77,10,1848.88
ORD102793,CUST00745,2024-04-05,Sports,Cricket Bat,West,Credit Card,1,604.02,5,573.82
ORD105733,CUST00650,2023-10-26,Home & Kitchen,Storage Organizer,Central,UPI,1,1342.57,0,1342.57
ORD102524,CUST00731,2023-05-14,fashion,Leather Wallet,South,UPI,1,1237.3,0,1237.3
ORD101735,CUST00580,2023-04-16,Home & Kitchen,Water Bottle,North,Credit Card,1,256.0,0,256.0
ORD107960,CUST00880,2024-08-20,Sports,Yoga Mat,Central,Debit Card,1,489.6,0,489.6
ORD103124,CUST00004,2024-02-22,Sports,Cricket Bat,South,UPI,1,1220.84,0,1220.84
ORD104940,CUST01061,2024-01-10,Electronics,Power Bank,South,UPI,2,2052.17,0,4104.34
ORD107975,CUST00745,2024-05-15,Beauty,Sunscreen SPF50,West,Debit Card,1,1477.9,10,1330.11
ORD100273,CUST00417,2024-11-01,Books,Cookbook,East,Debit Card,2,367.23,0,734.46
ORD108874,CUST00068,2024-02-17,Sports,Yoga Mat,Central,UPI,1,1038.54,10,934.69
ORD107021,CUST00078,2023-12-09,Beauty,Lip Balm Set,South,Debit Card,2,638.55,15,1085.53
ORD106555,CUST00128,2024-05-20,Sports,Dumbbell Set,West,Credit Card,2,1023.75,0,2047.5
ORD105578,CUST00076,2023-07-01,Fashion,Running Shoes,North,Credit Card,2,1083.84,5,2059.3
ORD105496,CUST00078,2024-10-29,Beauty,Lip Balm Set,Central,Credit Card,1,312.48,0,312.48
ORD101452,CUST00646,2023-10-05,Home & Kitchen,Cushion Cover,North,UPI,1,691.77,10,622.59
ORD102692,CUST01136,2024-02-23,Home & Kitchen,Non-stick Pan,West,UPI,1,883.47,0,883.47
ORD102767,CUST00130,2023-10-02,Fashion,Sunglasses,Central,Net Banking,1,1237.96,0,1237.96
ORD108410,CUST00030,2023-05-10,Books,Self-Help Book,North,Credit Card,2,370.25,15,629.42
ORD100239,CUST00510,2024-07-06,Fashion,Running Shoes,East,Credit Card,2,1184.46,10,2132.03
ORD101131,CUST00777,2024-01-04,Electronics,Power Bank,Central,UPI,3,913.1,20,2191.44
ORD107893,CUST00964,2024-09-03,Sports,Yoga Mat,East,UPI,1,1910.87,10,1719.78
ORD103264,CUST00380,2024-02-27,Home & Kitchen,Non-stick Pan,South,UPI,2,1941.28,0,3882.56
ORD105349,CUST00199,2024-12-10,Electronics,Smartwatch,North,Credit Card,1,2385.19,0,2385.19
ORD105764,CUST00266,2024-01-14,Fashion,Denim Jacket,South,Credit Card,3,630.94,0,1892.82
ORD101383,CUST00599,2024-03-23,Home & Kitchen,Non-stick Pan,Central,Net Banking,1,1034.26,0,1034.26
ORD103074,CUST00161,2024-11-29,Home & Kitchen,Water Bottle,Central,Cash on Delivery,1,1906.37,0,1906.37
ORD104860,CUST01016,2023-08-24,Home & Kitchen,Cushion Cover,South,UPI,2,1415.06,10,2547.11
ORD101357,CUST00128,2024-03-28,Electronics,Bluetooth Speaker,South,Debit Card,1,2753.26,20,2202.61
ORD104871,CUST00715,2024-11-16,Books,Self-Help Book,West,Net Banking,1,636.85,0,636.85
ORD102630,CUST01080,2024-09-16,Electronics,Smartwatch,Central,Debit Card,1,2808.07,0,2808.07
ORD100624,CUST01192,2024-04-19,Home & Kitchen,Storage Organizer,North,Net Banking,1,862.93,0,862.93
ORD100839,CUST00712,2023-08-09,Electronics,Wireless Earbuds,North,Debit Card,2,4416.27,0,8832.54
ORD104723,CUST00344,2024-12-09,Electronics,Laptop Sleeve,South,,2,4168.5,0,8337.0
ORD107663,CUST00566,2023-07-17,Fashion,Leather Wallet,West,Credit Card,1,401.93,10,361.74
ORD100323,CUST00308,2023-10-02,Home & Kitchen,Non-stick Pan,East,Net Banking,2,1146.95,10,2064.51
ORD101867,CUST00237,2024-05-10,Home & Kitchen,Non-stick Pan,South,Net Banking,1,975.76,30,683.03
ORD105256,CUST00882,2023-10-28,Electronics,Smartwatch,South,UPI,1,3495.7,5,3320.91
ORD102826,CUST00525,2023-08-07,Fashion,Denim Jacket,East,,2,1490.93,5,2832.77
ORD105172,CUST00049,2024-01-09,Electronics,Bluetooth Speaker,North,Credit Card,1,2230.6,5,2119.07
ORD107083,CUST00646,2024-01-27,Electronics,Laptop Sleeve,South,UPI,1,2411.57,0,2411.57
ORD103927,CUST00213,2024-01-28,Home & Kitchen,Non-stick Pan,Central,UPI,3,422.58,15,1077.58
ORD100119,CUST00469,2023-08-27,Beauty,Face Serum,North,Debit Card,1,735.93,0,735.93
ORD108797,CUST00815,2024-09-21,Beauty,Hair Dryer,West,UPI,1,957.97,0,957.97
ORD102377,CUST00537,2024-10-14,Books,Fiction Novel,West,UPI,1,682.27,0,682.27
ORD105910,CUST00916,2023-09-21,Fashion,Denim Jacket,Central,Debit Card,1,1267.16,0,1267.16
ORD107509,CUST00051,2024-07-02,Electronics,Bluetooth Speaker,South,Debit Card,2,2067.42,10,3721.36
ORD103301,CUST00270,2024-04-12,electronics,Wireless Earbuds,East,Cash on Delivery,1,1570.74,10,1413.67
ORD107524,CUST00128,2024-04-26,Sports,Cricket Bat,East,Debit Card,1,2483.06,30,1738.14
ORD104172,CUST00040,2024-11-18,Fashion,Leather Wallet,North,Credit Card,1,1979.06,15,1682.2
ORD107879,CUST01155,2023-11-26,Books,Self-Help Book,West,Debit Card,2,207.62,15,352.95
ORD100144,CUST00731,2023-03-14,Electronics,Wireless Earbuds,Central,Debit Card,1,2949.76,5,2802.27
ORD105037,CUST00996,2023-03-18,fashion,Cotton T-Shirt,,Credit Card,1,1525.34,5,1449.07
ORD106721,CUST00257,2023-04-10,Books,Cookbook,South,,2,680.69,5,1293.31
ORD104050,CUST00308,2023-04-21,Fashion,Cotton T-Shirt,West,Credit Card,1,316.14,0,316.14
ORD106963,CUST01178,2024-11-26,Electronics,Bluetooth Speaker,West,Net Banking,3,955.16,0,2865.48
ORD100552,CUST01084,2023-06-19,Fashion,Leather Wallet,North,UPI,1,1416.52,15,1204.04
ORD100406,CUST01107,2024-01-17,Fashion,Sunglasses,South,UPI,3,445.32,0,1335.96
ORD106213,CUST01028,2024-04-27,Books,Kids Storybook,West,Credit Card,1,248.14,0,248.14
ORD103134,CUST00361,2024-11-15,Home & Kitchen,Water Bottle,East,Debit Card,1,1361.0,15,1156.85
ORD103298,CUST00671,2024-11-11,Fashion,Sunglasses,South,UPI,2,1532.93,10,2759.27
ORD107479,CUST00724,2024-04-03,Home & Kitchen,Water Bottle,Central,Credit Card,1,292.68,0,292.68
ORD102349,CUST00104,2024-11-23,Electronics,Bluetooth Speaker,Central,UPI,3,930.62,5,2652.27
ORD105842,CUST00580,2023-11-11,Books,Self-Help Book,West,Net Banking,2,686.6,0,1373.2
ORD107665,CUST01159,2024-11-20,Books,Fiction Novel,West,Net Banking,1,681.88,20,545.5
ORD100236,CUST00104,2024-11-22,Fashion,Denim Jacket,West,UPI,1,1194.5,10,1075.05
ORD105781,CUST01035,2024-05-02,Home & Kitchen,LED Lamp,West,UPI,1,1516.71,0,1516.71
ORD106082,CUST01146,2023-08-16,Sports,Cycling Gloves,,Debit Card,2,872.63,20,1396.21
ORD106079,CUST00161,2024-10-08,Fashion,Denim Jacket,Central,Credit Card,2,1228.02,0,2456.04
ORD107897,CUST00165,2023-08-25,Beauty,Perfume,Central,Credit Card,1,1018.97,10,917.07
ORD103163,CUST00589,2024-01-30,Home & Kitchen,Cushion Cover,North,UPI,1,664.09,5,630.89
ORD100499,CUST01074,2024-02-04,Home & Kitchen,Cushion Cover,North,UPI,2,678.99,0,1357.98
ORD104918,CUST01124,2023-12-20,Fashion,Denim Jacket,South,Credit Card,2,511.0,15,868.7
ORD103625,CUST00795,2024-12-20,Electronics,Power Bank,West,Credit Card,1,2694.07,0,2694.07
ORD103127,CUST00380,2024-02-07,Books,Self-Help Book,Central,Cash on Delivery,1,197.72,5,187.83
ORD103358,CUST00127,2024-11-02,Electronics,Bluetooth Speaker,Central,Credit Card,1,2199.55,10,1979.6
ORD107078,CUST01140,2024-03-25,Sports,Resistance Bands,North,Credit Card,1,2976.63,30,2083.64
ORD108582,CUST00053,2024-07-26,Fashion,Running Shoes,West,Net Banking,2,1425.95,0,2851.9
ORD104839,CUST00566,2024-04-22,Beauty,Sunscreen SPF50,North,Debit Card,2,1435.13,0,2870.26
ORD101217,CUST00557,2024-03-06,Fashion,Leather Wallet,West,Debit Card,1,1728.96,5,1642.51
ORD100235,CUST00302,2024-12-03,Books,Kids Storybook,Central,Credit Card,1,673.89,0,673.89
ORD100331,CUST01006,2023-05-09,beauty,Perfume,Central,UPI,1,961.87,5,913.78
ORD104576,CUST00005,2023-03-18,Electronics,Bluetooth Speaker,North,Credit Card,1,3840.08,5,3648.08
ORD103188,CUST00889,2024-08-07,home & kitchen,Storage Organizer,South,UPI,2,1637.76,0,3275.52
ORD107776,CUST00866,2024-05-29,Fashion,Denim Jacket,West,Net Banking,2,1363.22,0,2726.44
ORD100044,CUST00876,2024-02-15,Sports,Cycling Gloves,Central,UPI,1,1743.32,20,1394.66
ORD107925,CUST01176,2024-04-05,Fashion,Cotton T-Shirt,East,Credit Card,2,1103.76,0,2207.52
ORD104216,CUST00826,2023-05-14,Books,Business Biography,South,UPI,1,306.49,0,306.49
ORD103072,CUST00603,2024-06-10,Electronics,Laptop Sleeve,Central,UPI,1,1378.5,0,1378.5
ORD107911,CUST00023,2024-06-18,Books,Business Biography,East,Credit Card,1,162.5,30,113.75
ORD105022,CUST00076,2023-10-30,Electronics,Power Bank,North,UPI,2,1267.33,10,2281.19
ORD106659,CUST00916,2023-12-25,Beauty,Face Serum,North,UPI,1,634.44,0,634.44
ORD101594,CUST00856,2024-09-09,Electronics,Smartwatch,North,Cash on Delivery,1,2858.57,0,2858.57
ORD108415,CUST00031,2024-12-26,Electronics,Bluetooth Speaker,East,UPI,2,3015.63,15,5126.57
ORD104709,CUST01080,2024-04-19,Sports,Yoga Mat,West,UPI,1,1835.0,0,1835.0
ORD102891,CUST00233,2024-01-31,Home & Kitchen,Water Bottle,West,Cash on Delivery,2,1159.12,0,2318.24
ORD101245,CUST00212,2023-12-29,Books,Kids Storybook,North,Cash on Delivery,2,325.97,5,619.34
ORD107769,CUST00517,2024-03-06,Sports,Cricket Bat,North,UPI,2,984.05,20,1574.48
ORD101540,CUST00656,2024-09-10,Sports,Cycling Gloves,North,UPI,1,942.3,15,800.96
ORD104625,CUST00804,2023-05-26,Electronics,Smartwatch,East,Credit Card,2,1472.4,20,2355.84
ORD100818,CUST00421,2023-04-17,Books,Self-Help Book,North,Credit Card,1,260.67,0,260.67
ORD100155,CUST01147,2024-12-23,Sports,Cricket Bat,,UPI,1,287.67,0,287.67
ORD107510,CUST00182,2024-12-04,Electronics,Bluetooth Speaker,North,Credit Card,1,4486.04,0,4486.04
ORD106744,CUST01154,2024-02-16,Electronics,Power Bank,Central,Net Banking,1,2701.73,0,2701.73
ORD108635,CUST01134,2024-10-28,Sports,Dumbbell Set,North,UPI,1,1911.19,0,1911.19
ORD100248,CUST01074,2023-06-05,Sports,Resistance Bands,East,Cash on Delivery,2,772.32,5,1467.41
ORD104014,CUST00904,2024-08-03,Beauty,Face Serum,West,Credit Card,1,1408.43,0,1408.43
ORD107609,CUST01153,2024-03-14,Home & Kitchen,Cushion Cover,West,UPI,1,1009.13,5,958.67
ORD105226,CUST00900,2024-09-26,Electronics,Bluetooth Speaker,South,Net Banking,1,3144.9,15,2673.16
ORD108174,CUST01075,2024-10-06,Electronics,Laptop Sleeve,East,Credit Card,1,2009.99,15,1708.49
ORD108119,CUST01158,2024-01-30,Electronics,Smartwatch,Central,Debit Card,1,2555.91,20,2044.73
ORD103189,CUST01074,2023-07-16,Sports,Cycling Gloves,East,UPI,1,2484.35,15,2111.7
ORD102649,CUST00137,2024-07-26,Electronics,Bluetooth Speaker,South,UPI,1,1194.47,0,1194.47
ORD100628,CUST00640,2024-11-01,Electronics,Wireless Earbuds,West,UPI,1,3946.18,10,3551.56
ORD101230,CUST00128,2024-09-21,Electronics,Bluetooth Speaker,South,Debit Card,1,2490.83,0,2490.83
ORD102339,CUST00647,2023-09-10,Fashion,Leather Wallet,West,Debit Card,1,1688.74,10,1519.87
ORD107707,CUST00816,2024-01-07,Sports,Yoga Mat,Central,Credit Card,1,856.76,15,728.25
ORD106830,CUST00346,2023-12-17,Sports,Dumbbell Set,South,UPI,2,617.24,10,1111.03
ORD107368,CUST01147,2024-12-28,Beauty,Perfume,Central,UPI,1,772.14,0,772.14
ORD101451,CUST00333,2024-01-14,Sports,Cricket Bat,West,UPI,1,2053.86,15,1745.78
ORD101828,CUST01193,2024-01-05,Beauty,Sunscreen SPF50,,Credit Card,1,1421.33,15,1208.13
ORD101639,CUST00699,2023-07-20,Sports,Yoga Mat,South,Net Banking,1,1776.48,20,1421.18
ORD103864,CUST00341,2023-08-25,Beauty,Lip Balm Set,Central,Credit Card,1,448.77,5,426.33
ORD107937,CUST00834,2023-11-13,Fashion,Denim Jacket,,Cash on Delivery,1,1549.23,5,1471.77
ORD103420,CUST00432,2024-11-09,Electronics,Smartwatch,North,UPI,2,3857.45,5,7329.16
ORD103767,CUST00210,2024-03-23,Home & Kitchen,Storage Organizer,East,Credit Card,2,1070.61,30,1498.85
ORD105906,CUST00248,2023-09-07,Home & Kitchen,Storage Organizer,South,UPI,2,1853.65,0,3707.3
ORD108346,CUST00659,2023-08-01,Home & Kitchen,LED Lamp,South,Cash on Delivery,1,1743.71,0,1743.71
ORD105596,CUST00125,2023-03-02,Home & Kitchen,Water Bottle,West,UPI,2,1160.17,20,1856.27
ORD103149,CUST00338,2024-01-04,Sports,Cycling Gloves,North,Net Banking,1,2813.31,0,2813.31
ORD108514,CUST00308,2023-04-23,Sports,Cycling Gloves,West,Net Banking,1,2826.73,0,2826.73
ORD105806,CUST00758,2024-05-01,Sports,Yoga Mat,East,Credit Card,1,1665.13,0,1665.13
ORD104110,CUST00326,2024-09-02,Home & Kitchen,Water Bottle,East,Credit Card,1,706.1,5,670.8
ORD101798,CUST00834,2023-02-25,Electronics,Power Bank,North,Credit Card,1,3673.41,10,3306.07
ORD108274,CUST00419,2023-11-14,Electronics,Power Bank,East,Debit Card,1,4241.06,5,4029.01
ORD101988,CUST00905,2024-09-23,Fashion,Cotton T-Shirt,South,UPI,1,1388.27,10,1249.44
ORD101574,CUST00965,2024-12-08,Sports,Cricket Bat,East,UPI,1,1081.01,15,918.86
ORD102723,CUST00128,2024-05-22,Electronics,Smartwatch,South,UPI,2,3551.2,0,7102.4
ORD102058,CUST00404,2024-09-20,Books,Business Biography,West,Net Banking,2,591.04,0,1182.08
ORD104509,CUST00965,2024-09-12,Fashion,Denim Jacket,Central,Credit Card,1,1987.57,10,1788.81
ORD104261,CUST00595,2024-07-04,Fashion,Cotton T-Shirt,South,Credit Card,2,969.56,15,1648.25
ORD106251,CUST00978,2024-09-09,Fashion,Leather Wallet,North,Cash on Delivery,1,1990.47,0,1990.47
ORD100614,CUST00087,2023-11-19,Fashion,Running Shoes,South,Net Banking,1,1803.56,5,1713.38
ORD103093,CUST00507,2024-01-15,Books,Fiction Novel,North,UPI,2,292.81,0,585.62
ORD103450,CUST00757,2023-04-27,Home & Kitchen,Storage Organizer,Central,Credit Card,1,302.9,10,272.61
ORD101014,CUST01073,2024-02-01,Fashion,Denim Jacket,Central,Credit Card,2,1183.72,5,2249.07
ORD101716,CUST00459,2024-02-23,Home & Kitchen,LED Lamp,South,UPI,1,1945.66,10,1751.09
ORD103905,CUST00479,2023-11-19,Beauty,Hair Dryer,East,Credit Card,1,400.18,0,400.18
ORD107500,CUST00513,2023-08-24,Fashion,Cotton T-Shirt,East,Credit Card,1,1645.34,0,1645.34
ORD103418,CUST00449,2024-07-20,Books,Fiction Novel,West,Net Banking,1,710.49,5,674.97
ORD104651,CUST01044,2023-09-17,Beauty,Face Serum,East,Credit Card,1,464.65,0,464.65
ORD103100,CUST00265,2024-03-04,Electronics,Smartwatch,East,UPI,1,1204.36,15,1023.71
ORD106464,CUST00091,2023-09-25,books,Self-Help Book,East,Credit Card,3,440.83,0,1322.49
ORD108940,CUST00303,2024-06-23,Electronics,Wireless Earbuds,East,Debit Card,1,1130.55,0,1130.55
ORD101211,CUST00248,2023-06-20,Home & Kitchen,Non-stick Pan,West,Credit Card,1,1046.04,10,941.44
ORD108920,CUST00970,2023-10-27,Electronics,Wireless Earbuds,South,UPI,1,2074.16,0,2074.16
ORD107086,CUST00772,2023-08-04,Books,Cookbook,South,Debit Card,1,719.17,10,647.25
ORD105187,CUST00887,2024-04-04,Beauty,Hair Dryer,Central,Cash on Delivery,1,246.71,0,246.71
ORD104270,CUST00931,2024-04-10,Books,Business Biography,Central,Credit Card,2,538.95,10,970.11
ORD102814,CUST00861,2024-10-14,Electronics,Laptop Sleeve,East,Credit Card,1,3425.74,20,2740.59
ORD101080,CUST00417,2024-10-23,Fashion,Cotton T-Shirt,North,Debit Card,1,1786.0,10,1607.4
ORD101607,CUST00091,2023-07-21,Electronics,Power Bank,South,Credit Card,1,1020.31,10,918.28
ORD108336,CUST00143,2023-07-03,Electronics,Wireless Earbuds,South,Debit Card,1,3268.14,15,2777.92
ORD104241,CUST01019,2024-02-14,Beauty,Hair Dryer,West,Credit Card,1,267.22,0,267.22
ORD100090,CUST01055,2024-11-25,Electronics,Bluetooth Speaker,North,Credit Card,1,1617.16,0,1617.16
ORD107846,CUST00734,2024-05-11,Home & Kitchen,Cushion Cover,Central,UPI,2,1659.78,20,2655.65
ORD107930,CUST00560,2024-06-01,Electronics,Smartwatch,Central,Credit Card,1,3337.52,0,3337.52
ORD100682,CUST01074,2023-12-14,Home & Kitchen,Storage Organizer,North,Debit Card,1,1830.53,0,1830.53
ORD108041,CUST00270,2024-03-28,Sports,Resistance Bands,East,Debit Card,1,714.91,10,643.42
ORD108285,CUST01083,2023-09-25,Fashion,Denim Jacket,East,UPI,1,875.32,0,875.32
ORD106052,CUST00256,2024-07-25,Electronics,Power Bank,South,UPI,1,2067.06,20,1653.65
ORD106005,CUST01057,2024-04-17,Sports,Cycling Gloves,North,Debit Card,2,1584.34,10,2851.81
ORD105131,CUST00904,2024-10-05,Books,Business Biography,South,Debit Card,2,778.96,20,1246.34
ORD101400,CUST00128,2024-02-17,Sports,Cricket Bat,North,UPI,1,2935.69,0,2935.69
ORD107255,CUST00322,2024-09-19,Electronics,Power Bank,North,UPI,3,1434.82,0,4304.46
ORD102262,CUST00128,2024-03-16,Sports,Yoga Mat,East,Credit Card,1,2307.01,0,2307.01
ORD103245,CUST00212,2024-03-02,Fashion,Running Shoes,South,Debit Card,3,499.0,5,1422.15
ORD100853,CUST01158,2024-04-27,Fashion,Leather Wallet,East,Debit Card,2,2043.89,0,4087.78
ORD107843,CUST00147,2023-10-26,Fashion,Denim Jacket,North,Net Banking,1,2220.63,0,2220.63
ORD102274,CUST00931,2024-02-08,Beauty,Perfume,North,Cash on Delivery,1,894.78,30,626.35
ORD107040,CUST00423,2024-05-10,Fashion,Running Shoes,North,Debit Card,1,2399.32,5,2279.35
ORD107562,CUST00211,2024-09-29,Sports,Resistance Bands,North,Debit Card,2,1963.14,10,3533.65
ORD104497,CUST00220,2023-08-15,Electronics,Power Bank,North,Debit Card,3,1471.89,10,3974.1
ORD107572,CUST00381,2024-11-28,Fashion,Running Shoes,Central,Credit Card,1,659.91,0,659.91
ORD101103,CUST01074,2023-12-05,Books,Cookbook,South,Credit Card,2,207.03,15,351.95
ORD100084,CUST00580,2023-09-03,Beauty,Perfume,North,Debit Card,2,1303.2,0,2606.4
ORD105952,CUST00136,2023-10-21,Home & Kitchen,Cushion Cover,West,Debit Card,1,1439.15,5,1367.19
ORD104210,CUST00987,2024-03-16,Fashion,Cotton T-Shirt,South,UPI,2,477.16,15,811.17
ORD106814,CUST00199,2024-09-19,Books,Kids Storybook,East,Credit Card,2,476.3,15,809.71
ORD105681,CUST00259,2024-03-09,Beauty,Sunscreen SPF50,South,Debit Card,1,520.02,5,494.02
ORD103440,CUST00114,2023-07-03,Fashion,Sunglasses,East,Credit Card,1,1505.82,0,1505.82
ORD101567,CUST01175,2024-10-27,Fashion,Denim Jacket,South,Net Banking,1,1242.35,0,1242.35
ORD107033,CUST00904,2024-06-11,Electronics,Wireless Earbuds,North,Net Banking,2,3799.71,10,6839.48
ORD105597,CUST00724,2024-06-15,Sports,Cycling Gloves,South,Debit Card,1,1125.04,0,1125.04
ORD101660,CUST00199,2024-09-30,Sports,Cycling Gloves,South,Debit Card,1,1057.43,0,1057.43
ORD103764,CUST00117,2024-09-13,Home & Kitchen,Cushion Cover,East,UPI,1,1327.32,5,1260.95
ORD103584,CUST00640,2024-07-24,Home & Kitchen,Storage Organizer,West,Net Banking,2,1066.98,15,1813.87
ORD106951,CUST00656,2023-09-14,Beauty,Lip Balm Set,East,Debit Card,1,357.67,0,357.67
ORD102874,CUST00511,2024-09-29,Beauty,Sunscreen SPF50,South,Debit Card,1,1036.72,0,1036.72
ORD102884,CUST00736,2023-10-24,Home & Kitchen,LED Lamp,South,Debit Card,1,1431.05,5,1359.5
ORD103007,CUST00657,2024-01-14,Home & Kitchen,Cushion Cover,East,Cash on Delivery,2,957.85,0,1915.7
ORD101826,CUST00931,2024-06-16,Sports,Dumbbell Set,East,Debit Card,4,1825.73,15,6207.48
ORD105929,CUST00481,2024-11-10,Sports,Resistance Bands,East,Debit Card,1,588.78,10,529.9
ORD102640,CUST01008,2023-06-11,Beauty,Face Serum,East,Debit Card,1,1488.9,10,1340.01
ORD105701,CUST00030,2023-07-01,Fashion,Cotton T-Shirt,Central,Credit Card,1,1596.63,10,1436.97
ORD108535,CUST00915,2023-04-14,Sports,Resistance Bands,West,UPI,2,2264.58,0,4529.16
ORD106437,CUST00694,2024-06-11,Beauty,Hair Dryer,West,Credit Card,1,948.17,0,948.17
ORD106322,CUST00797,2024-04-09,Books,Self-Help Book,Central,Credit Card,1,352.32,0,352.32
ORD102707,CUST01192,2023-04-30,beauty,Lip Balm Set,East,UPI,1,939.07,5,892.12
ORD106158,CUST00916,2024-03-30,Beauty,Face Serum,South,Debit Card,2,1310.22,0,2620.44
ORD107854,CUST00063,2024-12-01,Electronics,Laptop Sleeve,North,Debit Card,2,954.5,10,1718.1
ORD102213,CUST00154,2024-08-07,Home & Kitchen,Cushion Cover,North,UPI,2,908.33,30,1271.66
ORD101359,CUST01163,2024-04-19,Home & Kitchen,LED Lamp,West,Debit Card,1,1082.83,0,1082.83
ORD102107,CUST00401,2024-09-10,Electronics,Smartwatch,East,Credit Card,1,3040.64,5,2888.61
ORD104805,CUST00459,2024-07-18,Electronics,Smartwatch,West,Debit Card,1,2021.58,0,2021.58
ORD105974,CUST01138,2023-08-21,Sports,Cycling Gloves,Central,Debit Card,1,1634.61,0,1634.61
ORD106820,CUST01057,2024-04-07,Beauty,Perfume,East,UPI,1,1007.74,10,906.97
ORD102828,CUST00628,2023-05-06,electronics,Power Bank,East,Credit Card,1,1661.25,0,1661.25
ORD100424,CUST00571,2023-09-05,Fashion,Cotton T-Shirt,East,UPI,1,659.96,10,593.96
ORD100292,CUST00542,2023-07-17,Electronics,Power Bank,Central,Net Banking,1,3019.88,5,2868.89
ORD101065,CUST00276,2024-09-22,Sports,Dumbbell Set,Central,Net Banking,1,971.83,20,777.46
ORD107017,CUST00186,2024-10-05,fashion,Sunglasses,West,Debit Card,1,1887.35,0,1887.35
ORD105734,CUST00128,2024-02-29,Electronics,Wireless Earbuds,South,Credit Card,1,3101.76,5,2946.67
ORD105108,CUST00461,2024-09-05,Beauty,Face Serum,North,Net Banking,2,267.02,0,534.04
ORD107196,CUST00418,2024-10-19,Sports,Resistance Bands,Central,Debit Card,1,1065.88,0,1065.88
ORD100937,CUST00909,2024-02-24,Home & Kitchen,LED Lamp,West,Credit Card,1,1422.77,0,1422.77
ORD103779,CUST00125,2023-02-04,Fashion,Sunglasses,West,UPI,1,736.29,0,736.29
ORD106893,CUST00128,2024-09-05,Electronics,Bluetooth Speaker,Central,UPI,1,2795.22,15,2375.94
ORD108446,CUST00886,2024-11-17,Home & Kitchen,Storage Organizer,North,Credit Card,1,1372.2,0,1372.2
ORD103011,CUST00892,2024-06-22,Home & Kitchen,LED Lamp,South,Cash on Delivery,1,466.7,0,466.7
ORD106280,CUST00638,2023-07-23,Fashion,Leather Wallet,East,Credit Card,1,1946.44,0,1946.44
ORD103266,CUST00546,2023-09-20,Home & Kitchen,Water Bottle,North,Credit Card,1,718.31,5,682.39
ORD107346,CUST00042,2024-11-04,Fashion,Denim Jacket,South,Debit Card,2,1377.38,0,2754.76
ORD107723,CUST00765,2024-05-03,Fashion,Denim Jacket,North,Cash on Delivery,2,488.3,0,976.6
ORD104819,CUST00754,2024-02-25,Electronics,Wireless Earbuds,East,Debit Card,1,4215.28,5,4004.52
ORD100969,CUST00282,2024-08-05,Fashion,Denim Jacket,North,Credit Card,1,1310.15,0,1310.15
ORD100496,CUST00504,2024-12-26,Home & Kitchen,Water Bottle,Central,Credit Card,2,1727.27,5,3281.81
ORD105835,CUST00970,2023-05-01,Beauty,Face Serum,North,Credit Card,2,685.51,0,1371.02
ORD108529,CUST00108,2024-05-12,Home & Kitchen,Non-stick Pan,South,Debit Card,2,1907.28,0,3814.56
ORD104704,CUST00332,2023-07-26,Fashion,Leather Wallet,North,Credit Card,2,1910.55,5,3630.04
ORD101148,CUST00990,2024-06-06,Fashion,Denim Jacket,East,Credit Card,1,2364.9,10,2128.41
ORD105809,CUST00300,2024-12-14,Sports,Cricket Bat,North,Credit Card,2,492.32,15,836.94
ORD101201,CUST00308,2023-03-16,Electronics,Smartwatch,East,Cash on Delivery,3,4023.21,20,9655.7
ORD105005,CUST00809,2024-11-22,Fashion,Sunglasses,North,UPI,2,1687.03,10,3036.65
ORD103968,CUST00375,2023-03-17,Sports,Yoga Mat,West,Credit Card,2,1822.12,0,3644.24
ORD102151,CUST00300,2024-10-26,Fashion,Denim Jacket,East,Credit Card,1,1262.2,0,1262.2
ORD107761,CUST00100,2023-12-06,Electronics,Wireless Earbuds,South,UPI,2,4054.76,0,8109.52
ORD102491,CUST00396,2024-03-25,Home & Kitchen,Non-stick Pan,West,Cash on Delivery,1,1360.46,10,1224.41
ORD104815,CUST00589,2024-08-23,Home & Kitchen,Water Bottle,East,UPI,2,1188.5,15,2020.45
ORD102824,CUST00336,2023-03-31,Fashion,Running Shoes,South,Credit Card,3,689.73,0,2069.19
ORD105665,CUST00594,2023-06-21,Sports,Cycling Gloves,North,Debit Card,3,1247.4,10,3367.98
ORD107038,CUST00114,2023-03-02,Beauty,Sunscreen SPF50,North,Credit Card,1,557.49,10,501.74
ORD102275,CUST00789,2024-10-29,Fashion,Running Shoes,West,Debit Card,1,1857.29,10,1671.56
ORD108626,CUST00270,2024-06-22,electronics,Power Bank,North,Debit Card,1,2024.06,0,2024.06
ORD108167,CUST00182,2024-12-06,Fashion,Sunglasses,North,UPI,1,781.93,20,625.54
ORD105395,CUST00378,2024-07-13,electronics,Smartwatch,West,Net Banking,1,3456.46,5,3283.64
ORD106270,CUST00002,2024-05-21,Beauty,Hair Dryer,,Cash on Delivery,1,742.71,0,742.71
ORD103755,CUST00815,2024-11-26,Electronics,Power Bank,Central,Debit Card,1,1739.08,0,1739.08
ORD107917,CUST00615,2024-08-12,Fashion,Leather Wallet,East,Credit Card,2,2303.36,5,4376.38
ORD107204,CUST00185,2024-11-05,Fashion,Cotton T-Shirt,Central,Credit Card,2,315.68,0,631.36
ORD103211,CUST00228,2024-04-06,Electronics,Smartwatch,East,UPI,1,976.27,30,683.39
ORD104308,CUST00671,2024-11-24,Electronics,Bluetooth Speaker,West,Debit Card,1,2575.52,0,2575.52
ORD104992,CUST00361,2024-09-08,Books,Fiction Novel,North,Cash on Delivery,1,696.49,10,626.84
ORD103540,CUST00115,2023-04-03,Books,Business Biography,South,Debit Card,1,424.77,10,382.29
ORD101941,CUST01075,2024-10-20,Home & Kitchen,Non-stick Pan,North,Net Banking,1,867.19,0,867.19
ORD103599,CUST00895,2023-12-18,Electronics,Bluetooth Speaker,Central,Debit Card,1,1349.48,0,1349.48
ORD105385,CUST00428,2023-05-10,Books,Kids Storybook,South,Credit Card,1,501.84,10,451.66
ORD104438,CUST00002,2024-04-02,Books,Kids Storybook,Central,UPI,1,183.73,10,165.36
ORD102597,CUST00482,2024-11-22,home & kitchen,Non-stick Pan,Central,Credit Card,1,1963.04,20,1570.43
ORD101410,CUST01140,2024-01-16,Electronics,Bluetooth Speaker,East,Cash on Delivery,2,2801.01,0,5602.02
ORD101214,CUST00128,2024-03-19,Sports,Cricket Bat,Central,UPI,1,1635.27,0,1635.27
ORD106439,CUST00128,2024-05-03,Fashion,Cotton T-Shirt,East,Net Banking,1,2167.18,10,1950.46
ORD104791,CUST00454,2024-04-04,Home & Kitchen,Cushion Cover,East,Cash on Delivery,1,1110.5,0,1110.5
ORD107596,CUST00078,2024-01-25,Fashion,Leather Wallet,South,Credit Card,1,1541.31,0,1541.31
ORD106217,CUST00399,2023-07-04,Fashion,Denim Jacket,North,Credit Card,2,328.22,0,656.44
ORD100605,CUST00545,2024-05-02,Home & Kitchen,Non-stick Pan,West,Credit Card,1,974.57,15,828.38
ORD108296,CUST00931,2024-01-29,Home & Kitchen,Non-stick Pan,West,Credit Card,1,799.08,5,759.13
ORD100645,CUST00489,2023-11-26,Fashion,Sunglasses,West,UPI,1,662.38,5,629.26
ORD105500,CUST00888,2024-12-03,Fashion,Cotton T-Shirt,West,Credit Card,1,1475.85,0,1475.85
ORD103088,CUST00564,2024-08-10,Fashion,Denim Jacket,Central,Credit Card,2,701.28,10,1262.3
ORD108283,CUST01116,2023-05-03,Home & Kitchen,LED Lamp,Central,Debit Card,1,201.18,0,201.18
ORD105208,CUST01046,2023-09-16,Beauty,Face Serum,Central,UPI,1,186.57,5,177.24
ORD102870,CUST00186,2024-11-15,Electronics,Laptop Sleeve,North,Debit Card,1,2379.62,10,2141.66
ORD105570,CUST00245,2024-02-08,Books,Cookbook,West,Credit Card,2,723.61,0,1447.22
ORD105837,CUST00270,2024-03-20,Home & Kitchen,Non-stick Pan,South,Credit Card,1,1459.47,0,1459.47
ORD108430,CUST00551,2024-08-06,Beauty,Face Serum,East,Debit Card,3,622.68,0,1868.04
ORD103140,CUST00250,2023-11-13,Beauty,Sunscreen SPF50,South,,1,176.83,20,141.46
ORD100938,CUST00109,2023-08-21,Fashion,Sunglasses,West,Credit Card,1,1686.88,0,-1686.88
ORD105520,CUST00418,2024-12-14,Home & Kitchen,Storage Organizer,East,Net Banking,1,1286.43,0,1286.43
ORD103229,CUST01150,2024-04-26,Sports,Cricket Bat,Central,Cash on Delivery,1,1065.41,0,1065.41
ORD101862,CUST00760,2024-07-11,Sports,Cycling Gloves,South,UPI,2,1438.46,0,2876.92
ORD101669,CUST00399,2023-10-16,Books,Business Biography,South,Debit Card,1,478.12,0,478.12
ORD108197,CUST00210,2024-02-25,Sports,Dumbbell Set,North,Debit Card,1,1186.81,0,1186.81
ORD104343,CUST00183,2024-10-26,Beauty,Face Serum,North,Credit Card,1,323.77,0,323.77
ORD103943,CUST00630,2024-07-15,Home & Kitchen,LED Lamp,Central,Debit Card,3,1849.87,0,5549.61
ORD103013,CUST00499,2024-05-12,Sports,Resistance Bands,North,Debit Card,1,2963.54,15,2519.01
ORD100018,CUST00983,2024-09-11,Electronics,Laptop Sleeve,South,Net Banking,1,2743.39,15,2331.88
ORD107574,CUST00560,2024-04-30,Sports,Cricket Bat,South,Net Banking,1,454.09,10,408.68
ORD106577,CUST00221,2024-01-12,Fashion,Leather Wallet,South,Debit Card,2,1293.84,5,2458.3
ORD105431,CUST00325,2024-09-18,Sports,Yoga Mat,Central,Net Banking,1,845.25,5,802.99
ORD108452,CUST00637,2024-05-13,beauty,Face Serum,South,Debit Card,3,333.76,15,851.09
ORD101570,CUST00509,2023-10-22,Sports,Dumbbell Set,North,Net Banking,1,1393.31,5,1323.64
ORD101743,CUST00248,2023-07-03,Electronics,Bluetooth Speaker,West,Net Banking,2,1244.05,0,2488.1
ORD107009,CUST00962,2024-08-22,Beauty,Perfume,South,UPI,2,786.06,5,1493.51
ORD100520,CUST00002,2024-03-19,Sports,Cycling Gloves,Central,Debit Card,2,2930.62,0,5861.24
ORD103937,CUST00083,2023-12-29,Fashion,Denim Jacket,North,Cash on Delivery,3,1433.99,0,4301.97
ORD101658,CUST00248,2023-08-10,Home & Kitchen,Non-stick Pan,Central,Cash on Delivery,1,492.26,20,393.81
ORD103472,CUST00456,2024-10-12,Electronics,Bluetooth Speaker,West,Net Banking,1,2828.59,0,2828.59
ORD102475,CUST00745,2023-05-22,Sports,Cycling Gloves,South,Net Banking,1,1590.9,10,1431.81
ORD103948,CUST00686,2024-06-24,Fashion,Denim Jacket,North,Cash on Delivery,1,525.15,5,498.89
ORD103934,CUST00745,2024-04-13,Books,Cookbook,West,UPI,1,276.29,15,234.85
ORD107153,CUST01089,2024-12-19,Electronics,Power Bank,South,Credit Card,1,4318.33,0,4318.33
ORD100763,CUST00560,2024-07-03,home & kitchen,Cushion Cover,West,Credit Card,1,519.47,15,441.55
ORD104703,CUST00128,2024-04-10,Home & Kitchen,LED Lamp,East,UPI,1,1244.56,5,1182.33
ORD107236,CUST00772,2023-05-16,Electronics,Bluetooth Speaker,South,Debit Card,2,1707.9,0,3415.8
ORD108027,CUST00736,2024-02-10,Electronics,Smartwatch,West,Debit Card,1,3934.19,10,3540.77
ORD104427,CUST00480,2024-11-18,Books,Fiction Novel,East,Net Banking,1,462.86,10,416.57
ORD107658,CUST00731,2023-05-25,Fashion,Denim Jacket,West,UPI,2,1197.17,10,2154.91
ORD107729,CUST01146,2023-05-18,Beauty,Sunscreen SPF50,West,Cash on Delivery,1,258.99,0,258.99
ORD101091,CUST01062,2023-11-13,Fashion,Denim Jacket,East,Credit Card,1,2243.41,0,2243.41
ORD103608,CUST01119,2024-06-02,Home & Kitchen,LED Lamp,North,UPI,1,1162.08,5,1103.98
ORD101101,CUST01026,2024-11-14,Home & Kitchen,Cushion Cover,West,UPI,1,1819.57,0,1819.57
ORD107379,CUST00525,2023-08-28,Sports,Cricket Bat,Central,UPI,1,1851.7,0,1851.7
ORD100958,CUST00749,2024-04-22,Electronics,Bluetooth Speaker,South,Net Banking,2,4343.35,0,8686.7
ORD100559,CUST00051,2024-02-22,Sports,Cricket Bat,East,Cash on Delivery,2,1287.24,0,2574.48
ORD106990,CUST00199,2024-10-16,Home & Kitchen,Storage Organizer,East,UPI,2,768.18,0,1536.36
ORD106834,CUST00081,2024-05-11,Beauty,Perfume,North,Credit Card,1,1329.35,10,1196.42
ORD101519,CUST00425,2023-06-28,Electronics,Wireless Earbuds,North,Credit Card,2,3743.58,0,7487.16
ORD108839,CUST00624,2024-10-29,Electronics,Laptop Sleeve,Central,Debit Card,1,2631.77,0,2631.77
ORD106128,CUST00199,2024-09-06,Electronics,Laptop Sleeve,Central,UPI,1,3727.84,10,3355.06
ORD102484,CUST00954,2024-11-23,Electronics,Wireless Earbuds,North,Debit Card,1,1789.96,5,1700.46
ORD106634,CUST00721,2023-07-19,Beauty,Perfume,South,Credit Card,1,657.3,0,657.3
ORD100366,CUST00939,2024-06-09,Fashion,Leather Wallet,South,Net Banking,2,1346.02,10,2422.84
ORD106193,CUST00222,2024-03-22,Electronics,Bluetooth Speaker,West,UPI,3,992.85,0,2978.55
ORD107531,CUST00904,2024-07-03,Home & Kitchen,Cushion Cover,East,Debit Card,1,1696.21,20,1356.97
ORD101948,CUST00988,2024-02-06,Fashion,Cotton T-Shirt,North,UPI,1,889.32,0,889.32
ORD100808,CUST01128,2024-02-12,Fashion,Running Shoes,West,UPI,2,2329.5,10,4193.1
ORD108203,CUST01052,2023-11-21,Beauty,Lip Balm Set,Central,Net Banking,2,1145.06,0,2290.12
ORD105013,CUST00455,2023-08-14,Fashion,Denim Jacket,North,Net Banking,2,1555.36,5,2955.18
ORD107685,CUST00536,2023-04-18,Beauty,Face Serum,North,UPI,1,870.41,0,870.41
ORD106783,CUST00967,2024-07-22,Electronics,Bluetooth Speaker,West,Credit Card,1,819.22,0,819.22
ORD108368,CUST00457,2024-08-30,Fashion,Sunglasses,East,Credit Card,1,1003.13,0,1003.13
ORD102569,CUST00640,2024-09-18,Fashion,Denim Jacket,East,UPI,1,2417.22,10,2175.5
ORD103520,CUST01087,2024-02-03,Beauty,Perfume,North,Cash on Delivery,1,1469.4,30,1028.58
ORD103282,CUST00626,2024-11-21,Home & Kitchen,LED Lamp,,UPI,1,839.8,5,797.81
ORD101664,CUST00248,2023-07-02,Beauty,Sunscreen SPF50,West,Debit Card,2,1416.02,15,2407.23
ORD105716,CUST00269,2023-05-24,Fashion,Sunglasses,East,UPI,2,1750.67,0,3501.34
ORD103370,CUST00329,2023-10-06,Beauty,Face Serum,South,Cash on Delivery,1,255.06,15,216.8
ORD106966,CUST01122,2024-09-16,Electronics,Power Bank,South,Cash on Delivery,1,1189.58,20,951.66
ORD108115,CUST01055,2024-11-15,Electronics,Power Bank,East,UPI,1,1618.37,0,1618.37
ORD106572,CUST00932,2023-05-08,Electronics,Wireless Earbuds,South,Net Banking,1,3648.94,10,3284.05
ORD107927,CUST00622,2024-12-26,Books,Business Biography,North,UPI,1,396.16,0,396.16
ORD104252,CUST00970,2023-08-20,Home & Kitchen,LED Lamp,Central,Credit Card,2,1452.46,0,2904.92
ORD106683,CUST00880,2023-08-24,Beauty,Perfume,West,Cash on Delivery,1,547.32,10,492.59
ORD103578,CUST00128,2024-02-17,Fashion,Leather Wallet,South,UPI,1,2163.0,15,1838.55
ORD105946,CUST00680,2024-04-24,Home & Kitchen,Water Bottle,Central,UPI,1,1733.82,5,1647.13
ORD106605,CUST00471,2024-03-31,Electronics,Bluetooth Speaker,South,UPI,1,1429.87,0,1429.87
ORD102624,CUST00154,2024-09-28,Beauty,Lip Balm Set,North,Credit Card,2,646.28,0,1292.56
ORD106399,CUST00352,2023-07-11,Books,Cookbook,South,UPI,1,657.14,0,657.14
ORD106101,CUST00731,2024-05-23,Books,Self-Help Book,North,Credit Card,1,157.64,0,157.64
ORD101006,CUST00221,2024-05-25,Fashion,Sunglasses,Central,UPI,1,1254.13,0,1254.13
ORD102049,CUST01159,2024-06-13,Books,Fiction Novel,North,Debit Card,1,363.7,5,345.52
ORD104011,CUST00910,2024-10-13,Electronics,Power Bank,Central,Cash on Delivery,3,1017.43,0,3052.29
ORD100269,CUST00128,2024-03-26,Home & Kitchen,LED Lamp,East,UPI,1,1410.3,0,1410.3
ORD101993,CUST00030,2023-12-17,Home & Kitchen,Storage Organizer,Central,,4,1090.1,0,4360.4
ORD100265,CUST00243,2024-10-28,Fashion,Sunglasses,South,Credit Card,2,2395.31,0,4790.62
ORD108048,CUST00471,2024-03-30,Books,Fiction Novel,East,Credit Card,1,588.68,0,588.68
ORD100290,CUST00459,2024-04-19,Beauty,Hair Dryer,North,Debit Card,1,687.68,5,653.3
ORD102912,CUST00288,2024-03-30,Fashion,Denim Jacket,East,UPI,1,1301.81,5,1236.72
ORD106542,CUST00521,2024-07-18,Fashion,Leather Wallet,South,Net Banking,1,551.75,0,551.75
ORD104141,CUST00310,2024-07-16,Books,Cookbook,South,UPI,2,294.06,20,470.5
ORD104257,CUST00248,2024-02-02,Home & Kitchen,Storage Organizer,East,UPI,1,1935.59,10,1742.03
ORD106871,CUST00360,2024-10-11,Sports,Cricket Bat,South,UPI,1,2230.56,0,2230.56
ORD100288,CUST00321,2024-11-01,Electronics,Laptop Sleeve,North,Credit Card,1,4257.81,10,3832.03
ORD107757,CUST00705,2024-04-16,Fashion,Denim Jacket,North,Credit Card,1,2450.95,5,2328.4
ORD103107,CUST00221,2024-02-21,Fashion,Cotton T-Shirt,South,Credit Card,2,579.09,15,984.45
ORD108069,CUST00793,2024-11-19,Fashion,Cotton T-Shirt,East,Debit Card,1,2320.38,0,2320.38
ORD106044,CUST00793,2024-09-17,Sports,Yoga Mat,North,Credit Card,1,277.59,20,222.07
ORD100575,CUST01026,2024-11-05,Home & Kitchen,Storage Organizer,North,UPI,1,1362.88,20,1090.3
ORD100850,CUST00211,2024-10-28,Fashion,Sunglasses,West,UPI,2,2387.98,0,4775.96
ORD107483,CUST00254,2024-07-31,Electronics,Bluetooth Speaker,North,UPI,1,1190.16,5,1130.65
ORD105350,CUST00931,2024-02-01,Electronics,Power Bank,West,UPI,1,3689.14,0,3689.14
ORD106229,CUST00745,2023-05-26,Electronics,Laptop Sleeve,South,Cash on Delivery,1,3743.09,15,3181.63
ORD103949,CUST00525,2023-06-25,Fashion,Running Shoes,West,Cash on Delivery,2,1587.62,0,3175.24
ORD107801,CUST00297,2023-08-29,Beauty,Sunscreen SPF50,South,Net Banking,1,992.81,20,794.25
ORD101843,CUST01010,2024-01-20,Electronics,Wireless Earbuds,West,UPI,1,4022.41,5,3821.29
ORD101848,CUST00772,2023-06-19,Fashion,Running Shoes,West,UPI,3,2081.07,0,6243.21
ORD103947,CUST00410,2024-01-19,Electronics,Bluetooth Speaker,West,UPI,1,1669.11,5,1585.65
ORD101694,CUST01048,2023-04-06,Fashion,Cotton T-Shirt,East,Credit Card,1,422.2,5,401.09
ORD104181,CUST00216,2024-05-07,Electronics,Wireless Earbuds,,UPI,1,1269.84,20,1015.87
ORD106369,CUST01135,2024-12-03,Electronics,Smartwatch,West,Net Banking,1,1431.06,15,1216.4
ORD100233,CUST01008,2023-06-01,Beauty,Lip Balm Set,North,Debit Card,1,397.66,0,397.66
ORD102647,CUST00580,2023-09-19,Beauty,Sunscreen SPF50,Central,UPI,4,918.85,0,3675.4
ORD101711,CUST00970,2024-01-19,Home & Kitchen,Cushion Cover,North,Net Banking,1,1651.51,0,1651.51
ORD108374,CUST00395,2024-01-13,Home & Kitchen,Storage Organizer,Central,Debit Card,2,1215.95,0,2431.9
ORD105096,CUST00013,2024-06-16,Sports,Dumbbell Set,East,Debit Card,1,1335.51,0,1335.51
ORD105737,CUST00828,2024-05-18,Sports,Cricket Bat,North,Debit Card,1,1148.53,0,1148.53
ORD105452,CUST00569,2023-07-28,Home & Kitchen,Non-stick Pan,West,Debit Card,2,1393.7,5,2648.03
ORD101462,CUST01074,2023-07-01,Fashion,Sunglasses,Central,Credit Card,1,510.51,0,510.51
ORD100049,CUST00737,2024-01-28,Electronics,Bluetooth Speaker,South,Debit Card,1,2458.78,5,2335.84
ORD106673,CUST00308,2023-04-01,home & kitchen,Non-stick Pan,Central,Credit Card,1,264.88,15,225.15
ORD105354,CUST00593,2023-08-07,Home & Kitchen,Storage Organizer,Central,Credit Card,2,1890.71,20,3025.14
ORD106004,CUST00561,2024-07-20,Fashion,Denim Jacket,East,Credit Card,2,1395.65,0,2791.3
ORD107790,CUST00478,2024-07-15,Books,Self-Help Book,East,UPI,2,675.31,10,1215.56
ORD108298,CUST00177,2024-12-08,Electronics,Laptop Sleeve,Central,Debit Card,3,874.5,0,2623.5
ORD100443,CUST00731,2023-08-16,Electronics,Smartwatch,East,Credit Card,1,4240.76,0,4240.76
ORD107656,CUST00902,2024-02-02,Electronics,Power Bank,South,Credit Card,1,3187.22,0,3187.22
ORD104742,CUST00128,2024-11-07,Sports,Yoga Mat,Central,Debit Card,2,412.74,10,742.93
ORD107180,CUST00379,2024-06-17,Electronics,Laptop Sleeve,Central,UPI,2,2141.69,10,3855.04
ORD100726,CUST00902,2024-06-12,Electronics,Smartwatch,North,UPI,2,3192.5,0,6385.0
ORD102238,CUST00071,2024-11-10,Home & Kitchen,Cushion Cover,West,Debit Card,1,1326.9,0,1326.9
ORD107932,CUST00288,2024-02-19,Fashion,Sunglasses,South,Net Banking,1,602.93,15,512.49
ORD102330,CUST00385,2024-04-10,Beauty,Lip Balm Set,Central,UPI,2,962.02,0,1924.04
ORD104125,CUST01180,2023-07-25,Beauty,Face Serum,West,UPI,1,981.83,0,981.83
ORD100169,CUST00128,2024-03-05,Fashion,Sunglasses,West,Credit Card,3,965.45,0,2896.35
ORD101001,CUST00500,2023-10-11,Home & Kitchen,Non-stick Pan,South,Debit Card,1,245.03,0,245.03
ORD103252,CUST01078,2024-09-15,Beauty,Lip Balm Set,North,Cash on Delivery,1,1313.61,10,1182.25
ORD102148,CUST00079,2024-01-07,Beauty,Lip Balm Set,Central,UPI,1,1190.74,10,1071.67
ORD100197,CUST00969,2024-10-01,Home & Kitchen,Storage Organizer,East,Net Banking,1,939.54,20,751.63
ORD106122,CUST00761,2024-05-11,electronics,Laptop Sleeve,Central,Debit Card,2,1551.27,0,3102.54
ORD103793,CUST00071,2024-09-19,Fashion,Leather Wallet,West,UPI,1,1174.28,0,1174.28
ORD100647,CUST00120,2024-12-04,Electronics,Laptop Sleeve,East,UPI,1,1906.35,10,1715.72
ORD104140,CUST00525,2023-07-30,Sports,Cycling Gloves,Central,Credit Card,1,1385.7,10,1247.13
ORD102758,CUST00736,2023-08-03,Electronics,Smartwatch,West,UPI,1,1922.81,0,1922.81
ORD108565,CUST00793,2024-08-21,Electronics,Wireless Earbuds,Central,Cash on Delivery,1,1681.24,0,1681.24
ORD108758,CUST00002,2024-11-06,Sports,Yoga Mat,North,Debit Card,1,1817.99,10,1636.19
ORD103485,CUST00739,2023-04-28,Beauty,Perfume,North,UPI,1,705.96,5,670.66
ORD101155,CUST01076,2024-03-10,Home & Kitchen,Storage Organizer,South,Credit Card,1,927.87,0,927.87
ORD104135,CUST00270,2024-03-17,Electronics,Bluetooth Speaker,West,Cash on Delivery,1,2960.09,0,2960.09
ORD100973,CUST00962,2024-09-21,Electronics,Bluetooth Speaker,East,Credit Card,1,833.32,0,833.32
ORD103287,CUST00221,2024-04-18,Electronics,Smartwatch,North,Net Banking,2,3269.2,5,6211.48
ORD107151,CUST01168,2023-11-14,Home & Kitchen,Water Bottle,North,UPI,2,1065.76,0,2131.52
ORD103638,CUST00263,2023-12-16,Electronics,Wireless Earbuds,South,Debit Card,1,4124.05,0,4124.05
ORD105882,CUST00784,2024-06-21,fashion,Denim Jacket,West,UPI,1,2049.98,0,2049.98
ORD105594,CUST00221,2023-05-23,Books,Self-Help Book,East,UPI,2,716.7,15,1218.39
ORD106600,CUST00210,2024-07-18,Beauty,Sunscreen SPF50,West,Credit Card,1,726.0,0,726.0
ORD102308,CUST00068,2024-03-24,Home & Kitchen,Non-stick Pan,Central,Cash on Delivery,1,1438.56,0,1438.56
ORD106031,CUST00515,2024-07-26,Beauty,Perfume,South,Credit Card,1,367.44,20,293.95
ORD102044,CUST00410,2023-04-02,Home & Kitchen,Water Bottle,West,Debit Card,1,1280.01,5,1216.01
ORD104372,CUST00227,2024-06-20,Home & Kitchen,Water Bottle,East,Net Banking,1,1623.7,20,1298.96
ORD104732,CUST00182,2024-11-18,Electronics,Bluetooth Speaker,West,Credit Card,3,1502.69,15,3831.86
ORD104718,CUST00660,2024-09-18,Fashion,Cotton T-Shirt,North,Credit Card,1,1031.95,10,928.76
ORD105955,CUST00916,2023-10-25,Home & Kitchen,Water Bottle,North,Debit Card,1,1020.42,0,1020.42
ORD100844,CUST00652,2024-09-23,Electronics,Laptop Sleeve,East,Debit Card,1,3678.54,5,3494.61
ORD104489,CUST00687,2024-06-14,Fashion,Running Shoes,North,Debit Card,2,1750.92,5,3326.75
ORD107913,CUST00857,2023-10-11,Electronics,Smartwatch,East,Credit Card,1,1012.06,0,1012.06
ORD100349,CUST00454,2024-03-31,Fashion,Denim Jacket,Central,Net Banking,1,1061.63,0,1061.63
ORD106668,CUST00491,2024-03-03,Electronics,Wireless Earbuds,South,Credit Card,1,3573.61,10,3216.25
ORD100784,CUST00571,2024-06-20,Home & Kitchen,LED Lamp,North,Cash on Delivery,1,1856.2,0,1856.2
ORD108239,CUST00580,2023-09-07,Fashion,Denim Jacket,South,Credit Card,3,1272.49,0,3817.47
ORD105751,CUST00228,2023-08-05,Home & Kitchen,LED Lamp,North,UPI,2,582.96,10,1049.33
ORD104018,CUST00962,2024-10-28,Beauty,Lip Balm Set,West,Credit Card,1,219.05,0,219.05
ORD101439,CUST00396,2024-08-05,Electronics,Bluetooth Speaker,Central,Debit Card,3,2544.06,0,7632.18
ORD106097,CUST00360,2024-10-11,Beauty,Hair Dryer,South,UPI,1,814.78,0,814.78
ORD105085,CUST00433,2024-09-03,Electronics,Laptop Sleeve,Central,Net Banking,3,2712.58,0,8137.74
ORD106885,CUST00795,2024-12-12,Electronics,Wireless Earbuds,South,Credit Card,1,3210.17,0,3210.17
ORD107865,CUST00284,2024-06-10,Sports,Dumbbell Set,West,Credit Card,1,2321.01,10,2088.91
ORD105406,CUST00120,2024-11-16,Home & Kitchen,Non-stick Pan,East,Debit Card,4,1686.78,5,6409.76
ORD108225,CUST01061,2023-12-27,Beauty,Perfume,North,UPI,2,1426.16,0,2852.32
ORD100787,CUST00110,2024-09-03,Home & Kitchen,Storage Organizer,Central,Net Banking,1,370.79,0,370.79
ORD107684,CUST00395,2024-07-09,Electronics,Wireless Earbuds,Central,Debit Card,1,1117.39,0,1117.39
ORD105139,CUST00272,2024-03-08,home & kitchen,Storage Organizer,East,Cash on Delivery,1,1810.47,15,1538.9
ORD104577,CUST00784,2024-10-21,Electronics,Laptop Sleeve,Central,UPI,2,1106.73,0,2213.46
ORD105339,CUST01007,2024-08-08,Electronics,Bluetooth Speaker,North,Net Banking,1,956.5,5,908.68
ORD108059,CUST00538,2024-05-10,Beauty,Perfume,North,Net Banking,3,189.38,0,-568.14
ORD102627,CUST00772,2023-05-02,Books,Kids Storybook,East,UPI,1,220.87,0,220.87
ORD106625,CUST00210,2024-03-09,Electronics,Power Bank,West,Debit Card,1,4060.74,0,4060.74
ORD100931,CUST00247,2024-10-24,Beauty,Perfume,North,UPI,2,346.41,0,692.82
ORD102404,CUST00560,2024-08-29,Fashion,Sunglasses,Central,Cash on Delivery,2,1283.26,10,2309.87
ORD101248,CUST00580,2023-07-05,Home & Kitchen,Water Bottle,East,UPI,2,919.93,5,1747.87
ORD104855,CUST00611,2024-03-28,Beauty,Hair Dryer,East,Credit Card,1,1483.65,5,1409.47
ORD100092,CUST00371,2024-11-12,Books,Kids Storybook,South,Credit Card,2,422.64,0,845.28
ORD105511,CUST00748,2023-05-23,Home & Kitchen,Non-stick Pan,West,UPI,1,281.9,5,267.8
ORD105437,CUST00265,2024-01-03,Electronics,Laptop Sleeve,West,Credit Card,1,2008.12,0,2008.12
ORD102851,CUST00087,2023-11-09,Beauty,Hair Dryer,West,Net Banking,1,478.86,15,407.03
ORD106423,CUST00568,2023-07-06,Home & Kitchen,Storage Organizer,East,Debit Card,1,406.06,10,365.45
ORD100764,CUST00571,2023-12-22,Electronics,Smartwatch,West,Cash on Delivery,1,2997.58,0,2997.58
ORD106748,CUST01189,2024-02-01,Electronics,Wireless Earbuds,East,Credit Card,1,2692.81,5,2558.17
ORD105469,CUST00992,2024-03-16,Sports,Resistance Bands,Central,Debit Card,2,475.15,15,807.76
ORD106047,CUST00847,2024-01-14,Electronics,Wireless Earbuds,West,Credit Card,2,3094.78,5,5880.08
ORD100257,CUST00328,2023-10-17,Home & Kitchen,Storage Organizer,South,Credit Card,2,1624.54,0,3249.08
ORD107240,CUST00475,2023-04-16,Electronics,Wireless Earbuds,North,Credit Card,1,4464.18,0,4464.18
ORD107651,CUST00404,2024-10-26,Sports,Resistance Bands,West,Credit Card,2,356.1,20,569.76
ORD108964,CUST00128,2024-03-27,Electronics,Power Bank,East,Credit Card,1,4435.37,0,4435.37
ORD105582,CUST00404,2024-09-25,Electronics,Power Bank,West,Credit Card,1,3629.13,20,2903.3
ORD108504,CUST00861,2024-11-30,Home & Kitchen,LED Lamp,Central,Net Banking,1,1786.75,10,1608.08
ORD104859,CUST01177,2023-06-29,Fashion,Denim Jacket,East,Debit Card,1,2473.64,10,2226.28
ORD102997,CUST01155,2023-03-22,Books,Cookbook,North,Credit Card,2,415.75,20,665.2
ORD101176,CUST00916,2024-09-02,Fashion,Leather Wallet,North,Credit Card,1,526.23,15,447.3
ORD103896,CUST00114,2023-05-29,Electronics,Power Bank,East,UPI,1,2870.07,0,2870.07
ORD103516,CUST00892,2024-06-29,Home & Kitchen,Storage Organizer,South,UPI,1,1129.3,20,903.44
ORD107955,CUST00221,2023-11-10,Electronics,Smartwatch,East,UPI,1,3492.69,0,3492.69
ORD107680,CUST00610,2024-03-01,Beauty,Sunscreen SPF50,East,Cash on Delivery,2,439.67,15,747.44
ORD107084,CUST00687,2024-04-08,Electronics,Bluetooth Speaker,East,Debit Card,2,3856.75,0,7713.5
ORD108583,CUST00818,2024-08-08,Fashion,Cotton T-Shirt,Central,UPI,1,1300.16,10,1170.14
ORD106015,CUST00067,2024-12-22,Home & Kitchen,LED Lamp,West,UPI,1,1844.39,0,1844.39
ORD101456,CUST00199,2024-12-11,Sports,Dumbbell Set,North,Credit Card,2,1621.0,0,3242.0
ORD101092,CUST01115,2024-09-12,Fashion,Leather Wallet,Central,Net Banking,2,1131.93,10,2037.47
ORD106118,CUST00302,2024-12-13,Fashion,Cotton T-Shirt,North,Credit Card,1,2443.86,15,2077.28
ORD103239,CUST00426,2024-02-05,Beauty,Perfume,North,Credit Card,1,314.84,0,314.84
ORD104441,CUST00406,2023-07-24,Home & Kitchen,Cushion Cover,Central,Net Banking,1,1716.22,10,1544.6
ORD102583,CUST00279,2024-04-13,Home & Kitchen,LED Lamp,South,Cash on Delivery,1,1669.19,15,1418.81
ORD107566,CUST00589,2024-11-24,Books,Fiction Novel,Central,Cash on Delivery,1,504.44,5,479.22
ORD101372,CUST00210,2024-06-16,Fashion,Denim Jacket,North,Net Banking,1,703.62,10,633.26
ORD100919,CUST00550,2024-01-22,Home & Kitchen,Cushion Cover,West,Credit Card,1,381.45,0,381.45
ORD104307,CUST00321,2024-10-28,Electronics,Bluetooth Speaker,South,UPI,1,921.77,0,921.77
ORD105699,CUST00344,2024-12-01,Home & Kitchen,Water Bottle,East,UPI,1,642.79,15,546.37
ORD100537,CUST01066,2024-11-12,Beauty,Perfume,Central,UPI,1,954.69,0,954.69
